// GENERATED by tools/fonts/gen_fonts.py — do not edit by hand.
// Noto Sans (Latin/symbols) + Noto Sans TC (CJK), SIL Open Font License 1.1;
// license texts in tools/fonts/src/OFL-*.txt, attribution in
// THIRD_PARTY_NOTICES.md. Rasterized 1-bit via FreeType FT_LOAD_TARGET_MONO.

#include "fonts_data.h"

namespace yat {
namespace fontdata {

// --- 48px regular: 390 glyphs, 46476 bitmap bytes, em=48, ascent 48/60
namespace {
const uint16_t kCp48r[] = {
    0x0020, 0x0021, 0x0022, 0x0023, 0x0024, 0x0025, 0x0026, 0x0027, 0x0028, 0x0029, 0x002A, 0x002B, 0x002C, 0x002D, 0x002E, 0x002F,
    0x0030, 0x0031, 0x0032, 0x0033, 0x0034, 0x0035, 0x0036, 0x0037, 0x0038, 0x0039, 0x003A, 0x003B, 0x003C, 0x003D, 0x003E, 0x003F,
    0x0040, 0x0041, 0x0042, 0x0043, 0x0044, 0x0045, 0x0046, 0x0047, 0x0048, 0x0049, 0x004A, 0x004B, 0x004C, 0x004D, 0x004E, 0x004F,
    0x0050, 0x0051, 0x0052, 0x0053, 0x0054, 0x0055, 0x0056, 0x0057, 0x0058, 0x0059, 0x005A, 0x005B, 0x005C, 0x005D, 0x005E, 0x005F,
    0x0060, 0x0061, 0x0062, 0x0063, 0x0064, 0x0065, 0x0066, 0x0067, 0x0068, 0x0069, 0x006A, 0x006B, 0x006C, 0x006D, 0x006E, 0x006F,
    0x0070, 0x0071, 0x0072, 0x0073, 0x0074, 0x0075, 0x0076, 0x0077, 0x0078, 0x0079, 0x007A, 0x007B, 0x007C, 0x007D, 0x007E, 0x00A2,
    0x00A3, 0x00A5, 0x00A7, 0x00A9, 0x00AB, 0x00AE, 0x00B0, 0x00B1, 0x00B6, 0x00B7, 0x00BB, 0x00C0, 0x00C1, 0x00C2, 0x00C3, 0x00C4,
    0x00C5, 0x00C6, 0x00C7, 0x00C8, 0x00C9, 0x00CA, 0x00CB, 0x00CC, 0x00CD, 0x00CE, 0x00CF, 0x00D1, 0x00D2, 0x00D3, 0x00D4, 0x00D5,
    0x00D6, 0x00D7, 0x00D8, 0x00D9, 0x00DA, 0x00DB, 0x00DC, 0x00DD, 0x00DF, 0x00E0, 0x00E1, 0x00E2, 0x00E3, 0x00E4, 0x00E5, 0x00E6,
    0x00E7, 0x00E8, 0x00E9, 0x00EA, 0x00EB, 0x00EC, 0x00ED, 0x00EE, 0x00EF, 0x00F1, 0x00F2, 0x00F3, 0x00F4, 0x00F5, 0x00F6, 0x00F7,
    0x00F8, 0x00F9, 0x00FA, 0x00FB, 0x00FC, 0x00FD, 0x00FF, 0x0394, 0x03A3, 0x03A9, 0x03BC, 0x2013, 0x2014, 0x2018, 0x2019, 0x201C,
    0x201D, 0x201E, 0x2020, 0x2021, 0x2022, 0x2026, 0x2030, 0x2039, 0x203A, 0x203B, 0x20AC, 0x2103, 0x2109, 0x2122, 0x2190, 0x2191,
    0x2192, 0x2193, 0x2194, 0x2248, 0x2260, 0x2264, 0x2265, 0x2460, 0x2461, 0x2462, 0x2463, 0x2464, 0x2465, 0x2466, 0x2467, 0x2468,
    0x2469, 0x246A, 0x246B, 0x246C, 0x246D, 0x246E, 0x246F, 0x2470, 0x2471, 0x2472, 0x2473, 0x2500, 0x2502, 0x250C, 0x2510, 0x2514,
    0x2518, 0x251C, 0x2524, 0x252C, 0x2534, 0x253C, 0x25A0, 0x25A1, 0x25B2, 0x25BC, 0x25C6, 0x25CB, 0x25CF, 0x2605, 0x2606, 0x26A0,
    0x2713, 0x3000, 0x3001, 0x3002, 0x3003, 0x3005, 0x3007, 0x3008, 0x3009, 0x300A, 0x300B, 0x300C, 0x300D, 0x300E, 0x300F, 0x3010,
    0x3011, 0x3014, 0x3015, 0x3016, 0x3017, 0x301C, 0x30FB, 0xFE30, 0xFE31, 0xFE32, 0xFE33, 0xFE34, 0xFE35, 0xFE36, 0xFE37, 0xFE38,
    0xFE39, 0xFE3A, 0xFE3B, 0xFE3C, 0xFE3D, 0xFE3E, 0xFE3F, 0xFE40, 0xFE41, 0xFE42, 0xFE43, 0xFE44, 0xFE45, 0xFE46, 0xFE47, 0xFE48,
    0xFE49, 0xFE4A, 0xFE4B, 0xFE4C, 0xFE4D, 0xFE4E, 0xFE4F, 0xFF01, 0xFF02, 0xFF03, 0xFF04, 0xFF05, 0xFF06, 0xFF07, 0xFF08, 0xFF09,
    0xFF0A, 0xFF0B, 0xFF0C, 0xFF0D, 0xFF0E, 0xFF0F, 0xFF10, 0xFF11, 0xFF12, 0xFF13, 0xFF14, 0xFF15, 0xFF16, 0xFF17, 0xFF18, 0xFF19,
    0xFF1A, 0xFF1B, 0xFF1C, 0xFF1D, 0xFF1E, 0xFF1F, 0xFF20, 0xFF21, 0xFF22, 0xFF23, 0xFF24, 0xFF25, 0xFF26, 0xFF27, 0xFF28, 0xFF29,
    0xFF2A, 0xFF2B, 0xFF2C, 0xFF2D, 0xFF2E, 0xFF2F, 0xFF30, 0xFF31, 0xFF32, 0xFF33, 0xFF34, 0xFF35, 0xFF36, 0xFF37, 0xFF38, 0xFF39,
    0xFF3A, 0xFF3B, 0xFF3C, 0xFF3D, 0xFF3E, 0xFF3F, 0xFF40, 0xFF41, 0xFF42, 0xFF43, 0xFF44, 0xFF45, 0xFF46, 0xFF47, 0xFF48, 0xFF49,
    0xFF4A, 0xFF4B, 0xFF4C, 0xFF4D, 0xFF4E, 0xFF4F, 0xFF50, 0xFF51, 0xFF52, 0xFF53, 0xFF54, 0xFF55, 0xFF56, 0xFF57, 0xFF58, 0xFF59,
    0xFF5A, 0xFF5B, 0xFF5C, 0xFF5D, 0xFF5E, 0xFFE5,
};
const uint32_t kOff48r[] = {
    0, 1, 35, 59, 195, 312, 487, 627, 639, 721, 803, 866,
    935, 947, 953, 959, 1061, 1166, 1234, 1339, 1444, 1580, 1682, 1787,
    1889, 1994, 2099, 2125, 2157, 2226, 2265, 2334, 2439, 2634, 2770, 2872,
    3012, 3148, 3250, 3352, 3492, 3628, 3696, 3782, 3918, 4020, 4190, 4326,
    4466, 4568, 4736, 4838, 4943, 5079, 5215, 5351, 5555, 5691, 5827, 5929,
    6011, 6113, 6195, 6261, 6270, 6286, 6364, 6472, 6550, 6658, 6736, 6844,
    6955, 7063, 7098, 7190, 7298, 7334, 7464, 7542, 7620, 7731, 7842, 7894,
    7972, 8036, 8114, 8192, 8322, 8400, 8511, 8589, 8671, 8719, 8801, 8819,
    8921, 9026, 9162, 9273, 9448, 9508, 9683, 9713, 9797, 9923, 9929, 9989,
    10173, 10357, 10541, 10717, 10893, 11061, 11231, 11415, 11553, 11691, 11829, 11961,
    12053, 12145, 12237, 12325, 12501, 12685, 12869, 13053, 13229, 13405, 13471, 13619,
    13803, 13987, 14171, 14347, 14531, 14642, 14753, 14864, 14975, 15080, 15185, 15302,
    15432, 15543, 15654, 15765, 15876, 15981, 16055, 16129, 16203, 16273, 16378, 16489,
    16600, 16711, 16816, 16921, 16987, 17071, 17182, 17293, 17404, 17509, 17653, 17791,
    17927, 18029, 18169, 18317, 18326, 18344, 18356, 18368, 18392, 18416, 18452, 18560,
    18668, 18692, 18716, 18961, 19001, 19041, 19216, 19356, 19584, 19806, 19891, 20023,
    20158, 20290, 20422, 20554, 20654, 20824, 21004, 21184, 21454, 21724, 21994, 22264,
    22534, 22804, 23074, 23344, 23614, 23884, 24154, 24424, 24694, 24964, 25234, 25504,
    25774, 26044, 26314, 26584, 26596, 26644, 26744, 26844, 26944, 27044, 27236, 27428,
    27578, 27728, 28016, 28206, 28396, 28630, 28864, 29146, 29404, 29662, 29914, 30166,
    30412, 30602, 30603, 30631, 30661, 30757, 30952, 31210, 31345, 31480, 31615, 31750,
    31812, 31874, 31970, 32066, 32156, 32246, 32338, 32430, 32520, 32610, 32688, 32708,
    32738, 32779, 32791, 32839, 32887, 32965, 33037, 33109, 33187, 33259, 33331, 33415,
    33505, 33631, 33757, 33859, 33967, 34042, 34117, 34185, 34253, 34385, 34513, 34585,
    34663, 34671, 34679, 34715, 34781, 34789, 34797, 34827, 34863, 34895, 35039, 35231,
    35416, 35564, 35580, 35672, 35764, 35949, 36119, 36151, 36171, 36178, 36448, 36596,
    36736, 36880, 37028, 37168, 37312, 37460, 37600, 37748, 37896, 37926, 38002, 38192,
    38262, 38452, 38563, 38778, 38918, 39058, 39206, 39346, 39451, 39556, 39704, 39844,
    39949, 40057, 40197, 40302, 40477, 40617, 40802, 40942, 41167, 41307, 41455, 41595,
    41739, 41879, 42089, 42229, 42369, 42509, 42599, 42869, 42959, 42971, 42983, 42995,
    43079, 43235, 43347, 43503, 43615, 43771, 43927, 44041, 44079, 44229, 44343, 44421,
    44583, 44664, 44776, 44928, 45080, 45161, 45245, 45381, 45462, 45566, 45696, 45800,
    45948, 46026, 46118, 46166, 46258, 46336,
};
const uint16_t kMidx48r[] = {
    0, 1, 2, 3, 4, 5, 6, 7, 8, 9, 10, 11, 12, 13, 14, 15,
    16, 17, 16, 16, 18, 19, 20, 21, 16, 16, 22, 23, 24, 25, 24, 26,
    27, 28, 29, 30, 31, 32, 33, 34, 35, 36, 37, 38, 33, 39, 40, 41,
    42, 43, 44, 45, 46, 47, 48, 49, 50, 51, 52, 53, 15, 54, 55, 56,
    57, 58, 59, 60, 61, 62, 63, 64, 65, 66, 67, 68, 69, 70, 71, 72,
    73, 64, 74, 75, 76, 71, 77, 78, 79, 80, 75, 81, 82, 83, 84, 85,
    86, 18, 87, 5, 88, 5, 89, 90, 91, 92, 88, 93, 93, 93, 94, 94,
    95, 96, 97, 98, 98, 98, 99, 100, 101, 102, 103, 104, 105, 105, 105, 106,
    106, 107, 108, 109, 109, 109, 110, 111, 112, 113, 113, 113, 114, 114, 115, 116,
    117, 118, 118, 118, 20, 119, 120, 121, 122, 123, 124, 124, 124, 125, 125, 126,
    127, 128, 128, 128, 123, 129, 130, 131, 52, 132, 133, 134, 135, 136, 136, 137,
    137, 138, 139, 139, 140, 141, 142, 143, 143, 144, 145, 146, 147, 148, 149, 150,
    149, 151, 149, 152, 153, 154, 155, 156, 156, 156, 156, 156, 156, 156, 156, 156,
    156, 156, 156, 156, 156, 156, 156, 156, 156, 156, 156, 157, 158, 159, 160, 161,
    162, 163, 164, 165, 166, 167, 168, 168, 169, 170, 171, 172, 172, 173, 173, 174,
    175, 176, 177, 178, 179, 180, 172, 181, 182, 183, 184, 185, 186, 187, 188, 189,
    190, 191, 192, 193, 194, 195, 196, 197, 198, 199, 200, 201, 202, 203, 204, 205,
    204, 203, 206, 207, 208, 209, 210, 211, 212, 213, 214, 215, 216, 217, 218, 219,
    220, 220, 221, 222, 223, 223, 224, 225, 226, 227, 228, 229, 230, 231, 232, 233,
    234, 153, 235, 236, 237, 156, 238, 239, 240, 241, 242, 243, 244, 239, 238, 245,
    246, 247, 248, 249, 250, 251, 252, 253, 254, 255, 256, 257, 258, 259, 260, 261,
    262, 263, 264, 265, 260, 266, 267, 268, 269, 270, 271, 272, 253, 273, 271, 260,
    260, 274, 156, 275, 276, 277, 278, 279, 280, 281, 282, 283, 284, 285, 286, 287,
    288, 289, 290, 291, 292, 293, 294, 295, 296, 279, 297, 298, 299, 300, 299, 301,
    302, 191, 158, 192, 195, 271,
};
const Metrics kMet48r[] = {
    {1,1,1,12,0,-1}, {6,34,1,13,3,-34}, {13,12,2,20,3,-34}, {29,34,4,31,1,-34},
    {22,39,3,27,3,-36}, {36,35,5,40,2,-35}, {32,35,4,35,3,-35}, {5,12,1,11,3,-34},
    {11,41,2,14,2,-34}, {11,41,2,14,1,-34}, {22,21,3,26,2,-36}, {23,23,3,27,2,-28},
    {7,12,1,13,2,-6}, {12,3,2,15,2,-14}, {6,6,1,13,3,-6}, {17,34,3,18,0,-34},
    {23,35,3,27,2,-35}, {13,34,2,27,4,-34}, {26,34,4,27,1,-34}, {22,34,3,27,3,-34},
    {22,35,3,27,3,-35}, {23,34,3,27,2,-34}, {6,26,1,13,3,-26}, {8,32,1,13,1,-26},
    {23,23,3,27,2,-29}, {22,13,3,27,3,-23}, {19,35,3,21,1,-35}, {37,39,5,43,3,-34},
    {31,34,4,31,0,-34}, {24,34,3,31,5,-34}, {26,35,4,30,3,-35}, {27,34,4,35,5,-34},
    {19,34,3,27,5,-34}, {19,34,3,25,5,-34}, {28,35,4,35,3,-35}, {26,34,4,36,5,-34},
    {12,34,2,16,2,-34}, {13,43,2,13,-4,-34}, {25,34,4,30,5,-34}, {34,34,5,44,5,-34},
    {27,34,4,36,5,-34}, {32,35,4,37,3,-35}, {22,34,3,29,5,-34}, {32,42,4,37,3,-35},
    {24,34,3,30,5,-34}, {22,35,3,26,2,-35}, {26,34,4,27,0,-34}, {27,34,4,35,4,-34},
    {29,34,4,29,0,-34}, {43,34,6,45,1,-34}, {28,34,4,28,0,-34}, {27,34,4,27,0,-34},
    {24,34,3,27,2,-34}, {11,41,2,16,4,-34}, {11,41,2,16,1,-34}, {24,22,3,27,2,-35},
    {21,3,3,21,0,4}, {10,8,2,13,2,-37}, {21,26,3,27,2,-26}, {23,36,3,30,4,-36},
    {18,26,3,23,3,-26}, {22,36,3,30,3,-36}, {22,26,3,27,3,-26}, {18,36,3,17,1,-36},
    {22,37,3,30,3,-26}, {22,36,3,30,4,-36}, {5,35,1,12,4,-35}, {12,46,2,12,-3,-35},
    {21,36,3,26,4,-36}, {4,36,1,12,4,-36}, {37,26,5,45,4,-26}, {22,26,3,30,4,-26},
    {23,26,3,29,3,-26}, {23,37,3,30,4,-26}, {15,26,2,20,4,-26}, {19,26,3,23,2,-26},
    {15,32,2,17,1,-32}, {24,26,3,24,0,-26}, {36,26,5,38,1,-26}, {24,26,3,25,1,-26},
    {24,37,3,24,0,-26}, {16,41,2,18,1,-34}, {4,48,1,26,11,-37}, {15,41,2,18,2,-34},
    {23,6,3,27,2,-20}, {19,34,3,27,4,-34}, {24,35,3,27,2,-35}, {18,37,3,25,3,-37},
    {21,20,3,24,2,-23}, {15,15,2,21,3,-35}, {23,28,3,27,2,-28}, {23,42,3,31,3,-37},
    {6,6,1,13,3,-20}, {31,46,4,31,0,-46}, {31,44,4,31,0,-44}, {31,42,4,31,0,-42},
    {39,34,5,42,0,-34}, {26,46,4,30,3,-35}, {19,46,3,27,5,-46}, {19,44,3,27,5,-44},
    {12,46,2,16,2,-46}, {13,46,2,16,2,-46}, {16,46,2,16,0,-46}, {14,44,2,16,1,-44},
    {27,44,4,36,5,-44}, {32,46,4,37,3,-46}, {32,44,4,37,3,-44}, {21,22,3,27,3,-28},
    {32,37,4,37,3,-36}, {27,46,4,35,4,-46}, {27,44,4,35,4,-44}, {27,46,4,27,0,-46},
    {24,37,3,30,4,-37}, {21,37,3,27,2,-37}, {21,35,3,27,2,-35}, {21,39,3,27,2,-39},
    {37,26,5,41,2,-26}, {18,37,3,23,3,-26}, {22,37,3,27,3,-37}, {10,37,2,12,0,-37},
    {9,37,2,12,4,-37}, {16,37,2,12,-2,-37}, {14,35,2,12,-1,-35}, {22,35,3,30,4,-35},
    {23,37,3,29,3,-37}, {23,35,3,29,3,-35}, {23,22,3,27,2,-28}, {23,28,3,29,3,-27},
    {22,37,3,30,4,-37}, {24,48,3,24,0,-37}, {24,46,3,24,0,-35}, {30,34,4,31,0,-34},
    {32,35,4,34,1,-35}, {25,37,4,30,4,-26}, {20,3,3,24,2,-14}, {44,3,6,48,2,-14},
    {7,12,1,8,1,-34}, {16,12,2,17,1,-34}, {17,12,3,20,1,-5}, {19,36,3,25,3,-36},
    {10,12,2,18,4,-23}, {32,6,4,38,3,-6}, {52,35,7,57,2,-35}, {11,20,2,15,2,-23},
    {34,35,5,48,7,-36}, {26,35,4,27,1,-35}, {44,38,6,48,2,-37}, {41,37,6,48,4,-37},
    {33,17,5,37,1,-35}, {44,22,6,48,2,-29}, {22,45,3,48,13,-41}, {22,44,3,48,13,-40},
    {36,20,5,48,6,-28}, {34,34,5,48,7,-35}, {37,36,5,48,5,-37}, {37,36,5,48,6,-37},
    {44,45,6,48,2,-41}, {48,2,6,48,0,-19}, {2,48,1,48,23,-42}, {25,25,4,48,23,-19},
    {25,25,4,48,0,-19}, {25,25,4,48,23,-42}, {25,25,4,48,0,-42}, {25,48,4,48,23,-42},
    {25,48,4,48,0,-42}, {48,25,6,48,0,-19}, {48,25,6,48,0,-42}, {48,48,6,48,0,-42},
    {38,38,5,48,5,-37}, {46,39,6,48,1,-40}, {46,39,6,48,1,-36}, {46,47,6,48,1,-42},
    {44,43,6,48,2,-40}, {44,42,6,48,2,-39}, {44,41,6,48,2,-40}, {33,38,5,33,0,-37},
    {1,1,1,48,0,-1}, {14,14,2,48,17,-25}, {14,15,2,48,17,-26}, {26,24,4,48,11,-30},
    {35,39,5,48,5,-38}, {18,45,3,48,28,-41}, {18,45,3,48,2,-41}, {21,45,3,48,25,-41},
    {21,45,3,48,2,-41}, {15,31,2,48,31,-41}, {15,31,2,48,2,-27}, {17,32,3,48,29,-41},
    {17,32,3,48,2,-28}, {14,45,2,48,32,-41}, {14,45,2,48,2,-41}, {12,46,2,48,34,-41},
    {12,46,2,48,2,-41}, {16,45,2,48,30,-41}, {16,45,2,48,2,-41}, {44,13,6,48,2,-25},
    {10,10,2,48,19,-23}, {6,30,1,48,21,-33}, {2,41,1,48,23,-39}, {2,12,1,48,23,-24},
    {2,48,1,48,0,-42}, {5,48,1,48,2,-42}, {46,13,6,48,1,-9}, {46,12,6,48,1,-40},
    {46,12,6,48,1,-8}, {46,13,6,48,1,-41}, {44,14,6,48,2,-10}, {44,15,6,48,2,-41},
    {44,21,6,48,2,-17}, {44,21,6,48,2,-41}, {44,17,6,48,2,-14}, {44,18,6,48,2,-40},
    {34,15,5,48,13,-11}, {34,15,5,48,1,-40}, {31,17,4,48,15,-13}, {31,17,4,48,2,-41},
    {32,33,4,48,8,-34}, {31,32,4,48,9,-34}, {44,12,6,48,2,-8}, {44,13,6,48,2,-41},
    {28,2,4,48,10,-37}, {48,6,6,48,0,-41}, {48,11,6,48,0,-41}, {28,2,4,48,10,-1},
    {48,5,6,48,0,-1}, {6,36,1,48,21,-36}, {16,16,2,48,16,-42}, {32,36,4,48,8,-36},
    {26,48,4,48,11,-42}, {40,37,5,48,4,-37}, {31,37,4,48,9,-36}, {6,16,1,48,21,-42},
    {13,46,2,48,33,-41}, {13,46,2,48,2,-41}, {34,37,5,48,7,-37}, {9,16,2,48,19,-25},
    {34,4,5,48,7,-20}, {8,7,1,48,20,-22}, {26,37,4,48,11,-36}, {25,35,4,48,12,-35},
    {26,36,4,48,11,-36}, {26,37,4,48,10,-36}, {27,35,4,48,11,-35}, {25,36,4,48,11,-35},
    {25,37,4,48,12,-36}, {25,37,4,48,11,-36}, {8,30,1,48,20,-33}, {9,38,2,48,19,-33},
    {37,38,5,48,5,-37}, {34,14,5,48,7,-25}, {37,38,5,48,6,-37}, {23,37,3,48,12,-37},
    {40,43,5,48,4,-40}, {32,35,4,48,8,-35}, {27,35,4,48,12,-35}, {29,37,4,48,10,-36},
    {28,35,4,48,11,-35}, {24,35,3,48,13,-35}, {23,35,3,48,14,-35}, {31,37,4,48,8,-36},
    {28,35,4,48,10,-35}, {24,35,3,48,12,-35}, {21,36,3,48,12,-35}, {29,35,4,48,12,-35},
    {22,35,3,48,15,-35}, {34,35,5,48,7,-35}, {34,37,5,48,7,-36}, {26,35,4,48,12,-35},
    {35,45,5,48,7,-36}, {28,35,4,48,12,-35}, {28,37,4,48,10,-36}, {30,35,4,48,9,-35},
    {28,36,4,48,10,-35}, {46,35,6,48,1,-35}, {12,45,2,48,34,-41}, {12,45,2,48,2,-41},
    {15,6,2,48,17,-45}, {48,2,6,48,0,4}, {11,6,2,48,16,-45}, {24,28,3,48,12,-27},
    {26,39,4,48,12,-38}, {25,28,4,48,12,-27}, {26,39,4,48,10,-38}, {26,28,4,48,11,-27},
    {26,39,4,48,13,-39}, {27,39,4,48,11,-27}, {23,38,3,48,13,-38}, {6,38,1,48,21,-38},
    {19,50,3,48,11,-38}, {24,38,3,48,14,-38}, {16,39,2,48,21,-38}, {41,27,6,48,4,-27},
    {24,27,3,48,12,-27}, {28,28,4,48,10,-27}, {26,38,4,48,12,-27}, {26,38,4,48,10,-27},
    {21,27,3,48,16,-27}, {25,34,4,48,12,-33}, {23,27,3,48,12,-26}, {26,26,4,48,11,-26},
    {40,26,5,48,4,-26}, {26,37,4,48,11,-26}, {24,26,3,48,12,-26},
};
const uint8_t kBlob48r[] = {
    0x00, 0x7C, 0x7C, 0x7C, 0x7C, 0x7C, 0x7C, 0x7C, 0x7C, 0x7C, 0x7C, 0x7C, 0x78, 0x38, 0x38, 0x38, 0x38, 0x38, 0x38, 0x38, 0x38, 0x38, 0x38, 0x38,
    0x38, 0x00, 0x00, 0x00, 0x00, 0x38, 0x7C, 0xFC, 0xFC, 0x7C, 0x38, 0xF8, 0x78, 0xF8, 0x78, 0xF0, 0x78, 0xF0, 0x78, 0xF0, 0x78, 0x70, 0x78, 0x70,
    0x78, 0x70, 0x78, 0x70, 0x38, 0x70, 0x38, 0x70, 0x38, 0x70, 0x38, 0x00, 0x1C, 0x07, 0x80, 0x00, 0x1C, 0x07, 0x00, 0x00, 0x3C, 0x07, 0x00, 0x00,
    0x3C, 0x07, 0x00, 0x00, 0x3C, 0x0F, 0x00, 0x00, 0x38, 0x0F, 0x00, 0x00, 0x38, 0x0E, 0x00, 0x00, 0x78, 0x0E, 0x00, 0x00, 0x78, 0x0E, 0x00, 0x00,
    0x78, 0x1E, 0x00, 0x3F, 0xFF, 0xFF, 0xF8, 0x3F, 0xFF, 0xFF, 0xF8, 0x3F, 0xFF, 0xFF, 0xF8, 0x00, 0xF0, 0x1C, 0x00, 0x00, 0xF0, 0x3C, 0x00, 0x00,
    0xE0, 0x3C, 0x00, 0x00, 0xE0, 0x38, 0x00, 0x00, 0xE0, 0x38, 0x00, 0x01, 0xE0, 0x38, 0x00, 0x01, 0xE0, 0x78, 0x00, 0x01, 0xC0, 0x78, 0x00, 0xFF,
    0xFF, 0xFF, 0xE0, 0xFF, 0xFF, 0xFF, 0xE0, 0xFF, 0xFF, 0xFF, 0xE0, 0x03, 0xC0, 0xF0, 0x00, 0x03, 0x80, 0xF0, 0x00, 0x03, 0x80, 0xE0, 0x00, 0x03,
    0x80, 0xE0, 0x00, 0x07, 0x80, 0xE0, 0x00, 0x07, 0x81, 0xE0, 0x00, 0x07, 0x01, 0xE0, 0x00, 0x07, 0x01, 0xC0, 0x00, 0x07, 0x01, 0xC0, 0x00, 0x0F,
    0x01, 0xC0, 0x00, 0x00, 0x70, 0x00, 0x00, 0x70, 0x00, 0x00, 0x70, 0x00, 0x00, 0x70, 0x00, 0x00, 0x78, 0x00, 0x0F, 0xFF, 0xE0, 0x3F, 0xFF, 0xF8,
    0x7F, 0xFF, 0xF0, 0x7F, 0x71, 0xF0, 0xF8, 0x70, 0x30, 0xF0, 0x70, 0x00, 0xF0, 0x70, 0x00, 0xF0, 0x70, 0x00, 0xF0, 0x70, 0x00, 0xF8, 0x70, 0x00,
    0x7C, 0x70, 0x00, 0x7F, 0xF0, 0x00, 0x3F, 0xF0, 0x00, 0x1F, 0xFE, 0x00, 0x07, 0xFF, 0x80, 0x00, 0xFF, 0xE0, 0x00, 0x7F, 0xF0, 0x00, 0x73, 0xF8,
    0x00, 0x70, 0xF8, 0x00, 0x70, 0x7C, 0x00, 0x70, 0x3C, 0x00, 0x70, 0x3C, 0x00, 0x70, 0x7C, 0x00, 0x70, 0x78, 0xE0, 0x70, 0xF8, 0xFF, 0xFF, 0xF0,
    0xFF, 0xFF, 0xE0, 0xFF, 0xFF, 0x80, 0x1F, 0xFC, 0x00, 0x00, 0x70, 0x00, 0x00, 0x70, 0x00, 0x00, 0x70, 0x00, 0x00, 0x70, 0x00, 0x00, 0x70, 0x00,
    0x01, 0x00, 0x00, 0x00, 0x00, 0x0F, 0xE0, 0x00, 0x78, 0x00, 0x1F, 0xF0, 0x00, 0x70, 0x00, 0x3F, 0xF8, 0x00, 0xF0, 0x00, 0x7C, 0x78, 0x00, 0xE0,
    0x00, 0x78, 0x3C, 0x01, 0xE0, 0x00, 0x70, 0x3C, 0x01, 0xC0, 0x00, 0x70, 0x1C, 0x03, 0xC0, 0x00, 0xF0, 0x1C, 0x07, 0x80, 0x00, 0xF0, 0x1E, 0x07,
    0x80, 0x00, 0xF0, 0x1E, 0x0F, 0x00, 0x00, 0xF0, 0x1E, 0x0E, 0x00, 0x00, 0xF0, 0x1E, 0x1E, 0x00, 0x00, 0xF0, 0x1C, 0x1C, 0x00, 0x00, 0x70, 0x1C,
    0x3C, 0x7F, 0x00, 0x70, 0x3C, 0x78, 0xFF, 0x80, 0x78, 0x3C, 0x79, 0xFF, 0xC0, 0x7C, 0x78, 0xF3, 0xE3, 0xC0, 0x3F, 0xF8, 0xF3, 0xC1, 0xE0, 0x1F,
    0xF1, 0xE3, 0x81, 0xE0, 0x0F, 0xE1, 0xC3, 0x80, 0xE0, 0x00, 0x03, 0xC7, 0x80, 0xE0, 0x00, 0x03, 0x87, 0x80, 0xE0, 0x00, 0x07, 0x87, 0x80, 0xF0,
    0x00, 0x0F, 0x07, 0x80, 0xF0, 0x00, 0x0F, 0x07, 0x80, 0xF0, 0x00, 0x1E, 0x07, 0x80, 0xE0, 0x00, 0x1C, 0x03, 0x80, 0xE0, 0x00, 0x3C, 0x03, 0x80,
    0xE0, 0x00, 0x38, 0x03, 0xC1, 0xE0, 0x00, 0x78, 0x03, 0xC1, 0xE0, 0x00, 0x70, 0x01, 0xFF, 0xC0, 0x00, 0xF0, 0x01, 0xFF, 0xC0, 0x01, 0xE0, 0x00,
    0xFF, 0x80, 0x01, 0xE0, 0x00, 0x3E, 0x00, 0x00, 0x10, 0x00, 0x00, 0x01, 0xFF, 0x00, 0x00, 0x07, 0xFF, 0xC0, 0x00, 0x0F, 0xFF, 0xE0, 0x00, 0x1F,
    0x83, 0xE0, 0x00, 0x1F, 0x01, 0xF0, 0x00, 0x1E, 0x01, 0xF0, 0x00, 0x1E, 0x00, 0xF0, 0x00, 0x1E, 0x00, 0xF0, 0x00, 0x1E, 0x01, 0xF0, 0x00, 0x1E,
    0x01, 0xE0, 0x00, 0x1F, 0x03, 0xE0, 0x00, 0x0F, 0x87, 0xC0, 0x00, 0x07, 0xCF, 0x80, 0x00, 0x03, 0xFF, 0x00, 0x00, 0x03, 0xFE, 0x00, 0x00, 0x03,
    0xF8, 0x00, 0x00, 0x07, 0xFC, 0x00, 0x00, 0x1F, 0xFE, 0x00, 0x3C, 0x3F, 0x3F, 0x00, 0x7C, 0x7E, 0x0F, 0x80, 0x78, 0x7C, 0x07, 0xC0, 0x78, 0xF8,
    0x03, 0xE0, 0xF0, 0xF0, 0x01, 0xF0, 0xF0, 0xF0, 0x00, 0xF9, 0xF0, 0xF0, 0x00, 0x7F, 0xE0, 0xF0, 0x00, 0x3F, 0xC0, 0xF0, 0x00, 0x1F, 0xC0, 0xF8,
    0x00, 0x1F, 0x80, 0xF8, 0x00, 0x3F, 0xC0, 0x7C, 0x00, 0xFF, 0xE0, 0x7F, 0xDF, 0xF9, 0xF8, 0x3F, 0xFF, 0xF0, 0xF8, 0x0F, 0xFF, 0xC0, 0x7E, 0x03,
    0xFE, 0x00, 0x3F, 0xF8, 0xF8, 0xF0, 0xF0, 0xF0, 0x70, 0x70, 0x70, 0x70, 0x70, 0x70, 0x70, 0x01, 0xE0, 0x03, 0xC0, 0x07, 0x80, 0x0F, 0x80, 0x0F,
    0x00, 0x1F, 0x00, 0x1E, 0x00, 0x3E, 0x00, 0x3C, 0x00, 0x3C, 0x00, 0x7C, 0x00, 0x78, 0x00, 0x78, 0x00, 0x78, 0x00, 0xF8, 0x00, 0xF8, 0x00, 0xF0,
    0x00, 0xF0, 0x00, 0xF0, 0x00, 0xF0, 0x00, 0xF0, 0x00, 0xF0, 0x00, 0xF0, 0x00, 0xF0, 0x00, 0xF0, 0x00, 0xF0, 0x00, 0xF8, 0x00, 0xF8, 0x00, 0x78,
    0x00, 0x78, 0x00, 0x7C, 0x00, 0x7C, 0x00, 0x3C, 0x00, 0x3E, 0x00, 0x1E, 0x00, 0x1E, 0x00, 0x0F, 0x00, 0x0F, 0x00, 0x07, 0x80, 0x07, 0xC0, 0x03,
    0xE0, 0xF8, 0x00, 0x7C, 0x00, 0x3C, 0x00, 0x1E, 0x00, 0x1F, 0x00, 0x0F, 0x00, 0x0F, 0x80, 0x07, 0x80, 0x07, 0x80, 0x07, 0xC0, 0x03, 0xC0, 0x03,
    0xC0, 0x03, 0xE0, 0x03, 0xE0, 0x01, 0xE0, 0x01, 0xE0, 0x01, 0xE0, 0x01, 0xE0, 0x01, 0xE0, 0x01, 0xE0, 0x01, 0xE0, 0x01, 0xE0, 0x01, 0xE0, 0x01,
    0xE0, 0x01, 0xE0, 0x01, 0xE0, 0x01, 0xE0, 0x01, 0xE0, 0x03, 0xE0, 0x03, 0xC0, 0x03, 0xC0, 0x03, 0xC0, 0x07, 0xC0, 0x07, 0x80, 0x0F, 0x80, 0x0F,
    0x00, 0x0F, 0x00, 0x1E, 0x00, 0x3E, 0x00, 0x3C, 0x00, 0xF8, 0x00, 0x00, 0x78, 0x00, 0x00, 0x78, 0x00, 0x00, 0x78, 0x00, 0x00, 0x78, 0x00, 0x00,
    0x78, 0x00, 0x00, 0x78, 0x00, 0x00, 0x78, 0x00, 0xF0, 0x38, 0x3C, 0xFF, 0x39, 0xFC, 0xFF, 0xFF, 0xFC, 0xFF, 0xFF, 0xFC, 0x03, 0xFF, 0x00, 0x00,
    0xFC, 0x00, 0x01, 0xFE, 0x00, 0x01, 0xCF, 0x00, 0x03, 0xCF, 0x00, 0x07, 0xC7, 0x80, 0x0F, 0x87, 0xC0, 0x0F, 0x83, 0xE0, 0x1F, 0x03, 0xE0, 0x03,
    0x01, 0x80, 0x00, 0x38, 0x00, 0x00, 0x38, 0x00, 0x00, 0x38, 0x00, 0x00, 0x38, 0x00, 0x00, 0x38, 0x00, 0x00, 0x38, 0x00, 0x00, 0x38, 0x00, 0x00,
    0x38, 0x00, 0x00, 0x38, 0x00, 0x00, 0x38, 0x00, 0xFF, 0xFF, 0xFE, 0xFF, 0xFF, 0xFE, 0xFF, 0xFF, 0xFE, 0x00, 0x38, 0x00, 0x00, 0x38, 0x00, 0x00,
    0x38, 0x00, 0x00, 0x38, 0x00, 0x00, 0x38, 0x00, 0x00, 0x38, 0x00, 0x00, 0x38, 0x00, 0x00, 0x38, 0x00, 0x00, 0x38, 0x00, 0x00, 0x38, 0x00, 0x3E,
    0x3E, 0x3E, 0x3C, 0x3C, 0x7C, 0x78, 0x78, 0x78, 0x70, 0xF0, 0xE0, 0xFF, 0xF0, 0xFF, 0xF0, 0xFF, 0xF0, 0x38, 0x7C, 0xFC, 0xFC, 0x7C, 0x38, 0x00,
    0x07, 0x80, 0x00, 0x07, 0x80, 0x00, 0x0F, 0x00, 0x00, 0x0F, 0x00, 0x00, 0x0F, 0x00, 0x00, 0x1E, 0x00, 0x00, 0x1E, 0x00, 0x00, 0x3E, 0x00, 0x00,
    0x3C, 0x00, 0x00, 0x3C, 0x00, 0x00, 0x78, 0x00, 0x00, 0x78, 0x00, 0x00, 0x78, 0x00, 0x00, 0xF0, 0x00, 0x00, 0xF0, 0x00, 0x01, 0xF0, 0x00, 0x01,
    0xE0, 0x00, 0x01, 0xE0, 0x00, 0x03, 0xC0, 0x00, 0x03, 0xC0, 0x00, 0x03, 0xC0, 0x00, 0x07, 0x80, 0x00, 0x07, 0x80, 0x00, 0x0F, 0x80, 0x00, 0x0F,
    0x00, 0x00, 0x0F, 0x00, 0x00, 0x1E, 0x00, 0x00, 0x1E, 0x00, 0x00, 0x1E, 0x00, 0x00, 0x3C, 0x00, 0x00, 0x3C, 0x00, 0x00, 0x7C, 0x00, 0x00, 0x78,
    0x00, 0x00, 0xF8, 0x00, 0x00, 0x00, 0x10, 0x00, 0x01, 0xFF, 0x00, 0x07, 0xFF, 0xC0, 0x0F, 0xFF, 0xE0, 0x1F, 0x83, 0xF0, 0x1F, 0x00, 0xF8, 0x3E,
    0x00, 0x78, 0x3C, 0x00, 0x78, 0x7C, 0x00, 0x3C, 0x78, 0x00, 0x3C, 0x78, 0x00, 0x3C, 0x78, 0x00, 0x3E, 0x78, 0x00, 0x3E, 0x78, 0x00, 0x1E, 0xF8,
    0x00, 0x1E, 0xF8, 0x00, 0x1E, 0xF8, 0x00, 0x1E, 0xF8, 0x00, 0x1E, 0xF8, 0x00, 0x1E, 0xF8, 0x00, 0x1E, 0xF8, 0x00, 0x1E, 0x78, 0x00, 0x1E, 0x78,
    0x00, 0x1E, 0x78, 0x00, 0x3E, 0x78, 0x00, 0x3E, 0x78, 0x00, 0x3C, 0x7C, 0x00, 0x3C, 0x3C, 0x00, 0x7C, 0x3C, 0x00, 0x78, 0x1E, 0x00, 0xF8, 0x1F,
    0x01, 0xF0, 0x0F, 0xFF, 0xF0, 0x07, 0xFF, 0xE0, 0x03, 0xFF, 0x80, 0x00, 0xFE, 0x00, 0x00, 0x78, 0x00, 0xF8, 0x03, 0xF8, 0x07, 0xF8, 0x0F, 0xF8,
    0x1F, 0x78, 0x3E, 0x78, 0xFC, 0x78, 0x78, 0x78, 0x30, 0x78, 0x00, 0x78, 0x00, 0x78, 0x00, 0x78, 0x00, 0x78, 0x00, 0x78, 0x00, 0x78, 0x00, 0x78,
    0x00, 0x78, 0x00, 0x78, 0x00, 0x78, 0x00, 0x78, 0x00, 0x78, 0x00, 0x78, 0x00, 0x78, 0x00, 0x78, 0x00, 0x78, 0x00, 0x78, 0x00, 0x78, 0x00, 0x78,
    0x00, 0x78, 0x00, 0x78, 0x00, 0x78, 0x00, 0x78, 0x00, 0x78, 0x00, 0x10, 0x00, 0x03, 0xFF, 0x80, 0x0F, 0xFF, 0xC0, 0x3F, 0xFF, 0xE0, 0x7F, 0x03,
    0xF0, 0x7C, 0x00, 0xF8, 0x30, 0x00, 0xF8, 0x00, 0x00, 0x78, 0x00, 0x00, 0x78, 0x00, 0x00, 0x7C, 0x00, 0x00, 0x7C, 0x00, 0x00, 0x78, 0x00, 0x00,
    0x78, 0x00, 0x00, 0x78, 0x00, 0x00, 0xF8, 0x00, 0x00, 0xF0, 0x00, 0x01, 0xF0, 0x00, 0x03, 0xE0, 0x00, 0x07, 0xC0, 0x00, 0x0F, 0x80, 0x00, 0x1F,
    0x00, 0x00, 0x1F, 0x00, 0x00, 0x3E, 0x00, 0x00, 0x7C, 0x00, 0x00, 0xF8, 0x00, 0x01, 0xF0, 0x00, 0x03, 0xE0, 0x00, 0x07, 0xC0, 0x00, 0x0F, 0x80,
    0x00, 0x1F, 0x00, 0x00, 0x3E, 0x00, 0x00, 0x7C, 0x00, 0x00, 0xFF, 0xFF, 0xFE, 0xFF, 0xFF, 0xFE, 0xFF, 0xFF, 0xFE, 0x00, 0x10, 0x00, 0x07, 0xFF,
    0x80, 0x1F, 0xFF, 0xE0, 0x7F, 0xFF, 0xF0, 0xFE, 0x03, 0xF8, 0x78, 0x00, 0xF8, 0x20, 0x00, 0x78, 0x00, 0x00, 0x7C, 0x00, 0x00, 0x7C, 0x00, 0x00,
    0x7C, 0x00, 0x00, 0x78, 0x00, 0x00, 0x78, 0x00, 0x00, 0xF8, 0x00, 0x01, 0xF0, 0x00, 0x07, 0xE0, 0x07, 0xFF, 0x80, 0x07, 0xFE, 0x00, 0x07, 0xFF,
    0xC0, 0x00, 0x7F, 0xF0, 0x00, 0x01, 0xF8, 0x00, 0x00, 0x7C, 0x00, 0x00, 0x7C, 0x00, 0x00, 0x3C, 0x00, 0x00, 0x3E, 0x00, 0x00, 0x3E, 0x00, 0x00,
    0x3E, 0x00, 0x00, 0x3E, 0x00, 0x00, 0x3C, 0x00, 0x00, 0x7C, 0x80, 0x00, 0xFC, 0xE0, 0x01, 0xF8, 0xFF, 0xBF, 0xF0, 0xFF, 0xFF, 0xE0, 0x7F, 0xFF,
    0xC0, 0x0F, 0xFC, 0x00, 0x00, 0x00, 0xF8, 0x00, 0x00, 0x01, 0xF8, 0x00, 0x00, 0x03, 0xF8, 0x00, 0x00, 0x03, 0xF8, 0x00, 0x00, 0x07, 0xF8, 0x00,
    0x00, 0x0F, 0x78, 0x00, 0x00, 0x0F, 0x78, 0x00, 0x00, 0x1E, 0x78, 0x00, 0x00, 0x3C, 0xF8, 0x00, 0x00, 0x78, 0xF8, 0x00, 0x00, 0x78, 0xF8, 0x00,
    0x00, 0xF0, 0xF8, 0x00, 0x01, 0xE0, 0xF8, 0x00, 0x01, 0xE0, 0xF8, 0x00, 0x03, 0xC0, 0xF8, 0x00, 0x07, 0x80, 0xF8, 0x00, 0x0F, 0x00, 0xF8, 0x00,
    0x0F, 0x00, 0xF8, 0x00, 0x1E, 0x00, 0xF8, 0x00, 0x3C, 0x00, 0xF8, 0x00, 0x3C, 0x00, 0xF8, 0x00, 0x78, 0x00, 0xF8, 0x00, 0xF0, 0x00, 0xF8, 0x00,
    0xFF, 0xFF, 0xFF, 0xC0, 0xFF, 0xFF, 0xFF, 0xC0, 0xFF, 0xFF, 0xFF, 0xC0, 0x00, 0x00, 0xF8, 0x00, 0x00, 0x00, 0xF8, 0x00, 0x00, 0x00, 0xF8, 0x00,
    0x00, 0x00, 0xF8, 0x00, 0x00, 0x00, 0xF8, 0x00, 0x00, 0x00, 0xF8, 0x00, 0x00, 0x00, 0xF8, 0x00, 0x00, 0x00, 0xF8, 0x00, 0x3F, 0xFF, 0xE0, 0x3F,
    0xFF, 0xE0, 0x3F, 0xFF, 0xE0, 0x3C, 0x00, 0x00, 0x3C, 0x00, 0x00, 0x3C, 0x00, 0x00, 0x38, 0x00, 0x00, 0x78, 0x00, 0x00, 0x78, 0x00, 0x00, 0x78,
    0x00, 0x00, 0x78, 0x00, 0x00, 0x78, 0x00, 0x00, 0x78, 0x00, 0x00, 0x7F, 0xFF, 0x00, 0x7F, 0xFF, 0xC0, 0x7F, 0xFF, 0xE0, 0x10, 0x07, 0xF0, 0x00,
    0x01, 0xF8, 0x00, 0x00, 0xF8, 0x00, 0x00, 0x78, 0x00, 0x00, 0x7C, 0x00, 0x00, 0x7C, 0x00, 0x00, 0x7C, 0x00, 0x00, 0x7C, 0x00, 0x00, 0x7C, 0x00,
    0x00, 0x78, 0x00, 0x00, 0x78, 0x00, 0x00, 0xF8, 0x80, 0x01, 0xF0, 0xE0, 0x03, 0xF0, 0xFF, 0xFF, 0xE0, 0xFF, 0xFF, 0xC0, 0x7F, 0xFF, 0x00, 0x0F,
    0xF8, 0x00, 0x00, 0x01, 0x00, 0x00, 0x7F, 0xF0, 0x01, 0xFF, 0xF0, 0x07, 0xFF, 0xF0, 0x0F, 0xE0, 0x10, 0x1F, 0x80, 0x00, 0x1F, 0x00, 0x00, 0x3E,
    0x00, 0x00, 0x3C, 0x00, 0x00, 0x7C, 0x00, 0x00, 0x78, 0x00, 0x00, 0x78, 0x00, 0x00, 0xF8, 0x00, 0x00, 0xF0, 0x7F, 0x00, 0xF1, 0xFF, 0xC0, 0xF3,
    0xFF, 0xE0, 0xF7, 0xFF, 0xF0, 0xFE, 0x01, 0xF8, 0xFC, 0x00, 0xF8, 0xF8, 0x00, 0x7C, 0xF0, 0x00, 0x3C, 0xF0, 0x00, 0x3C, 0xF0, 0x00, 0x3C, 0xF0,
    0x00, 0x3C, 0xF0, 0x00, 0x3C, 0xF0, 0x00, 0x3C, 0xF8, 0x00, 0x3C, 0x78, 0x00, 0x7C, 0x7C, 0x00, 0x78, 0x3C, 0x00, 0xF8, 0x3F, 0x01, 0xF0, 0x1F,
    0xFF, 0xF0, 0x0F, 0xFF, 0xE0, 0x03, 0xFF, 0x80, 0x00, 0xFE, 0x00, 0xFF, 0xFF, 0xFE, 0xFF, 0xFF, 0xFE, 0xFF, 0xFF, 0xFE, 0x00, 0x00, 0x1E, 0x00,
    0x00, 0x3C, 0x00, 0x00, 0x3C, 0x00, 0x00, 0x7C, 0x00, 0x00, 0x78, 0x00, 0x00, 0xF8, 0x00, 0x00, 0xF0, 0x00, 0x01, 0xF0, 0x00, 0x01, 0xE0, 0x00,
    0x03, 0xE0, 0x00, 0x03, 0xC0, 0x00, 0x03, 0xC0, 0x00, 0x07, 0x80, 0x00, 0x07, 0x80, 0x00, 0x0F, 0x80, 0x00, 0x0F, 0x00, 0x00, 0x1F, 0x00, 0x00,
    0x1E, 0x00, 0x00, 0x3E, 0x00, 0x00, 0x3C, 0x00, 0x00, 0x7C, 0x00, 0x00, 0x78, 0x00, 0x00, 0xF8, 0x00, 0x00, 0xF8, 0x00, 0x00, 0xF0, 0x00, 0x01,
    0xF0, 0x00, 0x01, 0xE0, 0x00, 0x03, 0xE0, 0x00, 0x03, 0xC0, 0x00, 0x07, 0xC0, 0x00, 0x07, 0x80, 0x00, 0x00, 0x10, 0x00, 0x03, 0xFF, 0x80, 0x07,
    0xFF, 0xE0, 0x1F, 0xFF, 0xF0, 0x1F, 0x81, 0xF8, 0x3E, 0x00, 0xF8, 0x3C, 0x00, 0x7C, 0x7C, 0x00, 0x3C, 0x7C, 0x00, 0x3C, 0x7C, 0x00, 0x3C, 0x3C,
    0x00, 0x3C, 0x3C, 0x00, 0x78, 0x3E, 0x00, 0xF8, 0x1F, 0x01, 0xF0, 0x0F, 0xC3, 0xE0, 0x07, 0xFF, 0xC0, 0x03, 0xFF, 0x00, 0x01, 0xFF, 0x80, 0x07,
    0xFF, 0xC0, 0x1F, 0x87, 0xF0, 0x3F, 0x01, 0xF8, 0x3C, 0x00, 0x7C, 0x78, 0x00, 0x3C, 0x78, 0x00, 0x3E, 0xF8, 0x00, 0x1E, 0xF8, 0x00, 0x1E, 0xF0,
    0x00, 0x1E, 0xF8, 0x00, 0x1E, 0x78, 0x00, 0x3E, 0x7C, 0x00, 0x7C, 0x7E, 0x00, 0xFC, 0x3F, 0xFF, 0xF8, 0x1F, 0xFF, 0xF0, 0x07, 0xFF, 0xE0, 0x01,
    0xFF, 0x00, 0x00, 0x10, 0x00, 0x03, 0xFF, 0x00, 0x07, 0xFF, 0xC0, 0x1F, 0xFF, 0xE0, 0x1F, 0x83, 0xF0, 0x3E, 0x00, 0xF8, 0x7C, 0x00, 0x78, 0x78,
    0x00, 0x7C, 0x78, 0x00, 0x3C, 0x78, 0x00, 0x3C, 0xF8, 0x00, 0x3E, 0xF8, 0x00, 0x1E, 0xF8, 0x00, 0x1E, 0xF8, 0x00, 0x1E, 0x78, 0x00, 0x3E, 0x78,
    0x00, 0x3E, 0x7C, 0x00, 0x7E, 0x3E, 0x01, 0xFE, 0x3F, 0xFF, 0xDE, 0x1F, 0xFF, 0x9E, 0x07, 0xFF, 0x3E, 0x01, 0xFC, 0x3C, 0x00, 0x00, 0x3C, 0x00,
    0x00, 0x3C, 0x00, 0x00, 0x3C, 0x00, 0x00, 0x78, 0x00, 0x00, 0x78, 0x00, 0x00, 0xF8, 0x00, 0x01, 0xF0, 0x00, 0x03, 0xE0, 0x00, 0x0F, 0xE0, 0x1F,
    0xFF, 0xC0, 0x1F, 0xFF, 0x00, 0x1F, 0xFE, 0x00, 0x1F, 0xF0, 0x00, 0x38, 0x7C, 0xFC, 0xFC, 0x7C, 0x38, 0x00, 0x00, 0x00, 0x00, 0x00, 0x00, 0x00,
    0x00, 0x00, 0x00, 0x00, 0x00, 0x00, 0x00, 0x38, 0x7C, 0xFC, 0xFC, 0x7C, 0x38, 0x1E, 0x1F, 0x3F, 0x3F, 0x1F, 0x0E, 0x00, 0x00, 0x00, 0x00, 0x00,
    0x00, 0x00, 0x00, 0x00, 0x00, 0x00, 0x00, 0x00, 0x00, 0x1F, 0x1F, 0x1E, 0x3E, 0x3E, 0x3C, 0x3C, 0x3C, 0x78, 0x78, 0x70, 0xF0, 0x00, 0x00, 0x02,
    0x00, 0x00, 0x0E, 0x00, 0x00, 0x3E, 0x00, 0x00, 0xFE, 0x00, 0x03, 0xF8, 0x00, 0x0F, 0xE0, 0x00, 0x3F, 0x80, 0x00, 0xFE, 0x00, 0x03, 0xF8, 0x00,
    0x0F, 0xC0, 0x00, 0x3F, 0x00, 0x00, 0xFC, 0x00, 0x00, 0xFC, 0x00, 0x00, 0xFF, 0x00, 0x00, 0x1F, 0xE0, 0x00, 0x07, 0xF8, 0x00, 0x01, 0xFE, 0x00,
    0x00, 0x7F, 0xC0, 0x00, 0x0F, 0xF0, 0x00, 0x03, 0xFE, 0x00, 0x00, 0xFE, 0x00, 0x00, 0x1E, 0x00, 0x00, 0x06, 0xFF, 0xFF, 0xFC, 0xFF, 0xFF, 0xFC,
    0xFF, 0xFF, 0xFC, 0x00, 0x00, 0x00, 0x00, 0x00, 0x00, 0x00, 0x00, 0x00, 0x00, 0x00, 0x00, 0x00, 0x00, 0x00, 0x00, 0x00, 0x00, 0x00, 0x00, 0x00,
    0xFF, 0xFF, 0xFC, 0xFF, 0xFF, 0xFC, 0xFF, 0xFF, 0xFC, 0xC0, 0x00, 0x00, 0xF0, 0x00, 0x00, 0xFC, 0x00, 0x00, 0xFF, 0x00, 0x00, 0x3F, 0xC0, 0x00,
    0x0F, 0xF0, 0x00, 0x01, 0xFC, 0x00, 0x00, 0x7F, 0x00, 0x00, 0x1F, 0xC0, 0x00, 0x07, 0xF0, 0x00, 0x01, 0xFC, 0x00, 0x00, 0x7E, 0x00, 0x00, 0x3E,
    0x00, 0x01, 0xFE, 0x00, 0x07, 0xF8, 0x00, 0x3F, 0xC0, 0x00, 0xFF, 0x00, 0x03, 0xFC, 0x00, 0x1F, 0xF0, 0x00, 0x7F, 0x80, 0x00, 0xFE, 0x00, 0x00,
    0xF8, 0x00, 0x00, 0xE0, 0x00, 0x00, 0x00, 0x40, 0x00, 0x1F, 0xFC, 0x00, 0xFF, 0xFF, 0x00, 0xFF, 0xFF, 0x80, 0xF8, 0x0F, 0xC0, 0x60, 0x07, 0xC0,
    0x00, 0x03, 0xC0, 0x00, 0x03, 0xC0, 0x00, 0x01, 0xE0, 0x00, 0x03, 0xE0, 0x00, 0x03, 0xC0, 0x00, 0x03, 0xC0, 0x00, 0x07, 0xC0, 0x00, 0x0F, 0x80,
    0x00, 0x1F, 0x80, 0x00, 0x3F, 0x00, 0x00, 0x7C, 0x00, 0x00, 0xF8, 0x00, 0x01, 0xF0, 0x00, 0x01, 0xE0, 0x00, 0x03, 0xC0, 0x00, 0x03, 0xC0, 0x00,
    0x03, 0x80, 0x00, 0x03, 0x80, 0x00, 0x03, 0x80, 0x00, 0x00, 0x00, 0x00, 0x00, 0x00, 0x00, 0x00, 0x00, 0x00, 0x00, 0x00, 0x00, 0x03, 0x80, 0x00,
    0x07, 0xC0, 0x00, 0x07, 0xE0, 0x00, 0x07, 0xC0, 0x00, 0x07, 0xC0, 0x00, 0x03, 0x80, 0x00, 0x00, 0x01, 0xFF, 0x80, 0x00, 0x00, 0x0F, 0xFF, 0xF0,
    0x00, 0x00, 0x3F, 0xFF, 0xFC, 0x00, 0x00, 0xFF, 0xFF, 0xFE, 0x00, 0x01, 0xFC, 0x00, 0x3F, 0x00, 0x03, 0xE0, 0x00, 0x0F, 0x80, 0x07, 0xC0, 0x00,
    0x07, 0xC0, 0x0F, 0x00, 0x00, 0x03, 0xE0, 0x1F, 0x00, 0x00, 0x01, 0xE0, 0x1E, 0x00, 0x00, 0x00, 0xF0, 0x3C, 0x01, 0xFF, 0xC0, 0x70, 0x38, 0x07,
    0xFF, 0xE0, 0x78, 0x78, 0x0F, 0xFF, 0xE0, 0x78, 0x70, 0x1F, 0x81, 0xE0, 0x38, 0x70, 0x1E, 0x01, 0xE0, 0x38, 0xF0, 0x3C, 0x01, 0xE0, 0x38, 0xF0,
    0x3C, 0x01, 0xE0, 0x38, 0xE0, 0x3C, 0x01, 0xE0, 0x38, 0xE0, 0x78, 0x01, 0xE0, 0x38, 0xE0, 0x78, 0x01, 0xC0, 0x38, 0xE0, 0x78, 0x01, 0xC0, 0x38,
    0xE0, 0x78, 0x01, 0xC0, 0x78, 0xE0, 0x38, 0x03, 0xC0, 0x78, 0xE0, 0x3C, 0x03, 0xC0, 0x70, 0xF0, 0x3C, 0x07, 0xE0, 0xF0, 0xF0, 0x3E, 0x0E, 0xF1,
    0xE0, 0xF0, 0x1F, 0xFE, 0x7F, 0xE0, 0x70, 0x0F, 0xFC, 0x7F, 0xC0, 0x78, 0x07, 0xF8, 0x3F, 0x80, 0x78, 0x00, 0x00, 0x00, 0x00, 0x3C, 0x00, 0x00,
    0x00, 0x00, 0x3E, 0x00, 0x00, 0x00, 0x00, 0x1F, 0x00, 0x00, 0x00, 0x00, 0x0F, 0x80, 0x00, 0x00, 0x00, 0x07, 0xE0, 0x00, 0x70, 0x00, 0x03, 0xFF,
    0xFF, 0xF0, 0x00, 0x01, 0xFF, 0xFF, 0xF0, 0x00, 0x00, 0x7F, 0xFF, 0xC0, 0x00, 0x00, 0x07, 0xFE, 0x00, 0x00, 0x00, 0x07, 0x80, 0x00, 0x00, 0x07,
    0xC0, 0x00, 0x00, 0x0F, 0xC0, 0x00, 0x00, 0x0F, 0xE0, 0x00, 0x00, 0x0F, 0xE0, 0x00, 0x00, 0x1E, 0xE0, 0x00, 0x00, 0x1E, 0xF0, 0x00, 0x00, 0x3C,
    0xF0, 0x00, 0x00, 0x3C, 0xF8, 0x00, 0x00, 0x3C, 0x78, 0x00, 0x00, 0x78, 0x78, 0x00, 0x00, 0x78, 0x3C, 0x00, 0x00, 0xF8, 0x3C, 0x00, 0x00, 0xF0,
    0x3E, 0x00, 0x00, 0xF0, 0x1E, 0x00, 0x01, 0xF0, 0x1E, 0x00, 0x01, 0xE0, 0x1F, 0x00, 0x03, 0xE0, 0x0F, 0x00, 0x03, 0xC0, 0x0F, 0x80, 0x03, 0xC0,
    0x07, 0x80, 0x07, 0xFF, 0xFF, 0x80, 0x07, 0xFF, 0xFF, 0xC0, 0x07, 0xFF, 0xFF, 0xC0, 0x0F, 0x00, 0x03, 0xE0, 0x0F, 0x00, 0x03, 0xE0, 0x1F, 0x00,
    0x01, 0xE0, 0x1E, 0x00, 0x01, 0xF0, 0x1E, 0x00, 0x00, 0xF0, 0x3E, 0x00, 0x00, 0xF0, 0x3C, 0x00, 0x00, 0xF8, 0x7C, 0x00, 0x00, 0x78, 0x78, 0x00,
    0x00, 0x7C, 0x78, 0x00, 0x00, 0x3C, 0xF8, 0x00, 0x00, 0x3E, 0xFF, 0xFE, 0x00, 0xFF, 0xFF, 0xC0, 0xFF, 0xFF, 0xF0, 0xF0, 0x3F, 0xF8, 0xF0, 0x00,
    0xFC, 0xF0, 0x00, 0x7C, 0xF0, 0x00, 0x3C, 0xF0, 0x00, 0x3C, 0xF0, 0x00, 0x3C, 0xF0, 0x00, 0x3C, 0xF0, 0x00, 0x3C, 0xF0, 0x00, 0x7C, 0xF0, 0x00,
    0x78, 0xF0, 0x00, 0xF8, 0xF0, 0x3F, 0xF0, 0xFF, 0xFF, 0xC0, 0xFF, 0xFF, 0x80, 0xFF, 0xFF, 0xF0, 0xF0, 0x01, 0xF8, 0xF0, 0x00, 0x7C, 0xF0, 0x00,
    0x3E, 0xF0, 0x00, 0x3E, 0xF0, 0x00, 0x1E, 0xF0, 0x00, 0x1F, 0xF0, 0x00, 0x1F, 0xF0, 0x00, 0x1F, 0xF0, 0x00, 0x1E, 0xF0, 0x00, 0x3E, 0xF0, 0x00,
    0x7E, 0xF0, 0x00, 0xFC, 0xF0, 0x1F, 0xFC, 0xFF, 0xFF, 0xF0, 0xFF, 0xFF, 0xE0, 0xFF, 0xFF, 0x00, 0x00, 0x00, 0x80, 0x00, 0x00, 0x3F, 0xFF, 0x00,
    0x00, 0xFF, 0xFF, 0xC0, 0x03, 0xFF, 0xFF, 0x80, 0x07, 0xF0, 0x0F, 0x80, 0x0F, 0xC0, 0x01, 0x00, 0x1F, 0x80, 0x00, 0x00, 0x3F, 0x00, 0x00, 0x00,
    0x3E, 0x00, 0x00, 0x00, 0x7C, 0x00, 0x00, 0x00, 0x7C, 0x00, 0x00, 0x00, 0x78, 0x00, 0x00, 0x00, 0xF8, 0x00, 0x00, 0x00, 0xF8, 0x00, 0x00, 0x00,
    0xF8, 0x00, 0x00, 0x00, 0xF8, 0x00, 0x00, 0x00, 0xF8, 0x00, 0x00, 0x00, 0xF0, 0x00, 0x00, 0x00, 0xF0, 0x00, 0x00, 0x00, 0xF8, 0x00, 0x00, 0x00,
    0xF8, 0x00, 0x00, 0x00, 0xF8, 0x00, 0x00, 0x00, 0xF8, 0x00, 0x00, 0x00, 0x78, 0x00, 0x00, 0x00, 0x7C, 0x00, 0x00, 0x00, 0x7C, 0x00, 0x00, 0x00,
    0x3E, 0x00, 0x00, 0x00, 0x3E, 0x00, 0x00, 0x00, 0x1F, 0x00, 0x00, 0x00, 0x1F, 0x80, 0x00, 0x00, 0x0F, 0xE0, 0x01, 0x80, 0x07, 0xFF, 0xFF, 0x80,
    0x03, 0xFF, 0xFF, 0x80, 0x00, 0xFF, 0xFF, 0x80, 0x00, 0x1F, 0xFC, 0x00, 0xFF, 0xFE, 0x00, 0x00, 0xFF, 0xFF, 0xC0, 0x00, 0xFF, 0xFF, 0xF0, 0x00,
    0xF0, 0x3F, 0xFC, 0x00, 0xF0, 0x00, 0xFE, 0x00, 0xF0, 0x00, 0x3F, 0x00, 0xF0, 0x00, 0x1F, 0x00, 0xF0, 0x00, 0x0F, 0x80, 0xF0, 0x00, 0x07, 0xC0,
    0xF0, 0x00, 0x07, 0xC0, 0xF0, 0x00, 0x03, 0xC0, 0xF0, 0x00, 0x03, 0xE0, 0xF0, 0x00, 0x03, 0xE0, 0xF0, 0x00, 0x03, 0xE0, 0xF0, 0x00, 0x03, 0xE0,
    0xF0, 0x00, 0x03, 0xE0, 0xF0, 0x00, 0x01, 0xE0, 0xF0, 0x00, 0x01, 0xE0, 0xF0, 0x00, 0x03, 0xE0, 0xF0, 0x00, 0x03, 0xE0, 0xF0, 0x00, 0x03, 0xE0,
    0xF0, 0x00, 0x03, 0xE0, 0xF0, 0x00, 0x03, 0xC0, 0xF0, 0x00, 0x07, 0xC0, 0xF0, 0x00, 0x07, 0xC0, 0xF0, 0x00, 0x0F, 0x80, 0xF0, 0x00, 0x0F, 0x80,
    0xF0, 0x00, 0x1F, 0x00, 0xF0, 0x00, 0x7F, 0x00, 0xF0, 0x01, 0xFE, 0x00, 0xF0, 0x7F, 0xF8, 0x00, 0xFF, 0xFF, 0xF0, 0x00, 0xFF, 0xFF, 0xC0, 0x00,
    0xFF, 0xFC, 0x00, 0x00, 0xFF, 0xFF, 0xE0, 0xFF, 0xFF, 0xE0, 0xFF, 0xFF, 0xE0, 0xF0, 0x00, 0x00, 0xF0, 0x00, 0x00, 0xF0, 0x00, 0x00, 0xF0, 0x00,
    0x00, 0xF0, 0x00, 0x00, 0xF0, 0x00, 0x00, 0xF0, 0x00, 0x00, 0xF0, 0x00, 0x00, 0xF0, 0x00, 0x00, 0xF0, 0x00, 0x00, 0xF0, 0x00, 0x00, 0xF0, 0x00,
    0x00, 0xFF, 0xFF, 0xC0, 0xFF, 0xFF, 0xC0, 0xFF, 0xFF, 0xC0, 0xF0, 0x00, 0x00, 0xF0, 0x00, 0x00, 0xF0, 0x00, 0x00, 0xF0, 0x00, 0x00, 0xF0, 0x00,
    0x00, 0xF0, 0x00, 0x00, 0xF0, 0x00, 0x00, 0xF0, 0x00, 0x00, 0xF0, 0x00, 0x00, 0xF0, 0x00, 0x00, 0xF0, 0x00, 0x00, 0xF0, 0x00, 0x00, 0xF0, 0x00,
    0x00, 0xFF, 0xFF, 0xE0, 0xFF, 0xFF, 0xE0, 0xFF, 0xFF, 0xE0, 0xFF, 0xFF, 0xE0, 0xFF, 0xFF, 0xE0, 0xFF, 0xFF, 0xE0, 0xF0, 0x00, 0x00, 0xF0, 0x00,
    0x00, 0xF0, 0x00, 0x00, 0xF0, 0x00, 0x00, 0xF0, 0x00, 0x00, 0xF0, 0x00, 0x00, 0xF0, 0x00, 0x00, 0xF0, 0x00, 0x00, 0xF0, 0x00, 0x00, 0xF0, 0x00,
    0x00, 0xF0, 0x00, 0x00, 0xF0, 0x00, 0x00, 0xF0, 0x00, 0x00, 0xFF, 0xFF, 0xC0, 0xFF, 0xFF, 0xC0, 0xFF, 0xFF, 0xC0, 0xF0, 0x00, 0x00, 0xF0, 0x00,
    0x00, 0xF0, 0x00, 0x00, 0xF0, 0x00, 0x00, 0xF0, 0x00, 0x00, 0xF0, 0x00, 0x00, 0xF0, 0x00, 0x00, 0xF0, 0x00, 0x00, 0xF0, 0x00, 0x00, 0xF0, 0x00,
    0x00, 0xF0, 0x00, 0x00, 0xF0, 0x00, 0x00, 0xF0, 0x00, 0x00, 0xF0, 0x00, 0x00, 0xF0, 0x00, 0x00, 0x00, 0x00, 0x40, 0x00, 0x00, 0x1F, 0xFF, 0x80,
    0x00, 0xFF, 0xFF, 0xF0, 0x01, 0xFF, 0xFF, 0xE0, 0x07, 0xF8, 0x03, 0xE0, 0x0F, 0xE0, 0x00, 0x60, 0x1F, 0x80, 0x00, 0x00, 0x1F, 0x00, 0x00, 0x00,
    0x3E, 0x00, 0x00, 0x00, 0x3C, 0x00, 0x00, 0x00, 0x7C, 0x00, 0x00, 0x00, 0x78, 0x00, 0x00, 0x00, 0x78, 0x00, 0x00, 0x00, 0xF8, 0x00, 0x00, 0x00,
    0xF8, 0x00, 0x00, 0x00, 0xF8, 0x00, 0x00, 0x00, 0xF0, 0x00, 0x00, 0x00, 0xF0, 0x00, 0x7F, 0xF0, 0xF0, 0x00, 0x7F, 0xF0, 0xF0, 0x00, 0x7F, 0xF0,
    0xF8, 0x00, 0x00, 0xF0, 0xF8, 0x00, 0x00, 0xF0, 0xF8, 0x00, 0x00, 0xF0, 0x78, 0x00, 0x00, 0xF0, 0x7C, 0x00, 0x00, 0xF0, 0x7C, 0x00, 0x00, 0xF0,
    0x3E, 0x00, 0x00, 0xF0, 0x3E, 0x00, 0x00, 0xF0, 0x1F, 0x00, 0x00, 0xF0, 0x1F, 0x80, 0x00, 0xF0, 0x0F, 0xE0, 0x00, 0xF0, 0x07, 0xFF, 0xBF, 0xF0,
    0x01, 0xFF, 0xFF, 0xF0, 0x00, 0xFF, 0xFF, 0xF0, 0x00, 0x0F, 0xFE, 0x00, 0xF0, 0x00, 0x03, 0xC0, 0xF0, 0x00, 0x03, 0xC0, 0xF0, 0x00, 0x03, 0xC0,
    0xF0, 0x00, 0x03, 0xC0, 0xF0, 0x00, 0x03, 0xC0, 0xF0, 0x00, 0x03, 0xC0, 0xF0, 0x00, 0x03, 0xC0, 0xF0, 0x00, 0x03, 0xC0, 0xF0, 0x00, 0x03, 0xC0,
    0xF0, 0x00, 0x03, 0xC0, 0xF0, 0x00, 0x03, 0xC0, 0xF0, 0x00, 0x03, 0xC0, 0xF0, 0x00, 0x03, 0xC0, 0xF0, 0x00, 0x03, 0xC0, 0xF0, 0x00, 0x03, 0xC0,
    0xFF, 0xFF, 0xFF, 0xC0, 0xFF, 0xFF, 0xFF, 0xC0, 0xFF, 0xFF, 0xFF, 0xC0, 0xF0, 0x00, 0x03, 0xC0, 0xF0, 0x00, 0x03, 0xC0, 0xF0, 0x00, 0x03, 0xC0,
    0xF0, 0x00, 0x03, 0xC0, 0xF0, 0x00, 0x03, 0xC0, 0xF0, 0x00, 0x03, 0xC0, 0xF0, 0x00, 0x03, 0xC0, 0xF0, 0x00, 0x03, 0xC0, 0xF0, 0x00, 0x03, 0xC0,
    0xF0, 0x00, 0x03, 0xC0, 0xF0, 0x00, 0x03, 0xC0, 0xF0, 0x00, 0x03, 0xC0, 0xF0, 0x00, 0x03, 0xC0, 0xF0, 0x00, 0x03, 0xC0, 0xF0, 0x00, 0x03, 0xC0,
    0xF0, 0x00, 0x03, 0xC0, 0xFF, 0xF0, 0xFF, 0xF0, 0xFF, 0xF0, 0x3F, 0xC0, 0x0F, 0x00, 0x0F, 0x00, 0x0F, 0x00, 0x0F, 0x00, 0x0F, 0x00, 0x0F, 0x00,
    0x0F, 0x00, 0x0F, 0x00, 0x0F, 0x00, 0x0F, 0x00, 0x0F, 0x00, 0x0F, 0x00, 0x0F, 0x00, 0x0F, 0x00, 0x0F, 0x00, 0x0F, 0x00, 0x0F, 0x00, 0x0F, 0x00,
    0x0F, 0x00, 0x0F, 0x00, 0x0F, 0x00, 0x0F, 0x00, 0x0F, 0x00, 0x0F, 0x00, 0x0F, 0x00, 0x0F, 0x00, 0x0F, 0x00, 0xFF, 0xF0, 0xFF, 0xF0, 0xFF, 0xF0,
    0x00, 0xF8, 0x00, 0xF8, 0x00, 0xF8, 0x00, 0xF8, 0x00, 0xF8, 0x00, 0xF8, 0x00, 0xF8, 0x00, 0xF8, 0x00, 0xF8, 0x00, 0xF8, 0x00, 0xF8, 0x00, 0xF8,
    0x00, 0xF8, 0x00, 0xF8, 0x00, 0xF8, 0x00, 0xF8, 0x00, 0xF8, 0x00, 0xF8, 0x00, 0xF8, 0x00, 0xF8, 0x00, 0xF8, 0x00, 0xF8, 0x00, 0xF8, 0x00, 0xF8,
    0x00, 0xF8, 0x00, 0xF8, 0x00, 0xF8, 0x00, 0xF8, 0x00, 0xF8, 0x00, 0xF8, 0x00, 0xF8, 0x00, 0xF8, 0x00, 0xF8, 0x00, 0xF8, 0x00, 0xF8, 0x00, 0xF8,
    0x00, 0xF0, 0x00, 0xF0, 0x01, 0xF0, 0xFF, 0xE0, 0xFF, 0xC0, 0xFF, 0x80, 0xFE, 0x00, 0xF0, 0x00, 0x1F, 0x00, 0xF0, 0x00, 0x3E, 0x00, 0xF0, 0x00,
    0x7C, 0x00, 0xF0, 0x00, 0xF8, 0x00, 0xF0, 0x01, 0xF0, 0x00, 0xF0, 0x03, 0xE0, 0x00, 0xF0, 0x07, 0xC0, 0x00, 0xF0, 0x0F, 0x80, 0x00, 0xF0, 0x0F,
    0x80, 0x00, 0xF0, 0x1F, 0x00, 0x00, 0xF0, 0x3E, 0x00, 0x00, 0xF0, 0x7C, 0x00, 0x00, 0xF0, 0xF8, 0x00, 0x00, 0xF1, 0xF0, 0x00, 0x00, 0xF3, 0xE0,
    0x00, 0x00, 0xF7, 0xE0, 0x00, 0x00, 0xFF, 0xF0, 0x00, 0x00, 0xFF, 0xF0, 0x00, 0x00, 0xFE, 0xF8, 0x00, 0x00, 0xFC, 0x7C, 0x00, 0x00, 0xF8, 0x7E,
    0x00, 0x00, 0xF0, 0x3E, 0x00, 0x00, 0xF0, 0x1F, 0x00, 0x00, 0xF0, 0x0F, 0x80, 0x00, 0xF0, 0x0F, 0xC0, 0x00, 0xF0, 0x07, 0xC0, 0x00, 0xF0, 0x03,
    0xE0, 0x00, 0xF0, 0x01, 0xF0, 0x00, 0xF0, 0x01, 0xF8, 0x00, 0xF0, 0x00, 0xF8, 0x00, 0xF0, 0x00, 0x7C, 0x00, 0xF0, 0x00, 0x3E, 0x00, 0xF0, 0x00,
    0x3F, 0x00, 0xF0, 0x00, 0x1F, 0x80, 0xF0, 0x00, 0x00, 0xF0, 0x00, 0x00, 0xF0, 0x00, 0x00, 0xF0, 0x00, 0x00, 0xF0, 0x00, 0x00, 0xF0, 0x00, 0x00,
    0xF0, 0x00, 0x00, 0xF0, 0x00, 0x00, 0xF0, 0x00, 0x00, 0xF0, 0x00, 0x00, 0xF0, 0x00, 0x00, 0xF0, 0x00, 0x00, 0xF0, 0x00, 0x00, 0xF0, 0x00, 0x00,
    0xF0, 0x00, 0x00, 0xF0, 0x00, 0x00, 0xF0, 0x00, 0x00, 0xF0, 0x00, 0x00, 0xF0, 0x00, 0x00, 0xF0, 0x00, 0x00, 0xF0, 0x00, 0x00, 0xF0, 0x00, 0x00,
    0xF0, 0x00, 0x00, 0xF0, 0x00, 0x00, 0xF0, 0x00, 0x00, 0xF0, 0x00, 0x00, 0xF0, 0x00, 0x00, 0xF0, 0x00, 0x00, 0xF0, 0x00, 0x00, 0xF0, 0x00, 0x00,
    0xF0, 0x00, 0x00, 0xFF, 0xFF, 0xE0, 0xFF, 0xFF, 0xE0, 0xFF, 0xFF, 0xE0, 0xFC, 0x00, 0x00, 0x1F, 0xC0, 0xFE, 0x00, 0x00, 0x1F, 0xC0, 0xFE, 0x00,
    0x00, 0x1F, 0xC0, 0xFE, 0x00, 0x00, 0x3F, 0xC0, 0xFF, 0x00, 0x00, 0x3F, 0xC0, 0xEF, 0x00, 0x00, 0x7B, 0xC0, 0xEF, 0x80, 0x00, 0x7B, 0xC0, 0xE7,
    0x80, 0x00, 0x7B, 0xC0, 0xF7, 0x80, 0x00, 0xF3, 0xC0, 0xF7, 0xC0, 0x00, 0xF3, 0xC0, 0xF3, 0xC0, 0x01, 0xF3, 0xC0, 0xF3, 0xC0, 0x01, 0xE3, 0xC0,
    0xF1, 0xE0, 0x01, 0xE3, 0xC0, 0xF1, 0xE0, 0x03, 0xC3, 0xC0, 0xF1, 0xF0, 0x03, 0xC3, 0xC0, 0xF0, 0xF0, 0x03, 0xC3, 0xC0, 0xF0, 0xF0, 0x07, 0x83,
    0xC0, 0xF0, 0xF8, 0x07, 0x83, 0xC0, 0xF0, 0x78, 0x0F, 0x03, 0xC0, 0xF0, 0x78, 0x0F, 0x03, 0xC0, 0xF0, 0x3C, 0x0F, 0x03, 0xC0, 0xF0, 0x3C, 0x1E,
    0x03, 0xC0, 0xF0, 0x3E, 0x1E, 0x03, 0xC0, 0xF0, 0x1E, 0x3C, 0x03, 0xC0, 0xF0, 0x1E, 0x3C, 0x03, 0xC0, 0xF0, 0x0F, 0x3C, 0x03, 0xC0, 0xF0, 0x0F,
    0x78, 0x03, 0xC0, 0xF0, 0x0F, 0x78, 0x03, 0xC0, 0xF0, 0x07, 0xF0, 0x03, 0xC0, 0xF0, 0x07, 0xF0, 0x03, 0xC0, 0xF0, 0x07, 0xF0, 0x03, 0xC0, 0xF0,
    0x03, 0xE0, 0x03, 0xC0, 0xF0, 0x03, 0xE0, 0x03, 0xC0, 0xF0, 0x01, 0xE0, 0x03, 0xC0, 0xF8, 0x00, 0x01, 0xE0, 0xFC, 0x00, 0x01, 0xE0, 0xFC, 0x00,
    0x01, 0xE0, 0xFE, 0x00, 0x01, 0xE0, 0xFF, 0x00, 0x01, 0xE0, 0xFF, 0x00, 0x01, 0xE0, 0xEF, 0x80, 0x01, 0xE0, 0xEF, 0x80, 0x01, 0xE0, 0xE7, 0xC0,
    0x01, 0xE0, 0xE3, 0xE0, 0x01, 0xE0, 0xF3, 0xE0, 0x01, 0xE0, 0xF1, 0xF0, 0x01, 0xE0, 0xF0, 0xF8, 0x01, 0xE0, 0xF0, 0xF8, 0x01, 0xE0, 0xF0, 0x7C,
    0x01, 0xE0, 0xF0, 0x3E, 0x01, 0xE0, 0xF0, 0x3E, 0x01, 0xE0, 0xF0, 0x1F, 0x01, 0xE0, 0xF0, 0x0F, 0x81, 0xE0, 0xF0, 0x0F, 0x81, 0xE0, 0xF0, 0x07,
    0xC1, 0xE0, 0xF0, 0x03, 0xE1, 0xE0, 0xF0, 0x03, 0xE1, 0xE0, 0xF0, 0x01, 0xF1, 0xE0, 0xF0, 0x00, 0xF1, 0xE0, 0xF0, 0x00, 0xF9, 0xE0, 0xF0, 0x00,
    0x7D, 0xE0, 0xF0, 0x00, 0x7D, 0xE0, 0xF0, 0x00, 0x3F, 0xE0, 0xF0, 0x00, 0x1F, 0xE0, 0xF0, 0x00, 0x1F, 0xE0, 0xF0, 0x00, 0x0F, 0xE0, 0xF0, 0x00,
    0x07, 0xE0, 0xF0, 0x00, 0x07, 0xE0, 0x00, 0x01, 0x00, 0x00, 0x00, 0x7F, 0xFC, 0x00, 0x01, 0xFF, 0xFF, 0x00, 0x03, 0xFF, 0xFF, 0xC0, 0x07, 0xF0,
    0x0F, 0xE0, 0x0F, 0xC0, 0x03, 0xF0, 0x1F, 0x00, 0x01, 0xF8, 0x3E, 0x00, 0x00, 0xF8, 0x3E, 0x00, 0x00, 0x7C, 0x7C, 0x00, 0x00, 0x7C, 0x7C, 0x00,
    0x00, 0x3C, 0x78, 0x00, 0x00, 0x3E, 0xF8, 0x00, 0x00, 0x3E, 0xF8, 0x00, 0x00, 0x1E, 0xF8, 0x00, 0x00, 0x1E, 0xF8, 0x00, 0x00, 0x1E, 0xF8, 0x00,
    0x00, 0x1F, 0xF0, 0x00, 0x00, 0x1F, 0xF0, 0x00, 0x00, 0x1F, 0xF8, 0x00, 0x00, 0x1F, 0xF8, 0x00, 0x00, 0x1E, 0xF8, 0x00, 0x00, 0x1E, 0xF8, 0x00,
    0x00, 0x1E, 0x78, 0x00, 0x00, 0x3E, 0x78, 0x00, 0x00, 0x3E, 0x7C, 0x00, 0x00, 0x3C, 0x3C, 0x00, 0x00, 0x7C, 0x3E, 0x00, 0x00, 0x78, 0x1F, 0x00,
    0x00, 0xF8, 0x1F, 0x80, 0x01, 0xF0, 0x0F, 0xE0, 0x07, 0xE0, 0x07, 0xFF, 0xFF, 0xC0, 0x03, 0xFF, 0xFF, 0x80, 0x00, 0xFF, 0xFE, 0x00, 0x00, 0x1F,
    0xF0, 0x00, 0xFF, 0xFC, 0x00, 0xFF, 0xFF, 0x80, 0xFF, 0xFF, 0xC0, 0xF0, 0xFF, 0xE0, 0xF0, 0x03, 0xF0, 0xF0, 0x01, 0xF8, 0xF0, 0x00, 0xF8, 0xF0,
    0x00, 0x78, 0xF0, 0x00, 0x7C, 0xF0, 0x00, 0x7C, 0xF0, 0x00, 0x7C, 0xF0, 0x00, 0x78, 0xF0, 0x00, 0x78, 0xF0, 0x00, 0xF8, 0xF0, 0x00, 0xF8, 0xF0,
    0x01, 0xF0, 0xF0, 0x0F, 0xE0, 0xFF, 0xFF, 0xC0, 0xFF, 0xFF, 0x80, 0xFF, 0xFE, 0x00, 0xF0, 0x00, 0x00, 0xF0, 0x00, 0x00, 0xF0, 0x00, 0x00, 0xF0,
    0x00, 0x00, 0xF0, 0x00, 0x00, 0xF0, 0x00, 0x00, 0xF0, 0x00, 0x00, 0xF0, 0x00, 0x00, 0xF0, 0x00, 0x00, 0xF0, 0x00, 0x00, 0xF0, 0x00, 0x00, 0xF0,
    0x00, 0x00, 0xF0, 0x00, 0x00, 0xF0, 0x00, 0x00, 0x00, 0x01, 0x00, 0x00, 0x00, 0x7F, 0xFC, 0x00, 0x01, 0xFF, 0xFF, 0x00, 0x03, 0xFF, 0xFF, 0xC0,
    0x07, 0xF0, 0x0F, 0xE0, 0x0F, 0xC0, 0x03, 0xF0, 0x1F, 0x00, 0x01, 0xF8, 0x3E, 0x00, 0x00, 0xF8, 0x3E, 0x00, 0x00, 0x7C, 0x7C, 0x00, 0x00, 0x7C,
    0x7C, 0x00, 0x00, 0x3C, 0x78, 0x00, 0x00, 0x3E, 0xF8, 0x00, 0x00, 0x3E, 0xF8, 0x00, 0x00, 0x1E, 0xF8, 0x00, 0x00, 0x1E, 0xF8, 0x00, 0x00, 0x1E,
    0xF8, 0x00, 0x00, 0x1F, 0xF0, 0x00, 0x00, 0x1F, 0xF0, 0x00, 0x00, 0x1F, 0xF8, 0x00, 0x00, 0x1F, 0xF8, 0x00, 0x00, 0x1E, 0xF8, 0x00, 0x00, 0x1E,
    0xF8, 0x00, 0x00, 0x1E, 0x78, 0x00, 0x00, 0x3E, 0x78, 0x00, 0x00, 0x3E, 0x7C, 0x00, 0x00, 0x3C, 0x3C, 0x00, 0x00, 0x7C, 0x3E, 0x00, 0x00, 0x78,
    0x1F, 0x00, 0x00, 0xF8, 0x1F, 0x80, 0x01, 0xF0, 0x0F, 0xE0, 0x07, 0xE0, 0x07, 0xFF, 0xFF, 0xC0, 0x03, 0xFF, 0xFF, 0x80, 0x00, 0xFF, 0xFE, 0x00,
    0x00, 0x1F, 0xFC, 0x00, 0x00, 0x00, 0x7E, 0x00, 0x00, 0x00, 0x3F, 0x00, 0x00, 0x00, 0x1F, 0x80, 0x00, 0x00, 0x0F, 0xC0, 0x00, 0x00, 0x07, 0xE0,
    0x00, 0x00, 0x03, 0xF0, 0x00, 0x00, 0x01, 0xFC, 0xFF, 0xFC, 0x00, 0xFF, 0xFF, 0x80, 0xFF, 0xFF, 0xE0, 0xF0, 0x7F, 0xF0, 0xF0, 0x03, 0xF0, 0xF0,
    0x00, 0xF8, 0xF0, 0x00, 0xF8, 0xF0, 0x00, 0x78, 0xF0, 0x00, 0x7C, 0xF0, 0x00, 0x7C, 0xF0, 0x00, 0x7C, 0xF0, 0x00, 0x78, 0xF0, 0x00, 0x78, 0xF0,
    0x00, 0xF8, 0xF0, 0x00, 0xF0, 0xF0, 0x03, 0xF0, 0xF0, 0x7F, 0xE0, 0xFF, 0xFF, 0xC0, 0xFF, 0xFF, 0x00, 0xFF, 0xFE, 0x00, 0xF0, 0x1F, 0x00, 0xF0,
    0x0F, 0x00, 0xF0, 0x0F, 0x80, 0xF0, 0x07, 0xC0, 0xF0, 0x07, 0xC0, 0xF0, 0x03, 0xE0, 0xF0, 0x01, 0xE0, 0xF0, 0x01, 0xF0, 0xF0, 0x00, 0xF8, 0xF0,
    0x00, 0xF8, 0xF0, 0x00, 0x7C, 0xF0, 0x00, 0x3E, 0xF0, 0x00, 0x3E, 0xF0, 0x00, 0x1F, 0x00, 0x10, 0x00, 0x03, 0xFF, 0xE0, 0x0F, 0xFF, 0xF8, 0x1F,
    0xFF, 0xF8, 0x3F, 0x00, 0xF0, 0x3E, 0x00, 0x10, 0x7C, 0x00, 0x00, 0x78, 0x00, 0x00, 0x78, 0x00, 0x00, 0x78, 0x00, 0x00, 0x78, 0x00, 0x00, 0x7C,
    0x00, 0x00, 0x7E, 0x00, 0x00, 0x3F, 0x00, 0x00, 0x3F, 0xC0, 0x00, 0x1F, 0xF0, 0x00, 0x0F, 0xFE, 0x00, 0x03, 0xFF, 0x80, 0x00, 0xFF, 0xC0, 0x00,
    0x1F, 0xF0, 0x00, 0x07, 0xF8, 0x00, 0x01, 0xF8, 0x00, 0x00, 0xFC, 0x00, 0x00, 0x7C, 0x00, 0x00, 0x3C, 0x00, 0x00, 0x3C, 0x00, 0x00, 0x3C, 0x00,
    0x00, 0x3C, 0x00, 0x00, 0x7C, 0x00, 0x00, 0xF8, 0xE0, 0x01, 0xF8, 0xFF, 0xFF, 0xF0, 0xFF, 0xFF, 0xE0, 0xFF, 0xFF, 0x80, 0x0F, 0xFC, 0x00, 0xFF,
    0xFF, 0xFF, 0xC0, 0xFF, 0xFF, 0xFF, 0xC0, 0xFF, 0xFF, 0xFF, 0xC0, 0x00, 0x1F, 0x00, 0x00, 0x00, 0x1F, 0x00, 0x00, 0x00, 0x1F, 0x00, 0x00, 0x00,
    0x1F, 0x00, 0x00, 0x00, 0x1F, 0x00, 0x00, 0x00, 0x1F, 0x00, 0x00, 0x00, 0x1F, 0x00, 0x00, 0x00, 0x1F, 0x00, 0x00, 0x00, 0x1F, 0x00, 0x00, 0x00,
    0x1F, 0x00, 0x00, 0x00, 0x1F, 0x00, 0x00, 0x00, 0x1F, 0x00, 0x00, 0x00, 0x1F, 0x00, 0x00, 0x00, 0x1F, 0x00, 0x00, 0x00, 0x1F, 0x00, 0x00, 0x00,
    0x1F, 0x00, 0x00, 0x00, 0x1F, 0x00, 0x00, 0x00, 0x1F, 0x00, 0x00, 0x00, 0x1F, 0x00, 0x00, 0x00, 0x1F, 0x00, 0x00, 0x00, 0x1F, 0x00, 0x00, 0x00,
    0x1F, 0x00, 0x00, 0x00, 0x1F, 0x00, 0x00, 0x00, 0x1F, 0x00, 0x00, 0x00, 0x1F, 0x00, 0x00, 0x00, 0x1F, 0x00, 0x00, 0x00, 0x1F, 0x00, 0x00, 0x00,
    0x1F, 0x00, 0x00, 0x00, 0x1F, 0x00, 0x00, 0x00, 0x1F, 0x00, 0x00, 0x00, 0x1F, 0x00, 0x00, 0xF8, 0x00, 0x03, 0xE0, 0xF8, 0x00, 0x03, 0xE0, 0xF8,
    0x00, 0x03, 0xE0, 0xF8, 0x00, 0x03, 0xE0, 0xF8, 0x00, 0x03, 0xE0, 0xF8, 0x00, 0x03, 0xE0, 0xF8, 0x00, 0x03, 0xE0, 0xF8, 0x00, 0x03, 0xE0, 0xF8,
    0x00, 0x03, 0xE0, 0xF8, 0x00, 0x03, 0xE0, 0xF8, 0x00, 0x03, 0xE0, 0xF8, 0x00, 0x03, 0xE0, 0xF8, 0x00, 0x03, 0xE0, 0xF8, 0x00, 0x03, 0xE0, 0xF8,
    0x00, 0x03, 0xE0, 0xF8, 0x00, 0x03, 0xE0, 0xF8, 0x00, 0x03, 0xE0, 0xF8, 0x00, 0x03, 0xE0, 0xF8, 0x00, 0x03, 0xE0, 0xF8, 0x00, 0x03, 0xE0, 0xF8,
    0x00, 0x03, 0xE0, 0xF8, 0x00, 0x03, 0xE0, 0xF8, 0x00, 0x03, 0xE0, 0xF8, 0x00, 0x03, 0xE0, 0x78, 0x00, 0x03, 0xC0, 0x78, 0x00, 0x03, 0xC0, 0x7C,
    0x00, 0x07, 0xC0, 0x7C, 0x00, 0x07, 0xC0, 0x3E, 0x00, 0x0F, 0x80, 0x1F, 0x80, 0x1F, 0x00, 0x0F, 0xFB, 0xFE, 0x00, 0x07, 0xFF, 0xFC, 0x00, 0x03,
    0xFF, 0xF8, 0x00, 0x00, 0x7F, 0xC0, 0x00, 0xF8, 0x00, 0x00, 0xF8, 0x78, 0x00, 0x00, 0xF0, 0x78, 0x00, 0x01, 0xF0, 0x7C, 0x00, 0x01, 0xF0, 0x3C,
    0x00, 0x01, 0xE0, 0x3C, 0x00, 0x03, 0xE0, 0x3E, 0x00, 0x03, 0xC0, 0x1E, 0x00, 0x03, 0xC0, 0x1F, 0x00, 0x07, 0xC0, 0x1F, 0x00, 0x07, 0x80, 0x0F,
    0x00, 0x07, 0x80, 0x0F, 0x80, 0x0F, 0x80, 0x0F, 0x80, 0x0F, 0x00, 0x07, 0x80, 0x1F, 0x00, 0x07, 0xC0, 0x1F, 0x00, 0x03, 0xC0, 0x1E, 0x00, 0x03,
    0xC0, 0x3E, 0x00, 0x03, 0xE0, 0x3E, 0x00, 0x01, 0xE0, 0x3C, 0x00, 0x01, 0xE0, 0x7C, 0x00, 0x01, 0xF0, 0x78, 0x00, 0x00, 0xF0, 0x78, 0x00, 0x00,
    0xF0, 0xF8, 0x00, 0x00, 0xF8, 0xF0, 0x00, 0x00, 0x78, 0xF0, 0x00, 0x00, 0x79, 0xF0, 0x00, 0x00, 0x3D, 0xE0, 0x00, 0x00, 0x3D, 0xE0, 0x00, 0x00,
    0x3D, 0xE0, 0x00, 0x00, 0x1F, 0xC0, 0x00, 0x00, 0x1F, 0xC0, 0x00, 0x00, 0x1F, 0x80, 0x00, 0x00, 0x0F, 0x80, 0x00, 0x00, 0x0F, 0x80, 0x00, 0xF0,
    0x00, 0x1F, 0x00, 0x03, 0xE0, 0xF0, 0x00, 0x3F, 0x00, 0x03, 0xE0, 0xF8, 0x00, 0x3F, 0x00, 0x03, 0xC0, 0x78, 0x00, 0x3F, 0x00, 0x03, 0xC0, 0x78,
    0x00, 0x3F, 0x80, 0x07, 0xC0, 0x78, 0x00, 0x7F, 0x80, 0x07, 0xC0, 0x7C, 0x00, 0x7F, 0x80, 0x07, 0x80, 0x3C, 0x00, 0x7B, 0xC0, 0x07, 0x80, 0x3C,
    0x00, 0xFB, 0xC0, 0x0F, 0x80, 0x3E, 0x00, 0xF3, 0xC0, 0x0F, 0x00, 0x3E, 0x00, 0xF3, 0xE0, 0x0F, 0x00, 0x1E, 0x00, 0xF1, 0xE0, 0x0F, 0x00, 0x1E,
    0x01, 0xE1, 0xE0, 0x1F, 0x00, 0x1F, 0x01, 0xE1, 0xE0, 0x1E, 0x00, 0x1F, 0x01, 0xE0, 0xF0, 0x1E, 0x00, 0x0F, 0x03, 0xE0, 0xF0, 0x1E, 0x00, 0x0F,
    0x03, 0xC0, 0xF0, 0x3E, 0x00, 0x0F, 0x83, 0xC0, 0x78, 0x3C, 0x00, 0x07, 0x87, 0xC0, 0x78, 0x3C, 0x00, 0x07, 0x87, 0x80, 0x78, 0x3C, 0x00, 0x07,
    0x87, 0x80, 0x7C, 0x7C, 0x00, 0x07, 0xC7, 0x80, 0x3C, 0x78, 0x00, 0x03, 0xCF, 0x00, 0x3C, 0x78, 0x00, 0x03, 0xCF, 0x00, 0x3C, 0x78, 0x00, 0x03,
    0xCF, 0x00, 0x1E, 0xF0, 0x00, 0x03, 0xCF, 0x00, 0x1E, 0xF0, 0x00, 0x01, 0xFE, 0x00, 0x1E, 0xF0, 0x00, 0x01, 0xFE, 0x00, 0x0E, 0xF0, 0x00, 0x01,
    0xFE, 0x00, 0x0E, 0xE0, 0x00, 0x01, 0xFC, 0x00, 0x0F, 0xE0, 0x00, 0x00, 0xFC, 0x00, 0x0F, 0xE0, 0x00, 0x00, 0xFC, 0x00, 0x07, 0xE0, 0x00, 0x00,
    0xF8, 0x00, 0x07, 0xC0, 0x00, 0x00, 0xF8, 0x00, 0x07, 0xC0, 0x00, 0x7C, 0x00, 0x03, 0xE0, 0x3E, 0x00, 0x03, 0xC0, 0x1E, 0x00, 0x07, 0xC0, 0x1F,
    0x00, 0x0F, 0x80, 0x0F, 0x00, 0x0F, 0x00, 0x0F, 0x80, 0x1F, 0x00, 0x07, 0xC0, 0x1E, 0x00, 0x03, 0xC0, 0x3C, 0x00, 0x03, 0xE0, 0x7C, 0x00, 0x01,
    0xF0, 0x78, 0x00, 0x00, 0xF0, 0xF0, 0x00, 0x00, 0xF9, 0xF0, 0x00, 0x00, 0x79, 0xE0, 0x00, 0x00, 0x3F, 0xC0, 0x00, 0x00, 0x3F, 0xC0, 0x00, 0x00,
    0x1F, 0x80, 0x00, 0x00, 0x0F, 0x80, 0x00, 0x00, 0x1F, 0x80, 0x00, 0x00, 0x3F, 0xC0, 0x00, 0x00, 0x3F, 0xE0, 0x00, 0x00, 0x79, 0xE0, 0x00, 0x00,
    0xF9, 0xF0, 0x00, 0x00, 0xF0, 0xF0, 0x00, 0x01, 0xE0, 0xF8, 0x00, 0x03, 0xE0, 0x7C, 0x00, 0x03, 0xC0, 0x3C, 0x00, 0x07, 0xC0, 0x3E, 0x00, 0x0F,
    0x80, 0x1F, 0x00, 0x0F, 0x00, 0x0F, 0x00, 0x1F, 0x00, 0x0F, 0x80, 0x3E, 0x00, 0x07, 0xC0, 0x3C, 0x00, 0x07, 0xC0, 0x7C, 0x00, 0x03, 0xE0, 0xF8,
    0x00, 0x01, 0xF0, 0xF8, 0x00, 0x03, 0xE0, 0x78, 0x00, 0x03, 0xC0, 0x7C, 0x00, 0x07, 0xC0, 0x3E, 0x00, 0x07, 0x80, 0x3E, 0x00, 0x0F, 0x80, 0x1F,
    0x00, 0x0F, 0x00, 0x1F, 0x00, 0x1F, 0x00, 0x0F, 0x80, 0x1E, 0x00, 0x07, 0x80, 0x3E, 0x00, 0x07, 0xC0, 0x7C, 0x00, 0x03, 0xC0, 0x78, 0x00, 0x03,
    0xE0, 0xF8, 0x00, 0x01, 0xE0, 0xF0, 0x00, 0x01, 0xF1, 0xF0, 0x00, 0x00, 0xF1, 0xE0, 0x00, 0x00, 0xFB, 0xE0, 0x00, 0x00, 0x7B, 0xC0, 0x00, 0x00,
    0x7F, 0xC0, 0x00, 0x00, 0x3F, 0x80, 0x00, 0x00, 0x1F, 0x80, 0x00, 0x00, 0x1F, 0x00, 0x00, 0x00, 0x1F, 0x00, 0x00, 0x00, 0x1F, 0x00, 0x00, 0x00,
    0x1F, 0x00, 0x00, 0x00, 0x1F, 0x00, 0x00, 0x00, 0x1F, 0x00, 0x00, 0x00, 0x1F, 0x00, 0x00, 0x00, 0x1F, 0x00, 0x00, 0x00, 0x1F, 0x00, 0x00, 0x00,
    0x1F, 0x00, 0x00, 0x00, 0x1F, 0x00, 0x00, 0x00, 0x1F, 0x00, 0x00, 0x00, 0x1F, 0x00, 0x00, 0x00, 0x1F, 0x00, 0x00, 0xFF, 0xFF, 0xFE, 0xFF, 0xFF,
    0xFE, 0xFF, 0xFF, 0xFE, 0x00, 0x00, 0x3E, 0x00, 0x00, 0x7C, 0x00, 0x00, 0x78, 0x00, 0x00, 0xF8, 0x00, 0x01, 0xF0, 0x00, 0x01, 0xE0, 0x00, 0x03,
    0xE0, 0x00, 0x07, 0xC0, 0x00, 0x07, 0xC0, 0x00, 0x0F, 0x80, 0x00, 0x1F, 0x00, 0x00, 0x1F, 0x00, 0x00, 0x3E, 0x00, 0x00, 0x7C, 0x00, 0x00, 0x7C,
    0x00, 0x00, 0xF8, 0x00, 0x01, 0xF0, 0x00, 0x01, 0xF0, 0x00, 0x03, 0xE0, 0x00, 0x07, 0xC0, 0x00, 0x07, 0xC0, 0x00, 0x0F, 0x80, 0x00, 0x1F, 0x00,
    0x00, 0x1F, 0x00, 0x00, 0x3E, 0x00, 0x00, 0x7C, 0x00, 0x00, 0x7C, 0x00, 0x00, 0xF8, 0x00, 0x00, 0xFF, 0xFF, 0xFF, 0xFF, 0xFF, 0xFF, 0xFF, 0xFF,
    0xFF, 0xFF, 0xE0, 0xFF, 0xE0, 0xFF, 0xE0, 0xF0, 0x00, 0xF0, 0x00, 0xF0, 0x00, 0xF0, 0x00, 0xF0, 0x00, 0xF0, 0x00, 0xF0, 0x00, 0xF0, 0x00, 0xF0,
    0x00, 0xF0, 0x00, 0xF0, 0x00, 0xF0, 0x00, 0xF0, 0x00, 0xF0, 0x00, 0xF0, 0x00, 0xF0, 0x00, 0xF0, 0x00, 0xF0, 0x00, 0xF0, 0x00, 0xF0, 0x00, 0xF0,
    0x00, 0xF0, 0x00, 0xF0, 0x00, 0xF0, 0x00, 0xF0, 0x00, 0xF0, 0x00, 0xF0, 0x00, 0xF0, 0x00, 0xF0, 0x00, 0xF0, 0x00, 0xF0, 0x00, 0xF0, 0x00, 0xF0,
    0x00, 0xF0, 0x00, 0xF0, 0x00, 0xFF, 0xE0, 0xFF, 0xE0, 0xFF, 0xE0, 0xF8, 0x00, 0x00, 0x78, 0x00, 0x00, 0x7C, 0x00, 0x00, 0x3C, 0x00, 0x00, 0x3C,
    0x00, 0x00, 0x1E, 0x00, 0x00, 0x1E, 0x00, 0x00, 0x1E, 0x00, 0x00, 0x0F, 0x00, 0x00, 0x0F, 0x00, 0x00, 0x0F, 0x80, 0x00, 0x07, 0x80, 0x00, 0x07,
    0x80, 0x00, 0x03, 0xC0, 0x00, 0x03, 0xC0, 0x00, 0x03, 0xC0, 0x00, 0x01, 0xE0, 0x00, 0x01, 0xE0, 0x00, 0x01, 0xF0, 0x00, 0x00, 0xF0, 0x00, 0x00,
    0xF0, 0x00, 0x00, 0x78, 0x00, 0x00, 0x78, 0x00, 0x00, 0x78, 0x00, 0x00, 0x3C, 0x00, 0x00, 0x3C, 0x00, 0x00, 0x3E, 0x00, 0x00, 0x1E, 0x00, 0x00,
    0x1E, 0x00, 0x00, 0x0F, 0x00, 0x00, 0x0F, 0x00, 0x00, 0x0F, 0x00, 0x00, 0x07, 0x80, 0x00, 0x07, 0x80, 0xFF, 0xE0, 0xFF, 0xE0, 0xFF, 0xE0, 0x01,
    0xE0, 0x01, 0xE0, 0x01, 0xE0, 0x01, 0xE0, 0x01, 0xE0, 0x01, 0xE0, 0x01, 0xE0, 0x01, 0xE0, 0x01, 0xE0, 0x01, 0xE0, 0x01, 0xE0, 0x01, 0xE0, 0x01,
    0xE0, 0x01, 0xE0, 0x01, 0xE0, 0x01, 0xE0, 0x01, 0xE0, 0x01, 0xE0, 0x01, 0xE0, 0x01, 0xE0, 0x01, 0xE0, 0x01, 0xE0, 0x01, 0xE0, 0x01, 0xE0, 0x01,
    0xE0, 0x01, 0xE0, 0x01, 0xE0, 0x01, 0xE0, 0x01, 0xE0, 0x01, 0xE0, 0x01, 0xE0, 0x01, 0xE0, 0x01, 0xE0, 0x01, 0xE0, 0x01, 0xE0, 0xFF, 0xE0, 0xFF,
    0xE0, 0xFF, 0xE0, 0x00, 0x30, 0x00, 0x00, 0x38, 0x00, 0x00, 0x78, 0x00, 0x00, 0x7C, 0x00, 0x00, 0xFE, 0x00, 0x00, 0xFE, 0x00, 0x01, 0xEF, 0x00,
    0x01, 0xCF, 0x00, 0x03, 0xC7, 0x80, 0x03, 0x87, 0x80, 0x07, 0x83, 0xC0, 0x07, 0x03, 0xC0, 0x0F, 0x01, 0xE0, 0x0E, 0x00, 0xE0, 0x1E, 0x00, 0xF0,
    0x1E, 0x00, 0x70, 0x3C, 0x00, 0x78, 0x3C, 0x00, 0x38, 0x78, 0x00, 0x3C, 0x78, 0x00, 0x1C, 0x70, 0x00, 0x1E, 0xF0, 0x00, 0x0F, 0xFF, 0xFF, 0xF8,
    0xFF, 0xFF, 0xF8, 0xFF, 0xFF, 0xF8, 0xF8, 0x00, 0xF8, 0x00, 0x7C, 0x00, 0x3E, 0x00, 0x1E, 0x00, 0x0F, 0x00, 0x07, 0x80, 0x03, 0xC0, 0x00, 0xFF,
    0x00, 0x07, 0xFF, 0xC0, 0x1F, 0xFF, 0xE0, 0x0F, 0xEF, 0xF0, 0x0C, 0x01, 0xF0, 0x00, 0x00, 0xF8, 0x00, 0x00, 0x78, 0x00, 0x00, 0x78, 0x00, 0x00,
    0x78, 0x00, 0x00, 0x78, 0x01, 0xFF, 0xF8, 0x0F, 0xFF, 0xF8, 0x1F, 0xFF, 0xF8, 0x3F, 0xF8, 0x78, 0x7E, 0x00, 0x78, 0x7C, 0x00, 0x78, 0xF8, 0x00,
    0x78, 0xF8, 0x00, 0x78, 0xF8, 0x00, 0xF8, 0xF8, 0x00, 0xF8, 0xF8, 0x01, 0xF8, 0x7C, 0x03, 0xF8, 0x7F, 0xFF, 0x78, 0x3F, 0xFE, 0x78, 0x1F, 0xFC,
    0x38, 0x07, 0xF0, 0x38, 0xF0, 0x00, 0x00, 0xF0, 0x00, 0x00, 0xF0, 0x00, 0x00, 0xF0, 0x00, 0x00, 0xF0, 0x00, 0x00, 0xF0, 0x00, 0x00, 0xF0, 0x00,
    0x00, 0xF0, 0x00, 0x00, 0xF0, 0x00, 0x00, 0xF0, 0x00, 0x00, 0xF0, 0x7F, 0x00, 0xF1, 0xFF, 0xC0, 0xF3, 0xFF, 0xE0, 0xF7, 0xEF, 0xF0, 0xFE, 0x01,
    0xF8, 0xFC, 0x00, 0xF8, 0xF8, 0x00, 0x7C, 0xF8, 0x00, 0x3C, 0xF8, 0x00, 0x3C, 0xF8, 0x00, 0x3E, 0xF0, 0x00, 0x3E, 0xF0, 0x00, 0x3E, 0xF0, 0x00,
    0x3E, 0xF0, 0x00, 0x3E, 0xF0, 0x00, 0x3E, 0xF0, 0x00, 0x3E, 0xF8, 0x00, 0x3E, 0xF8, 0x00, 0x3C, 0xF8, 0x00, 0x3C, 0xFC, 0x00, 0x7C, 0xFC, 0x00,
    0xF8, 0xFE, 0x01, 0xF8, 0xFF, 0xEF, 0xF0, 0xF7, 0xFF, 0xE0, 0xE1, 0xFF, 0xC0, 0xE0, 0x7F, 0x00, 0x00, 0xFF, 0x00, 0x07, 0xFF, 0xC0, 0x0F, 0xFF,
    0xC0, 0x1F, 0xEF, 0xC0, 0x3E, 0x00, 0x80, 0x7C, 0x00, 0x00, 0x78, 0x00, 0x00, 0xF8, 0x00, 0x00, 0xF8, 0x00, 0x00, 0xF0, 0x00, 0x00, 0xF0, 0x00,
    0x00, 0xF0, 0x00, 0x00, 0xF0, 0x00, 0x00, 0xF0, 0x00, 0x00, 0xF0, 0x00, 0x00, 0xF0, 0x00, 0x00, 0xF0, 0x00, 0x00, 0xF8, 0x00, 0x00, 0xF8, 0x00,
    0x00, 0x78, 0x00, 0x00, 0x7C, 0x00, 0x00, 0x3E, 0x00, 0x40, 0x1F, 0xFF, 0xC0, 0x0F, 0xFF, 0xC0, 0x07, 0xFF, 0xC0, 0x00, 0xFF, 0x00, 0x00, 0x00,
    0x3C, 0x00, 0x00, 0x3C, 0x00, 0x00, 0x3C, 0x00, 0x00, 0x3C, 0x00, 0x00, 0x3C, 0x00, 0x00, 0x3C, 0x00, 0x00, 0x3C, 0x00, 0x00, 0x3C, 0x00, 0x00,
    0x3C, 0x00, 0x00, 0x3C, 0x01, 0xFC, 0x3C, 0x07, 0xFF, 0x3C, 0x1F, 0xFF, 0xBC, 0x3F, 0xFF, 0xFC, 0x3E, 0x01, 0xFC, 0x7C, 0x00, 0xFC, 0x78, 0x00,
    0x7C, 0xF8, 0x00, 0x7C, 0xF8, 0x00, 0x3C, 0xF0, 0x00, 0x3C, 0xF0, 0x00, 0x3C, 0xF0, 0x00, 0x3C, 0xF0, 0x00, 0x3C, 0xF0, 0x00, 0x3C, 0xF0, 0x00,
    0x3C, 0xF0, 0x00, 0x3C, 0xF0, 0x00, 0x3C, 0xF8, 0x00, 0x3C, 0xF8, 0x00, 0x3C, 0x78, 0x00, 0x7C, 0x7C, 0x00, 0xFC, 0x3E, 0x01, 0xFC, 0x3F, 0xFF,
    0xFC, 0x1F, 0xFF, 0x9C, 0x07, 0xFF, 0x1C, 0x01, 0xFC, 0x1C, 0x01, 0xFE, 0x00, 0x07, 0xFF, 0x80, 0x0F, 0xFF, 0xC0, 0x1F, 0xFF, 0xE0, 0x3E, 0x01,
    0xF0, 0x7C, 0x00, 0xF0, 0x78, 0x00, 0xF8, 0xF8, 0x00, 0x78, 0xF0, 0x00, 0x78, 0xF0, 0x00, 0x7C, 0xFF, 0xFF, 0xFC, 0xFF, 0xFF, 0xFC, 0xFF, 0xFF,
    0xFC, 0xF0, 0x00, 0x00, 0xF0, 0x00, 0x00, 0xF0, 0x00, 0x00, 0xF0, 0x00, 0x00, 0xF8, 0x00, 0x00, 0xF8, 0x00, 0x00, 0x7C, 0x00, 0x00, 0x7E, 0x00,
    0x00, 0x3F, 0x00, 0x30, 0x1F, 0xFF, 0xF0, 0x0F, 0xFF, 0xF0, 0x07, 0xFF, 0xF0, 0x00, 0xFF, 0x80, 0x00, 0xFF, 0xC0, 0x01, 0xFF, 0x80, 0x03, 0xFF,
    0x80, 0x07, 0xC1, 0x80, 0x07, 0x80, 0x00, 0x0F, 0x80, 0x00, 0x0F, 0x80, 0x00, 0x0F, 0x00, 0x00, 0x0F, 0x00, 0x00, 0x0F, 0x00, 0x00, 0x3F, 0xFE,
    0x00, 0xFF, 0xFE, 0x00, 0xFF, 0xFE, 0x00, 0x0F, 0x00, 0x00, 0x0F, 0x00, 0x00, 0x0F, 0x00, 0x00, 0x0F, 0x00, 0x00, 0x0F, 0x00, 0x00, 0x0F, 0x00,
    0x00, 0x0F, 0x00, 0x00, 0x0F, 0x00, 0x00, 0x0F, 0x00, 0x00, 0x0F, 0x00, 0x00, 0x0F, 0x00, 0x00, 0x0F, 0x00, 0x00, 0x0F, 0x00, 0x00, 0x0F, 0x00,
    0x00, 0x0F, 0x00, 0x00, 0x0F, 0x00, 0x00, 0x0F, 0x00, 0x00, 0x0F, 0x00, 0x00, 0x0F, 0x00, 0x00, 0x0F, 0x00, 0x00, 0x0F, 0x00, 0x00, 0x0F, 0x00,
    0x00, 0x0F, 0x00, 0x00, 0x01, 0xFC, 0x1C, 0x07, 0xFF, 0x1C, 0x1F, 0xFF, 0x9C, 0x3F, 0xFF, 0xDC, 0x3E, 0x01, 0xFC, 0x7C, 0x00, 0xFC, 0x78, 0x00,
    0x7C, 0xF8, 0x00, 0x7C, 0xF8, 0x00, 0x3C, 0xF0, 0x00, 0x3C, 0xF0, 0x00, 0x3C, 0xF0, 0x00, 0x3C, 0xF0, 0x00, 0x3C, 0xF0, 0x00, 0x3C, 0xF0, 0x00,
    0x3C, 0xF0, 0x00, 0x3C, 0xF0, 0x00, 0x3C, 0xF8, 0x00, 0x3C, 0xF8, 0x00, 0x3C, 0x78, 0x00, 0x7C, 0x7C, 0x00, 0x7C, 0x3E, 0x01, 0xFC, 0x3F, 0xFF,
    0xFC, 0x1F, 0xFF, 0xBC, 0x07, 0xFF, 0x3C, 0x01, 0xFC, 0x3C, 0x00, 0x00, 0x3C, 0x00, 0x00, 0x3C, 0x00, 0x00, 0x3C, 0x00, 0x00, 0x3C, 0x00, 0x00,
    0x7C, 0x00, 0x00, 0xF8, 0x30, 0x01, 0xF8, 0x3F, 0xFF, 0xF0, 0x3F, 0xFF, 0xE0, 0x3F, 0xFF, 0xC0, 0x07, 0xFE, 0x00, 0xF0, 0x00, 0x00, 0xF0, 0x00,
    0x00, 0xF0, 0x00, 0x00, 0xF0, 0x00, 0x00, 0xF0, 0x00, 0x00, 0xF0, 0x00, 0x00, 0xF0, 0x00, 0x00, 0xF0, 0x00, 0x00, 0xF0, 0x00, 0x00, 0xF0, 0x00,
    0x00, 0xF0, 0x7F, 0x00, 0xF1, 0xFF, 0xC0, 0xF3, 0xFF, 0xF0, 0xF7, 0xFF, 0xF0, 0xFE, 0x00, 0xF8, 0xFC, 0x00, 0x78, 0xFC, 0x00, 0x7C, 0xF8, 0x00,
    0x7C, 0xF8, 0x00, 0x3C, 0xF8, 0x00, 0x3C, 0xF0, 0x00, 0x3C, 0xF0, 0x00, 0x3C, 0xF0, 0x00, 0x3C, 0xF0, 0x00, 0x3C, 0xF0, 0x00, 0x3C, 0xF0, 0x00,
    0x3C, 0xF0, 0x00, 0x3C, 0xF0, 0x00, 0x3C, 0xF0, 0x00, 0x3C, 0xF0, 0x00, 0x3C, 0xF0, 0x00, 0x3C, 0xF0, 0x00, 0x3C, 0xF0, 0x00, 0x3C, 0xF0, 0x00,
    0x3C, 0xF0, 0x00, 0x3C, 0xF0, 0x00, 0x3C, 0x70, 0xF8, 0xF8, 0xF8, 0x70, 0x00, 0x00, 0x00, 0x00, 0xF0, 0xF0, 0xF0, 0xF0, 0xF0, 0xF0, 0xF0, 0xF0,
    0xF0, 0xF0, 0xF0, 0xF0, 0xF0, 0xF0, 0xF0, 0xF0, 0xF0, 0xF0, 0xF0, 0xF0, 0xF0, 0xF0, 0xF0, 0xF0, 0xF0, 0xF0, 0x00, 0xE0, 0x01, 0xF0, 0x01, 0xF0,
    0x01, 0xF0, 0x00, 0xE0, 0x00, 0x00, 0x00, 0x00, 0x00, 0x00, 0x00, 0x00, 0x01, 0xE0, 0x01, 0xE0, 0x01, 0xE0, 0x01, 0xE0, 0x01, 0xE0, 0x01, 0xE0,
    0x01, 0xE0, 0x01, 0xE0, 0x01, 0xE0, 0x01, 0xE0, 0x01, 0xE0, 0x01, 0xE0, 0x01, 0xE0, 0x01, 0xE0, 0x01, 0xE0, 0x01, 0xE0, 0x01, 0xE0, 0x01, 0xE0,
    0x01, 0xE0, 0x01, 0xE0, 0x01, 0xE0, 0x01, 0xE0, 0x01, 0xE0, 0x01, 0xE0, 0x01, 0xE0, 0x01, 0xE0, 0x01, 0xE0, 0x01, 0xE0, 0x01, 0xE0, 0x01, 0xE0,
    0x01, 0xE0, 0x01, 0xE0, 0x03, 0xE0, 0xEF, 0xC0, 0xFF, 0xC0, 0xFF, 0x80, 0xFE, 0x00, 0xF0, 0x00, 0x00, 0xF0, 0x00, 0x00, 0xF0, 0x00, 0x00, 0xF0,
    0x00, 0x00, 0xF0, 0x00, 0x00, 0xF0, 0x00, 0x00, 0xF0, 0x00, 0x00, 0xF0, 0x00, 0x00, 0xF0, 0x00, 0x00, 0xF0, 0x00, 0x00, 0xF0, 0x01, 0xF0, 0xF0,
    0x03, 0xE0, 0xF0, 0x07, 0xC0, 0xF0, 0x0F, 0x80, 0xF0, 0x1F, 0x00, 0xF0, 0x3E, 0x00, 0xF0, 0x7C, 0x00, 0xF0, 0x78, 0x00, 0xF0, 0xF8, 0x00, 0xF1,
    0xF0, 0x00, 0xF3, 0xE0, 0x00, 0xF7, 0xC0, 0x00, 0xFF, 0xE0, 0x00, 0xFF, 0xF0, 0x00, 0xFE, 0xF8, 0x00, 0xF8, 0xF8, 0x00, 0xF0, 0x7C, 0x00, 0xF0,
    0x3E, 0x00, 0xF0, 0x1F, 0x00, 0xF0, 0x1F, 0x00, 0xF0, 0x0F, 0x80, 0xF0, 0x07, 0xC0, 0xF0, 0x03, 0xE0, 0xF0, 0x03, 0xE0, 0xF0, 0x01, 0xF0, 0xF0,
    0x00, 0xF8, 0xF0, 0xF0, 0xF0, 0xF0, 0xF0, 0xF0, 0xF0, 0xF0, 0xF0, 0xF0, 0xF0, 0xF0, 0xF0, 0xF0, 0xF0, 0xF0, 0xF0, 0xF0, 0xF0, 0xF0, 0xF0, 0xF0,
    0xF0, 0xF0, 0xF0, 0xF0, 0xF0, 0xF0, 0xF0, 0xF0, 0xF0, 0xF0, 0xF0, 0xF0, 0xF0, 0xF0, 0xF0, 0x7F, 0x00, 0x7F, 0x00, 0xF1, 0xFF, 0xC1, 0xFF, 0xC0,
    0xF7, 0xFF, 0xE7, 0xFF, 0xE0, 0xF7, 0xFF, 0xE7, 0xEF, 0xF0, 0xFE, 0x01, 0xFE, 0x01, 0xF0, 0xFC, 0x01, 0xFC, 0x00, 0xF8, 0xF8, 0x00, 0xFC, 0x00,
    0xF8, 0xF8, 0x00, 0xF8, 0x00, 0x78, 0xF8, 0x00, 0xF8, 0x00, 0x78, 0xF8, 0x00, 0xF8, 0x00, 0x78, 0xF0, 0x00, 0xF8, 0x00, 0x78, 0xF0, 0x00, 0xF8,
    0x00, 0x78, 0xF0, 0x00, 0xF8, 0x00, 0x78, 0xF0, 0x00, 0xF8, 0x00, 0x78, 0xF0, 0x00, 0xF8, 0x00, 0x78, 0xF0, 0x00, 0xF8, 0x00, 0x78, 0xF0, 0x00,
    0xF8, 0x00, 0x78, 0xF0, 0x00, 0xF8, 0x00, 0x78, 0xF0, 0x00, 0xF8, 0x00, 0x78, 0xF0, 0x00, 0xF8, 0x00, 0x78, 0xF0, 0x00, 0xF8, 0x00, 0x78, 0xF0,
    0x00, 0xF8, 0x00, 0x78, 0xF0, 0x00, 0xF8, 0x00, 0x78, 0xF0, 0x00, 0xF8, 0x00, 0x78, 0xF0, 0x00, 0xF8, 0x00, 0x78, 0xF0, 0x00, 0xF8, 0x00, 0x78,
    0xF0, 0x7F, 0x00, 0xF1, 0xFF, 0xC0, 0xF3, 0xFF, 0xF0, 0xF7, 0xFF, 0xF0, 0xFE, 0x00, 0xF8, 0xFC, 0x00, 0x78, 0xFC, 0x00, 0x7C, 0xF8, 0x00, 0x7C,
    0xF8, 0x00, 0x3C, 0xF8, 0x00, 0x3C, 0xF0, 0x00, 0x3C, 0xF0, 0x00, 0x3C, 0xF0, 0x00, 0x3C, 0xF0, 0x00, 0x3C, 0xF0, 0x00, 0x3C, 0xF0, 0x00, 0x3C,
    0xF0, 0x00, 0x3C, 0xF0, 0x00, 0x3C, 0xF0, 0x00, 0x3C, 0xF0, 0x00, 0x3C, 0xF0, 0x00, 0x3C, 0xF0, 0x00, 0x3C, 0xF0, 0x00, 0x3C, 0xF0, 0x00, 0x3C,
    0xF0, 0x00, 0x3C, 0xF0, 0x00, 0x3C, 0x00, 0xFE, 0x00, 0x07, 0xFF, 0xC0, 0x0F, 0xFF, 0xE0, 0x1F, 0xEF, 0xF0, 0x3E, 0x00, 0xF8, 0x7C, 0x00, 0x7C,
    0x78, 0x00, 0x3C, 0xF8, 0x00, 0x3E, 0xF8, 0x00, 0x3E, 0xF0, 0x00, 0x1E, 0xF0, 0x00, 0x1E, 0xF0, 0x00, 0x1E, 0xF0, 0x00, 0x1E, 0xF0, 0x00, 0x1E,
    0xF0, 0x00, 0x1E, 0xF0, 0x00, 0x1E, 0xF0, 0x00, 0x1E, 0xF8, 0x00, 0x3E, 0xF8, 0x00, 0x3E, 0x7C, 0x00, 0x3C, 0x7C, 0x00, 0x7C, 0x3E, 0x00, 0xF8,
    0x1F, 0xEF, 0xF0, 0x0F, 0xFF, 0xE0, 0x07, 0xFF, 0xC0, 0x00, 0xFE, 0x00, 0xF0, 0x7F, 0x00, 0xF1, 0xFF, 0xC0, 0xF3, 0xFF, 0xE0, 0xF7, 0xEF, 0xF0,
    0xFE, 0x01, 0xF8, 0xFC, 0x00, 0xF8, 0xF8, 0x00, 0x7C, 0xF8, 0x00, 0x3C, 0xF8, 0x00, 0x3C, 0xF8, 0x00, 0x3E, 0xF0, 0x00, 0x3E, 0xF0, 0x00, 0x3E,
    0xF0, 0x00, 0x3E, 0xF0, 0x00, 0x3E, 0xF0, 0x00, 0x3E, 0xF0, 0x00, 0x3E, 0xF8, 0x00, 0x3E, 0xF8, 0x00, 0x3C, 0xF8, 0x00, 0x7C, 0xFC, 0x00, 0x7C,
    0xFC, 0x00, 0xF8, 0xFE, 0x01, 0xF8, 0xFF, 0xEF, 0xF0, 0xF7, 0xFF, 0xE0, 0xF1, 0xFF, 0xC0, 0xF0, 0x7F, 0x00, 0xF0, 0x00, 0x00, 0xF0, 0x00, 0x00,
    0xF0, 0x00, 0x00, 0xF0, 0x00, 0x00, 0xF0, 0x00, 0x00, 0xF0, 0x00, 0x00, 0xF0, 0x00, 0x00, 0xF0, 0x00, 0x00, 0xF0, 0x00, 0x00, 0xF0, 0x00, 0x00,
    0xF0, 0x00, 0x00, 0x01, 0xFC, 0x1C, 0x07, 0xFF, 0x1C, 0x1F, 0xFF, 0x9C, 0x3F, 0xFF, 0xDC, 0x3E, 0x01, 0xFC, 0x7C, 0x00, 0xFC, 0x78, 0x00, 0x7C,
    0xF8, 0x00, 0x7C, 0xF8, 0x00, 0x3C, 0xF0, 0x00, 0x3C, 0xF0, 0x00, 0x3C, 0xF0, 0x00, 0x3C, 0xF0, 0x00, 0x3C, 0xF0, 0x00, 0x3C, 0xF0, 0x00, 0x3C,
    0xF0, 0x00, 0x3C, 0xF0, 0x00, 0x3C, 0xF8, 0x00, 0x3C, 0xF8, 0x00, 0x3C, 0x78, 0x00, 0x7C, 0x7C, 0x00, 0xFC, 0x3E, 0x01, 0xFC, 0x3F, 0xFF, 0xFC,
    0x1F, 0xFF, 0xBC, 0x07, 0xFF, 0x3C, 0x01, 0xFC, 0x3C, 0x00, 0x00, 0x3C, 0x00, 0x00, 0x3C, 0x00, 0x00, 0x3C, 0x00, 0x00, 0x3C, 0x00, 0x00, 0x3C,
    0x00, 0x00, 0x3C, 0x00, 0x00, 0x3C, 0x00, 0x00, 0x3C, 0x00, 0x00, 0x3C, 0x00, 0x00, 0x3C, 0x00, 0x00, 0x3C, 0xF0, 0x7E, 0xF1, 0xFE, 0xF3, 0xFE,
    0xF7, 0xFE, 0xF7, 0x00, 0xFE, 0x00, 0xFC, 0x00, 0xF8, 0x00, 0xF8, 0x00, 0xF8, 0x00, 0xF0, 0x00, 0xF0, 0x00, 0xF0, 0x00, 0xF0, 0x00, 0xF0, 0x00,
    0xF0, 0x00, 0xF0, 0x00, 0xF0, 0x00, 0xF0, 0x00, 0xF0, 0x00, 0xF0, 0x00, 0xF0, 0x00, 0xF0, 0x00, 0xF0, 0x00, 0xF0, 0x00, 0xF0, 0x00, 0x03, 0xFE,
    0x00, 0x1F, 0xFF, 0xC0, 0x3F, 0xFF, 0xC0, 0x7F, 0xFF, 0xC0, 0x7C, 0x01, 0x80, 0x78, 0x00, 0x00, 0xF8, 0x00, 0x00, 0xF8, 0x00, 0x00, 0x78, 0x00,
    0x00, 0x7E, 0x00, 0x00, 0x3F, 0x80, 0x00, 0x1F, 0xF0, 0x00, 0x07, 0xFC, 0x00, 0x01, 0xFF, 0x00, 0x00, 0x3F, 0x80, 0x00, 0x0F, 0xC0, 0x00, 0x03,
    0xE0, 0x00, 0x03, 0xE0, 0x00, 0x01, 0xE0, 0x00, 0x01, 0xE0, 0x00, 0x03, 0xE0, 0xE0, 0x07, 0xC0, 0xFF, 0x7F, 0xC0, 0xFF, 0xFF, 0x80, 0x7F, 0xFE,
    0x00, 0x0F, 0xF8, 0x00, 0x07, 0x00, 0x07, 0x00, 0x0F, 0x00, 0x0F, 0x00, 0x0F, 0x00, 0x1F, 0x00, 0x3F, 0xFE, 0xFF, 0xFE, 0xFF, 0xFE, 0x1F, 0x00,
    0x1F, 0x00, 0x1F, 0x00, 0x1F, 0x00, 0x1F, 0x00, 0x1F, 0x00, 0x1F, 0x00, 0x1F, 0x00, 0x1F, 0x00, 0x1F, 0x00, 0x1F, 0x00, 0x1F, 0x00, 0x1F, 0x00,
    0x1F, 0x00, 0x1F, 0x00, 0x1F, 0x00, 0x1F, 0x00, 0x0F, 0x00, 0x0F, 0x80, 0x0F, 0xFE, 0x07, 0xFE, 0x03, 0xFE, 0x00, 0xFE, 0xF0, 0x00, 0x7C, 0xF0,
    0x00, 0x7C, 0xF0, 0x00, 0x7C, 0xF0, 0x00, 0x7C, 0xF0, 0x00, 0x7C, 0xF0, 0x00, 0x7C, 0xF0, 0x00, 0x7C, 0xF0, 0x00, 0x7C, 0xF0, 0x00, 0x7C, 0xF0,
    0x00, 0x7C, 0xF0, 0x00, 0x7C, 0xF0, 0x00, 0x7C, 0xF0, 0x00, 0x7C, 0xF0, 0x00, 0x7C, 0xF0, 0x00, 0x7C, 0xF0, 0x00, 0x7C, 0xF0, 0x00, 0x7C, 0xF0,
    0x00, 0x7C, 0xF0, 0x00, 0x7C, 0xF8, 0x00, 0xFC, 0xF8, 0x01, 0xFC, 0x7C, 0x03, 0xFC, 0x7F, 0xFF, 0xBC, 0x3F, 0xFF, 0x3C, 0x1F, 0xFE, 0x3C, 0x07,
    0xF8, 0x3C, 0xF8, 0x00, 0x0F, 0x78, 0x00, 0x1F, 0x78, 0x00, 0x1E, 0x7C, 0x00, 0x1E, 0x3C, 0x00, 0x3E, 0x3C, 0x00, 0x3C, 0x3E, 0x00, 0x3C, 0x1E,
    0x00, 0x7C, 0x1F, 0x00, 0x78, 0x0F, 0x00, 0xF8, 0x0F, 0x00, 0xF0, 0x0F, 0x80, 0xF0, 0x07, 0x81, 0xF0, 0x07, 0x81, 0xE0, 0x07, 0xC1, 0xE0, 0x03,
    0xC3, 0xE0, 0x03, 0xC3, 0xC0, 0x01, 0xE3, 0xC0, 0x01, 0xE7, 0x80, 0x01, 0xE7, 0x80, 0x00, 0xF7, 0x80, 0x00, 0xFF, 0x00, 0x00, 0xFF, 0x00, 0x00,
    0x7F, 0x00, 0x00, 0x7E, 0x00, 0x00, 0x3E, 0x00, 0xF0, 0x01, 0xF0, 0x00, 0xF0, 0xF0, 0x01, 0xF8, 0x01, 0xF0, 0xF8, 0x01, 0xF8, 0x01, 0xF0, 0xF8,
    0x01, 0xF8, 0x01, 0xE0, 0x78, 0x03, 0xFC, 0x01, 0xE0, 0x78, 0x03, 0xFC, 0x03, 0xE0, 0x7C, 0x03, 0xBC, 0x03, 0xC0, 0x3C, 0x07, 0x9C, 0x03, 0xC0,
    0x3C, 0x07, 0x9E, 0x03, 0xC0, 0x3C, 0x07, 0x9E, 0x07, 0xC0, 0x3E, 0x0F, 0x1E, 0x07, 0x80, 0x1E, 0x0F, 0x0F, 0x07, 0x80, 0x1E, 0x0F, 0x0F, 0x07,
    0x80, 0x1E, 0x1E, 0x0F, 0x0F, 0x00, 0x1F, 0x1E, 0x07, 0x8F, 0x00, 0x0F, 0x1E, 0x07, 0x8F, 0x00, 0x0F, 0x3C, 0x07, 0x8F, 0x00, 0x0F, 0x3C, 0x03,
    0x9E, 0x00, 0x07, 0xBC, 0x03, 0xDE, 0x00, 0x07, 0xB8, 0x03, 0xDE, 0x00, 0x07, 0xB8, 0x03, 0xDE, 0x00, 0x07, 0xF8, 0x01, 0xDC, 0x00, 0x03, 0xF8,
    0x01, 0xFC, 0x00, 0x03, 0xF0, 0x01, 0xFC, 0x00, 0x03, 0xF0, 0x00, 0xF8, 0x00, 0x03, 0xF0, 0x00, 0xF8, 0x00, 0xF8, 0x00, 0x3E, 0x7C, 0x00, 0x7C,
    0x3E, 0x00, 0x78, 0x1E, 0x00, 0xF8, 0x1F, 0x01, 0xF0, 0x0F, 0x81, 0xE0, 0x07, 0x83, 0xE0, 0x03, 0xC7, 0xC0, 0x03, 0xE7, 0x80, 0x01, 0xFF, 0x00,
    0x00, 0xFF, 0x00, 0x00, 0xFE, 0x00, 0x00, 0x7C, 0x00, 0x00, 0x7E, 0x00, 0x00, 0xFE, 0x00, 0x01, 0xFF, 0x00, 0x03, 0xEF, 0x80, 0x03, 0xC7, 0xC0,
    0x07, 0xC3, 0xC0, 0x0F, 0x83, 0xE0, 0x0F, 0x01, 0xF0, 0x1F, 0x00, 0xF0, 0x3E, 0x00, 0xF8, 0x3C, 0x00, 0x7C, 0x7C, 0x00, 0x3C, 0xF8, 0x00, 0x3F,
    0xF8, 0x00, 0x0F, 0x78, 0x00, 0x1F, 0x7C, 0x00, 0x1F, 0x7C, 0x00, 0x1E, 0x3C, 0x00, 0x3E, 0x3E, 0x00, 0x3C, 0x1E, 0x00, 0x3C, 0x1E, 0x00, 0x7C,
    0x1F, 0x00, 0x78, 0x0F, 0x00, 0xF8, 0x0F, 0x80, 0xF0, 0x07, 0x80, 0xF0, 0x07, 0x81, 0xF0, 0x07, 0xC1, 0xE0, 0x03, 0xC1, 0xE0, 0x03, 0xC3, 0xE0,
    0x01, 0xE3, 0xC0, 0x01, 0xE3, 0xC0, 0x01, 0xE7, 0x80, 0x00, 0xF7, 0x80, 0x00, 0xF7, 0x80, 0x00, 0x77, 0x00, 0x00, 0x7F, 0x00, 0x00, 0x3F, 0x00,
    0x00, 0x3E, 0x00, 0x00, 0x3E, 0x00, 0x00, 0x3C, 0x00, 0x00, 0x3C, 0x00, 0x00, 0x7C, 0x00, 0x00, 0x78, 0x00, 0x00, 0xF8, 0x00, 0x00, 0xF0, 0x00,
    0x01, 0xF0, 0x00, 0x7F, 0xE0, 0x00, 0x7F, 0xC0, 0x00, 0x7F, 0x80, 0x00, 0x7E, 0x00, 0x00, 0x7F, 0xFF, 0xC0, 0x7F, 0xFF, 0xC0, 0x7F, 0xFF, 0xC0,
    0x00, 0x03, 0xC0, 0x00, 0x07, 0xC0, 0x00, 0x0F, 0x80, 0x00, 0x0F, 0x00, 0x00, 0x1E, 0x00, 0x00, 0x3E, 0x00, 0x00, 0x7C, 0x00, 0x00, 0x78, 0x00,
    0x00, 0xF8, 0x00, 0x01, 0xF0, 0x00, 0x01, 0xE0, 0x00, 0x03, 0xC0, 0x00, 0x07, 0xC0, 0x00, 0x0F, 0x80, 0x00, 0x0F, 0x00, 0x00, 0x1F, 0x00, 0x00,
    0x3E, 0x00, 0x00, 0x3C, 0x00, 0x00, 0x78, 0x00, 0x00, 0xF8, 0x00, 0x00, 0xFF, 0xFF, 0xE0, 0xFF, 0xFF, 0xE0, 0xFF, 0xFF, 0xE0, 0x00, 0x0F, 0x00,
    0x7F, 0x00, 0xFF, 0x01, 0xFF, 0x01, 0xF0, 0x03, 0xE0, 0x03, 0xE0, 0x03, 0xC0, 0x03, 0xC0, 0x03, 0xC0, 0x03, 0xC0, 0x03, 0xC0, 0x03, 0xC0, 0x03,
    0xC0, 0x03, 0xC0, 0x03, 0xC0, 0x03, 0xC0, 0x07, 0xC0, 0x0F, 0x80, 0xFF, 0x00, 0xFC, 0x00, 0xFE, 0x00, 0xFF, 0x80, 0x07, 0xC0, 0x03, 0xC0, 0x03,
    0xC0, 0x03, 0xC0, 0x03, 0xC0, 0x03, 0xC0, 0x03, 0xC0, 0x03, 0xC0, 0x03, 0xC0, 0x03, 0xC0, 0x03, 0xC0, 0x03, 0xC0, 0x03, 0xE0, 0x01, 0xE0, 0x01,
    0xF8, 0x00, 0xFF, 0x00, 0x7F, 0x00, 0x3F, 0xF0, 0xF0, 0xF0, 0xF0, 0xF0, 0xF0, 0xF0, 0xF0, 0xF0, 0xF0, 0xF0, 0xF0, 0xF0, 0xF0, 0xF0, 0xF0, 0xF0,
    0xF0, 0xF0, 0xF0, 0xF0, 0xF0, 0xF0, 0xF0, 0xF0, 0xF0, 0xF0, 0xF0, 0xF0, 0xF0, 0xF0, 0xF0, 0xF0, 0xF0, 0xF0, 0xF0, 0xF0, 0xF0, 0xF0, 0xF0, 0xF0,
    0xF0, 0xF0, 0xF0, 0xF0, 0xF0, 0xF0, 0xF0, 0xF0, 0x00, 0xFC, 0x00, 0xFE, 0x00, 0xFF, 0x00, 0x1F, 0x80, 0x0F, 0x80, 0x07, 0x80, 0x07, 0x80, 0x07,
    0x80, 0x07, 0x80, 0x07, 0x80, 0x07, 0x80, 0x07, 0x80, 0x07, 0x80, 0x07, 0x80, 0x07, 0x80, 0x07, 0x80, 0x07, 0xC0, 0x03, 0xF0, 0x01, 0xFE, 0x00,
    0x3E, 0x00, 0xFE, 0x03, 0xFE, 0x03, 0xE0, 0x07, 0xC0, 0x07, 0x80, 0x07, 0x80, 0x07, 0x80, 0x07, 0x80, 0x07, 0x80, 0x07, 0x80, 0x07, 0x80, 0x07,
    0x80, 0x07, 0x80, 0x07, 0x80, 0x07, 0x80, 0x0F, 0x80, 0x3F, 0x00, 0xFF, 0x00, 0xFE, 0x00, 0xF8, 0x00, 0x3F, 0xE0, 0x02, 0x7F, 0xF8, 0x06, 0xFF,
    0xFF, 0xBE, 0xF0, 0x7F, 0xFE, 0xC0, 0x1F, 0xFC, 0x80, 0x03, 0xF0, 0x00, 0x38, 0x00, 0x00, 0x38, 0x00, 0x00, 0x38, 0x00, 0x00, 0xFF, 0x80, 0x03,
    0xFF, 0xE0, 0x0F, 0xFF, 0xE0, 0x1F, 0xFF, 0xE0, 0x3F, 0x00, 0x40, 0x3E, 0x00, 0x00, 0x7C, 0x00, 0x00, 0x7C, 0x00, 0x00, 0x78, 0x00, 0x00, 0x78,
    0x00, 0x00, 0x78, 0x00, 0x00, 0xF8, 0x00, 0x00, 0xF8, 0x00, 0x00, 0xF8, 0x00, 0x00, 0xF8, 0x00, 0x00, 0xF8, 0x00, 0x00, 0x78, 0x00, 0x00, 0x78,
    0x00, 0x00, 0x78, 0x00, 0x00, 0x7C, 0x00, 0x00, 0x3C, 0x00, 0x00, 0x3E, 0x00, 0x00, 0x1F, 0x80, 0xE0, 0x0F, 0xFF, 0xE0, 0x07, 0xFF, 0xE0, 0x03,
    0xFF, 0xC0, 0x00, 0x38, 0x00, 0x00, 0x38, 0x00, 0x00, 0x38, 0x00, 0x00, 0x38, 0x00, 0x00, 0x38, 0x00, 0x00, 0x02, 0x00, 0x00, 0x7F, 0xF0, 0x01,
    0xFF, 0xFE, 0x03, 0xFF, 0xFC, 0x03, 0xE0, 0x7C, 0x07, 0xC0, 0x08, 0x07, 0x80, 0x00, 0x0F, 0x80, 0x00, 0x0F, 0x80, 0x00, 0x0F, 0x80, 0x00, 0x0F,
    0x80, 0x00, 0x0F, 0x80, 0x00, 0x0F, 0x80, 0x00, 0x0F, 0x80, 0x00, 0x0F, 0x80, 0x00, 0x0F, 0x80, 0x00, 0x0F, 0x80, 0x00, 0xFF, 0xFF, 0xC0, 0xFF,
    0xFF, 0xC0, 0xFF, 0xFF, 0xC0, 0x0F, 0x80, 0x00, 0x0F, 0x80, 0x00, 0x0F, 0x80, 0x00, 0x0F, 0x80, 0x00, 0x0F, 0x80, 0x00, 0x0F, 0x80, 0x00, 0x0F,
    0x00, 0x00, 0x0F, 0x00, 0x00, 0x0F, 0x00, 0x00, 0x1E, 0x00, 0x00, 0x3E, 0x00, 0x00, 0xF8, 0x00, 0x00, 0xFF, 0xFF, 0xFF, 0xFF, 0xFF, 0xFF, 0xFF,
    0xFF, 0xFF, 0xF0, 0x00, 0x07, 0xC0, 0xF8, 0x00, 0x0F, 0x80, 0x78, 0x00, 0x0F, 0x00, 0x3C, 0x00, 0x1F, 0x00, 0x3C, 0x00, 0x1E, 0x00, 0x1E, 0x00,
    0x3E, 0x00, 0x1E, 0x00, 0x3C, 0x00, 0x0F, 0x00, 0x7C, 0x00, 0x0F, 0x00, 0x78, 0x00, 0x07, 0x80, 0xF0, 0x00, 0x07, 0xC0, 0xF0, 0x00, 0x03, 0xC1,
    0xE0, 0x00, 0x03, 0xE1, 0xE0, 0x00, 0x01, 0xE3, 0xC0, 0x00, 0x00, 0xF3, 0xC0, 0x00, 0x00, 0xF7, 0x80, 0x00, 0x00, 0x7F, 0x80, 0x00, 0x00, 0x7F,
    0x00, 0x00, 0x1F, 0xFF, 0xFC, 0x00, 0x1F, 0xFF, 0xFC, 0x00, 0x1F, 0xFF, 0xFC, 0x00, 0x00, 0x1E, 0x00, 0x00, 0x00, 0x1E, 0x00, 0x00, 0x00, 0x1E,
    0x00, 0x00, 0x00, 0x1E, 0x00, 0x00, 0x1F, 0xFF, 0xFC, 0x00, 0x1F, 0xFF, 0xFC, 0x00, 0x1F, 0xFF, 0xFC, 0x00, 0x00, 0x1E, 0x00, 0x00, 0x00, 0x1E,
    0x00, 0x00, 0x00, 0x1E, 0x00, 0x00, 0x00, 0x1E, 0x00, 0x00, 0x00, 0x1E, 0x00, 0x00, 0x00, 0x1E, 0x00, 0x00, 0x03, 0xFC, 0x00, 0x1F, 0xFF, 0x80,
    0x3F, 0xFF, 0xC0, 0x7F, 0xBF, 0x80, 0x78, 0x01, 0x80, 0xF0, 0x00, 0x00, 0xF0, 0x00, 0x00, 0xF8, 0x00, 0x00, 0x7C, 0x00, 0x00, 0x7E, 0x00, 0x00,
    0x3F, 0xC0, 0x00, 0x1F, 0xF0, 0x00, 0x1F, 0xFC, 0x00, 0x3E, 0xFF, 0x00, 0x78, 0x3F, 0x80, 0x70, 0x0F, 0xC0, 0xF0, 0x03, 0xC0, 0xF0, 0x03, 0xC0,
    0xF0, 0x01, 0xC0, 0xF8, 0x01, 0xC0, 0x7C, 0x01, 0xC0, 0x7E, 0x03, 0xC0, 0x3F, 0xC7, 0x80, 0x0F, 0xFF, 0x00, 0x07, 0xFE, 0x00, 0x00, 0xFF, 0x00,
    0x00, 0x1F, 0x80, 0x00, 0x07, 0xC0, 0x00, 0x03, 0xC0, 0x00, 0x03, 0xC0, 0x00, 0x03, 0xC0, 0x00, 0x03, 0xC0, 0xC0, 0x07, 0xC0, 0xFF, 0xFF, 0x80,
    0xFF, 0xFF, 0x00, 0xFF, 0xFE, 0x00, 0x1F, 0xF8, 0x00, 0x00, 0x07, 0xFC, 0x00, 0x00, 0x00, 0x3F, 0xFF, 0x80, 0x00, 0x00, 0xFF, 0xFF, 0xE0, 0x00,
    0x01, 0xF8, 0x01, 0xF8, 0x00, 0x03, 0xE0, 0x00, 0x7C, 0x00, 0x07, 0x80, 0x00, 0x1E, 0x00, 0x0F, 0x00, 0x00, 0x0F, 0x00, 0x1E, 0x03, 0xFF, 0x07,
    0x80, 0x1C, 0x07, 0xFF, 0x83, 0x80, 0x38, 0x0F, 0xFF, 0x01, 0xC0, 0x38, 0x1F, 0x07, 0x01, 0xC0, 0x70, 0x3E, 0x00, 0x00, 0xE0, 0x70, 0x3C, 0x00,
    0x00, 0xE0, 0x70, 0x3C, 0x00, 0x00, 0xE0, 0x60, 0x78, 0x00, 0x00, 0x60, 0xE0, 0x78, 0x00, 0x00, 0x60, 0xE0, 0x78, 0x00, 0x00, 0x70, 0xE0, 0x78,
    0x00, 0x00, 0x70, 0xE0, 0x78, 0x00, 0x00, 0x70, 0xE0, 0x78, 0x00, 0x00, 0x60, 0x60, 0x78, 0x00, 0x00, 0x60, 0x70, 0x3C, 0x00, 0x00, 0xE0, 0x70,
    0x3C, 0x00, 0x00, 0xE0, 0x70, 0x3E, 0x00, 0x00, 0xE0, 0x38, 0x1F, 0x03, 0x01, 0xC0, 0x38, 0x0F, 0xFF, 0x01, 0xC0, 0x1C, 0x0F, 0xFF, 0x03, 0x80,
    0x1E, 0x03, 0xFE, 0x07, 0x80, 0x0F, 0x00, 0x00, 0x0F, 0x00, 0x07, 0x80, 0x00, 0x1E, 0x00, 0x03, 0xE0, 0x00, 0x7C, 0x00, 0x01, 0xF8, 0x01, 0xF8,
    0x00, 0x00, 0xFF, 0xFF, 0xF0, 0x00, 0x00, 0x3F, 0xFF, 0xC0, 0x00, 0x00, 0x07, 0xFC, 0x00, 0x00, 0x00, 0x80, 0x40, 0x01, 0xC0, 0x70, 0x03, 0xE0,
    0xF8, 0x07, 0xC1, 0xE0, 0x07, 0x83, 0xE0, 0x0F, 0x07, 0xC0, 0x1E, 0x0F, 0x80, 0x3E, 0x0F, 0x00, 0x7C, 0x1E, 0x00, 0xF8, 0x3E, 0x00, 0xF0, 0x7C,
    0x00, 0x78, 0x3E, 0x00, 0x7C, 0x1F, 0x00, 0x3E, 0x0F, 0x00, 0x1F, 0x07, 0x80, 0x0F, 0x83, 0xC0, 0x07, 0x83, 0xE0, 0x03, 0xC1, 0xF0, 0x03, 0xE0,
    0xF8, 0x01, 0x80, 0x60, 0x00, 0x07, 0xFC, 0x00, 0x00, 0x00, 0x3F, 0xFF, 0x80, 0x00, 0x00, 0xFF, 0xFF, 0xE0, 0x00, 0x01, 0xF8, 0x01, 0xF8, 0x00,
    0x03, 0xE0, 0x00, 0x7C, 0x00, 0x07, 0x80, 0x00, 0x1E, 0x00, 0x0F, 0x00, 0x00, 0x0F, 0x00, 0x1E, 0x1F, 0xF8, 0x07, 0x80, 0x1C, 0x1F, 0xFE, 0x03,
    0x80, 0x38, 0x1F, 0xFF, 0x01, 0xC0, 0x38, 0x1E, 0x7F, 0x81, 0xC0, 0x70, 0x1E, 0x07, 0x80, 0xE0, 0x70, 0x1E, 0x07, 0x80, 0xE0, 0x70, 0x1E, 0x07,
    0x80, 0xE0, 0x60, 0x1E, 0x07, 0x80, 0x60, 0xE0, 0x1E, 0x0F, 0x80, 0x60, 0xE0, 0x1E, 0x3F, 0x00, 0x70, 0xE0, 0x1F, 0xFE, 0x00, 0x70, 0xE0, 0x1F,
    0xFC, 0x00, 0x70, 0xE0, 0x1F, 0xFC, 0x00, 0x60, 0x60, 0x1E, 0x3C, 0x00, 0x60, 0x70, 0x1E, 0x1E, 0x00, 0xE0, 0x70, 0x1E, 0x0F, 0x00, 0xE0, 0x70,
    0x1E, 0x0F, 0x00, 0xE0, 0x38, 0x1E, 0x07, 0x81, 0xC0, 0x38, 0x1E, 0x07, 0x81, 0xC0, 0x1C, 0x1E, 0x03, 0xC3, 0x80, 0x1E, 0x1E, 0x01, 0xE7, 0x80,
    0x0F, 0x00, 0x00, 0x0F, 0x00, 0x07, 0x80, 0x00, 0x1E, 0x00, 0x03, 0xE0, 0x00, 0x7C, 0x00, 0x01, 0xF8, 0x01, 0xF8, 0x00, 0x00, 0xFF, 0xFF, 0xF0,
    0x00, 0x00, 0x3F, 0xFF, 0xC0, 0x00, 0x00, 0x07, 0xFC, 0x00, 0x00, 0x07, 0xC0, 0x1F, 0xF0, 0x7F, 0xF8, 0x78, 0x3C, 0xF0, 0x1C, 0xE0, 0x1E, 0xE0,
    0x0E, 0xE0, 0x0E, 0xE0, 0x0E, 0xE0, 0x1E, 0xF0, 0x1C, 0x78, 0x3C, 0x7F, 0xF8, 0x3F, 0xF0, 0x0F, 0xC0, 0x00, 0x38, 0x00, 0x00, 0x38, 0x00, 0x00,
    0x38, 0x00, 0x00, 0x38, 0x00, 0x00, 0x38, 0x00, 0x00, 0x38, 0x00, 0x00, 0x38, 0x00, 0x00, 0x38, 0x00, 0x00, 0x38, 0x00, 0x00, 0x38, 0x00, 0xFF,
    0xFF, 0xFE, 0xFF, 0xFF, 0xFE, 0xFF, 0xFF, 0xFE, 0x00, 0x38, 0x00, 0x00, 0x38, 0x00, 0x00, 0x38, 0x00, 0x00, 0x38, 0x00, 0x00, 0x38, 0x00, 0x00,
    0x38, 0x00, 0x00, 0x38, 0x00, 0x00, 0x38, 0x00, 0x00, 0x38, 0x00, 0x00, 0x38, 0x00, 0x00, 0x00, 0x00, 0x00, 0x00, 0x00, 0xFF, 0xFF, 0xFE, 0xFF,
    0xFF, 0xFE, 0xFF, 0xFF, 0xFE, 0x01, 0xFF, 0xFE, 0x0F, 0xFF, 0xFE, 0x1F, 0xFF, 0xFE, 0x3F, 0xFF, 0x06, 0x7F, 0xFF, 0x06, 0x7F, 0xFF, 0x06, 0xFF,
    0xFF, 0x06, 0xFF, 0xFF, 0x06, 0xFF, 0xFF, 0x06, 0xFF, 0xFF, 0x06, 0xFF, 0xFF, 0x06, 0xFF, 0xFF, 0x06, 0xFF, 0xFF, 0x06, 0xFF, 0xFF, 0x06, 0xFF,
    0xFF, 0x06, 0xFF, 0xFF, 0x06, 0xFF, 0xFF, 0x06, 0xFF, 0xFF, 0x06, 0x7F, 0xFF, 0x06, 0x7F, 0xFF, 0x06, 0x3F, 0xFF, 0x06, 0x3F, 0xFF, 0x06, 0x0F,
    0xFF, 0x06, 0x03, 0xFF, 0x06, 0x00, 0x07, 0x06, 0x00, 0x07, 0x06, 0x00, 0x07, 0x06, 0x00, 0x07, 0x06, 0x00, 0x07, 0x06, 0x00, 0x07, 0x06, 0x00,
    0x07, 0x06, 0x00, 0x07, 0x06, 0x00, 0x07, 0x06, 0x00, 0x07, 0x06, 0x00, 0x07, 0x06, 0x00, 0x07, 0x06, 0x00, 0x07, 0x06, 0x00, 0x07, 0x06, 0x00,
    0x07, 0x06, 0x00, 0x07, 0x06, 0x00, 0x07, 0x06, 0x00, 0x07, 0x06, 0x38, 0x7C, 0xFC, 0xFC, 0x7C, 0x38, 0x20, 0x08, 0x00, 0x70, 0x38, 0x00, 0xF8,
    0x7C, 0x00, 0x78, 0x1E, 0x00, 0x3C, 0x1F, 0x00, 0x1E, 0x0F, 0x80, 0x1F, 0x07, 0xC0, 0x0F, 0x83, 0xC0, 0x07, 0xC1, 0xE0, 0x03, 0xE1, 0xF0, 0x03,
    0xE0, 0xF8, 0x03, 0xC1, 0xF0, 0x07, 0x83, 0xE0, 0x0F, 0x87, 0xC0, 0x1F, 0x07, 0x80, 0x3E, 0x0F, 0x00, 0x3C, 0x1F, 0x00, 0x78, 0x3E, 0x00, 0xF0,
    0x7C, 0x00, 0x70, 0x18, 0x00, 0x00, 0x7C, 0x00, 0x00, 0x00, 0x7E, 0x00, 0x00, 0x00, 0x3E, 0x00, 0x00, 0x00, 0x1F, 0x00, 0x00, 0x00, 0x0F, 0x00,
    0x00, 0x00, 0x07, 0x80, 0x00, 0x00, 0x03, 0xC0, 0x00, 0x00, 0x01, 0xE0, 0x00, 0x00, 0x00, 0x00, 0x00, 0x00, 0x00, 0x00, 0x00, 0x00, 0x00, 0x00,
    0x00, 0x00, 0x00, 0x00, 0x00, 0x00, 0x07, 0x80, 0x00, 0x00, 0x07, 0xC0, 0x00, 0x00, 0x0F, 0xC0, 0x00, 0x00, 0x0F, 0xE0, 0x00, 0x00, 0x0F, 0xE0,
    0x00, 0x00, 0x1E, 0xE0, 0x00, 0x00, 0x1E, 0xF0, 0x00, 0x00, 0x3C, 0xF0, 0x00, 0x00, 0x3C, 0xF8, 0x00, 0x00, 0x3C, 0x78, 0x00, 0x00, 0x78, 0x78,
    0x00, 0x00, 0x78, 0x3C, 0x00, 0x00, 0xF8, 0x3C, 0x00, 0x00, 0xF0, 0x3E, 0x00, 0x00, 0xF0, 0x1E, 0x00, 0x01, 0xF0, 0x1E, 0x00, 0x01, 0xE0, 0x1F,
    0x00, 0x03, 0xE0, 0x0F, 0x00, 0x03, 0xC0, 0x0F, 0x80, 0x03, 0xC0, 0x07, 0x80, 0x07, 0xFF, 0xFF, 0x80, 0x07, 0xFF, 0xFF, 0xC0, 0x07, 0xFF, 0xFF,
    0xC0, 0x0F, 0x00, 0x03, 0xE0, 0x0F, 0x00, 0x03, 0xE0, 0x1F, 0x00, 0x01, 0xE0, 0x1E, 0x00, 0x01, 0xF0, 0x1E, 0x00, 0x00, 0xF0, 0x3E, 0x00, 0x00,
    0xF0, 0x3C, 0x00, 0x00, 0xF8, 0x7C, 0x00, 0x00, 0x78, 0x78, 0x00, 0x00, 0x7C, 0x78, 0x00, 0x00, 0x3C, 0xF8, 0x00, 0x00, 0x3E, 0x00, 0x00, 0x7C,
    0x00, 0x00, 0x00, 0x7C, 0x00, 0x00, 0x00, 0xF8, 0x00, 0x00, 0x01, 0xF0, 0x00, 0x00, 0x01, 0xE0, 0x00, 0x00, 0x03, 0xC0, 0x00, 0x00, 0x07, 0x80,
    0x00, 0x00, 0x07, 0x00, 0x00, 0x00, 0x00, 0x00, 0x00, 0x00, 0x00, 0x00, 0x00, 0x00, 0x00, 0x00, 0x00, 0x00, 0x00, 0x00, 0x00, 0x00, 0x07, 0x80,
    0x00, 0x00, 0x07, 0xC0, 0x00, 0x00, 0x0F, 0xC0, 0x00, 0x00, 0x0F, 0xE0, 0x00, 0x00, 0x0F, 0xE0, 0x00, 0x00, 0x1E, 0xE0, 0x00, 0x00, 0x1E, 0xF0,
    0x00, 0x00, 0x3C, 0xF0, 0x00, 0x00, 0x3C, 0xF8, 0x00, 0x00, 0x3C, 0x78, 0x00, 0x00, 0x78, 0x78, 0x00, 0x00, 0x78, 0x3C, 0x00, 0x00, 0xF8, 0x3C,
    0x00, 0x00, 0xF0, 0x3E, 0x00, 0x00, 0xF0, 0x1E, 0x00, 0x01, 0xF0, 0x1E, 0x00, 0x01, 0xE0, 0x1F, 0x00, 0x03, 0xE0, 0x0F, 0x00, 0x03, 0xC0, 0x0F,
    0x80, 0x03, 0xC0, 0x07, 0x80, 0x07, 0xFF, 0xFF, 0x80, 0x07, 0xFF, 0xFF, 0xC0, 0x07, 0xFF, 0xFF, 0xC0, 0x0F, 0x00, 0x03, 0xE0, 0x0F, 0x00, 0x03,
    0xE0, 0x1F, 0x00, 0x01, 0xE0, 0x1E, 0x00, 0x01, 0xF0, 0x1E, 0x00, 0x00, 0xF0, 0x3E, 0x00, 0x00, 0xF0, 0x3C, 0x00, 0x00, 0xF8, 0x7C, 0x00, 0x00,
    0x78, 0x78, 0x00, 0x00, 0x7C, 0x78, 0x00, 0x00, 0x3C, 0xF8, 0x00, 0x00, 0x3E, 0x00, 0x07, 0x80, 0x00, 0x00, 0x0F, 0xC0, 0x00, 0x00, 0x0F, 0xE0,
    0x00, 0x00, 0x1F, 0xF0, 0x00, 0x00, 0x3C, 0xF0, 0x00, 0x00, 0x78, 0x78, 0x00, 0x00, 0xF0, 0x3C, 0x00, 0x01, 0xE0, 0x0E, 0x00, 0x00, 0x00, 0x00,
    0x00, 0x00, 0x00, 0x00, 0x00, 0x00, 0x00, 0x00, 0x00, 0x00, 0x00, 0x00, 0x00, 0x00, 0x07, 0x80, 0x00, 0x00, 0x07, 0xC0, 0x00, 0x00, 0x0F, 0xC0,
    0x00, 0x00, 0x0F, 0xE0, 0x00, 0x00, 0x0F, 0xE0, 0x00, 0x00, 0x1E, 0xE0, 0x00, 0x00, 0x1E, 0xF0, 0x00, 0x00, 0x3C, 0xF0, 0x00, 0x00, 0x3C, 0xF8,
    0x00, 0x00, 0x3C, 0x78, 0x00, 0x00, 0x78, 0x78, 0x00, 0x00, 0x78, 0x3C, 0x00, 0x00, 0xF8, 0x3C, 0x00, 0x00, 0xF0, 0x3E, 0x00, 0x00, 0xF0, 0x1E,
    0x00, 0x01, 0xF0, 0x1E, 0x00, 0x01, 0xE0, 0x1F, 0x00, 0x03, 0xE0, 0x0F, 0x00, 0x03, 0xC0, 0x0F, 0x80, 0x03, 0xC0, 0x07, 0x80, 0x07, 0xFF, 0xFF,
    0x80, 0x07, 0xFF, 0xFF, 0xC0, 0x07, 0xFF, 0xFF, 0xC0, 0x0F, 0x00, 0x03, 0xE0, 0x0F, 0x00, 0x03, 0xE0, 0x1F, 0x00, 0x01, 0xE0, 0x1E, 0x00, 0x01,
    0xF0, 0x1E, 0x00, 0x00, 0xF0, 0x3E, 0x00, 0x00, 0xF0, 0x3C, 0x00, 0x00, 0xF8, 0x7C, 0x00, 0x00, 0x78, 0x78, 0x00, 0x00, 0x7C, 0x78, 0x00, 0x00,
    0x3C, 0xF8, 0x00, 0x00, 0x3E, 0x00, 0x3C, 0x03, 0x00, 0x00, 0xFF, 0x07, 0x00, 0x01, 0xFF, 0xFF, 0x00, 0x01, 0xEF, 0xFE, 0x00, 0x01, 0xC3, 0xFC,
    0x00, 0x03, 0x80, 0x78, 0x00, 0x00, 0x00, 0x00, 0x00, 0x00, 0x00, 0x00, 0x00, 0x00, 0x00, 0x00, 0x00, 0x00, 0x00, 0x00, 0x00, 0x00, 0x07, 0x80,
    0x00, 0x00, 0x07, 0xC0, 0x00, 0x00, 0x0F, 0xC0, 0x00, 0x00, 0x0F, 0xE0, 0x00, 0x00, 0x0F, 0xE0, 0x00, 0x00, 0x1E, 0xE0, 0x00, 0x00, 0x1E, 0xF0,
    0x00, 0x00, 0x3C, 0xF0, 0x00, 0x00, 0x3C, 0xF8, 0x00, 0x00, 0x3C, 0x78, 0x00, 0x00, 0x78, 0x78, 0x00, 0x00, 0x78, 0x3C, 0x00, 0x00, 0xF8, 0x3C,
    0x00, 0x00, 0xF0, 0x3E, 0x00, 0x00, 0xF0, 0x1E, 0x00, 0x01, 0xF0, 0x1E, 0x00, 0x01, 0xE0, 0x1F, 0x00, 0x03, 0xE0, 0x0F, 0x00, 0x03, 0xC0, 0x0F,
    0x80, 0x03, 0xC0, 0x07, 0x80, 0x07, 0xFF, 0xFF, 0x80, 0x07, 0xFF, 0xFF, 0xC0, 0x07, 0xFF, 0xFF, 0xC0, 0x0F, 0x00, 0x03, 0xE0, 0x0F, 0x00, 0x03,
    0xE0, 0x1F, 0x00, 0x01, 0xE0, 0x1E, 0x00, 0x01, 0xF0, 0x1E, 0x00, 0x00, 0xF0, 0x3E, 0x00, 0x00, 0xF0, 0x3C, 0x00, 0x00, 0xF8, 0x7C, 0x00, 0x00,
    0x78, 0x78, 0x00, 0x00, 0x7C, 0x78, 0x00, 0x00, 0x3C, 0xF8, 0x00, 0x00, 0x3E, 0x00, 0x70, 0x38, 0x00, 0x00, 0x78, 0x3C, 0x00, 0x00, 0x78, 0x3C,
    0x00, 0x00, 0x78, 0x3C, 0x00, 0x00, 0x70, 0x38, 0x00, 0x00, 0x00, 0x00, 0x00, 0x00, 0x00, 0x00, 0x00, 0x00, 0x00, 0x00, 0x00, 0x00, 0x00, 0x00,
    0x00, 0x00, 0x00, 0x00, 0x00, 0x00, 0x07, 0x80, 0x00, 0x00, 0x07, 0xC0, 0x00, 0x00, 0x0F, 0xC0, 0x00, 0x00, 0x0F, 0xE0, 0x00, 0x00, 0x0F, 0xE0,
    0x00, 0x00, 0x1E, 0xE0, 0x00, 0x00, 0x1E, 0xF0, 0x00, 0x00, 0x3C, 0xF0, 0x00, 0x00, 0x3C, 0xF8, 0x00, 0x00, 0x3C, 0x78, 0x00, 0x00, 0x78, 0x78,
    0x00, 0x00, 0x78, 0x3C, 0x00, 0x00, 0xF8, 0x3C, 0x00, 0x00, 0xF0, 0x3E, 0x00, 0x00, 0xF0, 0x1E, 0x00, 0x01, 0xF0, 0x1E, 0x00, 0x01, 0xE0, 0x1F,
    0x00, 0x03, 0xE0, 0x0F, 0x00, 0x03, 0xC0, 0x0F, 0x80, 0x03, 0xC0, 0x07, 0x80, 0x07, 0xFF, 0xFF, 0x80, 0x07, 0xFF, 0xFF, 0xC0, 0x07, 0xFF, 0xFF,
    0xC0, 0x0F, 0x00, 0x03, 0xE0, 0x0F, 0x00, 0x03, 0xE0, 0x1F, 0x00, 0x01, 0xE0, 0x1E, 0x00, 0x01, 0xF0, 0x1E, 0x00, 0x00, 0xF0, 0x3E, 0x00, 0x00,
    0xF0, 0x3C, 0x00, 0x00, 0xF8, 0x7C, 0x00, 0x00, 0x78, 0x78, 0x00, 0x00, 0x7C, 0x78, 0x00, 0x00, 0x3C, 0xF8, 0x00, 0x00, 0x3E, 0x00, 0x07, 0xC0,
    0x00, 0x00, 0x1F, 0xE0, 0x00, 0x00, 0x3C, 0x70, 0x00, 0x00, 0x38, 0x30, 0x00, 0x00, 0x38, 0x38, 0x00, 0x00, 0x38, 0x38, 0x00, 0x00, 0x38, 0x30,
    0x00, 0x00, 0x1C, 0x70, 0x00, 0x00, 0x1F, 0xE0, 0x00, 0x00, 0x07, 0xC0, 0x00, 0x00, 0x0F, 0xC0, 0x00, 0x00, 0x0F, 0xE0, 0x00, 0x00, 0x0F, 0xE0,
    0x00, 0x00, 0x1E, 0xE0, 0x00, 0x00, 0x1E, 0xF0, 0x00, 0x00, 0x3C, 0xF0, 0x00, 0x00, 0x3C, 0xF8, 0x00, 0x00, 0x3C, 0x78, 0x00, 0x00, 0x78, 0x78,
    0x00, 0x00, 0x78, 0x3C, 0x00, 0x00, 0xF8, 0x3C, 0x00, 0x00, 0xF0, 0x3E, 0x00, 0x00, 0xF0, 0x1E, 0x00, 0x01, 0xF0, 0x1E, 0x00, 0x01, 0xE0, 0x1F,
    0x00, 0x03, 0xE0, 0x0F, 0x00, 0x03, 0xC0, 0x0F, 0x80, 0x03, 0xC0, 0x07, 0x80, 0x07, 0xFF, 0xFF, 0x80, 0x07, 0xFF, 0xFF, 0xC0, 0x07, 0xFF, 0xFF,
    0xC0, 0x0F, 0x00, 0x03, 0xE0, 0x0F, 0x00, 0x03, 0xE0, 0x1F, 0x00, 0x01, 0xE0, 0x1E, 0x00, 0x01, 0xF0, 0x1E, 0x00, 0x00, 0xF0, 0x3E, 0x00, 0x00,
    0xF0, 0x3C, 0x00, 0x00, 0xF8, 0x7C, 0x00, 0x00, 0x78, 0x78, 0x00, 0x00, 0x7C, 0x78, 0x00, 0x00, 0x3C, 0xF8, 0x00, 0x00, 0x3E, 0x00, 0x00, 0xFF,
    0xFF, 0xFE, 0x00, 0x01, 0xFF, 0xFF, 0xFE, 0x00, 0x01, 0xFF, 0xFF, 0xFE, 0x00, 0x01, 0xE3, 0xC0, 0x00, 0x00, 0x03, 0xC3, 0xC0, 0x00, 0x00, 0x03,
    0xC3, 0xC0, 0x00, 0x00, 0x07, 0x83, 0xC0, 0x00, 0x00, 0x07, 0x83, 0xC0, 0x00, 0x00, 0x0F, 0x83, 0xC0, 0x00, 0x00, 0x0F, 0x03, 0xC0, 0x00, 0x00,
    0x1F, 0x03, 0xC0, 0x00, 0x00, 0x1E, 0x03, 0xC0, 0x00, 0x00, 0x3E, 0x03, 0xC0, 0x00, 0x00, 0x3C, 0x03, 0xC0, 0x00, 0x00, 0x7C, 0x03, 0xC0, 0x00,
    0x00, 0x78, 0x03, 0xFF, 0xFE, 0x00, 0xF8, 0x03, 0xFF, 0xFE, 0x00, 0xF0, 0x03, 0xFF, 0xFE, 0x01, 0xF0, 0x03, 0xC0, 0x00, 0x01, 0xE0, 0x03, 0xC0,
    0x00, 0x03, 0xFF, 0xFF, 0xC0, 0x00, 0x03, 0xFF, 0xFF, 0xC0, 0x00, 0x07, 0xFF, 0xFF, 0xC0, 0x00, 0x07, 0xC0, 0x03, 0xC0, 0x00, 0x0F, 0x80, 0x03,
    0xC0, 0x00, 0x0F, 0x80, 0x03, 0xC0, 0x00, 0x0F, 0x00, 0x03, 0xC0, 0x00, 0x1F, 0x00, 0x03, 0xC0, 0x00, 0x1E, 0x00, 0x03, 0xC0, 0x00, 0x3E, 0x00,
    0x03, 0xC0, 0x00, 0x3C, 0x00, 0x03, 0xC0, 0x00, 0x7C, 0x00, 0x03, 0xFF, 0xFE, 0x78, 0x00, 0x03, 0xFF, 0xFE, 0xF8, 0x00, 0x03, 0xFF, 0xFE, 0x00,
    0x00, 0x80, 0x00, 0x00, 0x3F, 0xFF, 0x00, 0x00, 0xFF, 0xFF, 0xC0, 0x03, 0xFF, 0xFF, 0x80, 0x07, 0xF0, 0x0F, 0x80, 0x0F, 0xC0, 0x01, 0x00, 0x1F,
    0x80, 0x00, 0x00, 0x3F, 0x00, 0x00, 0x00, 0x3E, 0x00, 0x00, 0x00, 0x7C, 0x00, 0x00, 0x00, 0x7C, 0x00, 0x00, 0x00, 0x78, 0x00, 0x00, 0x00, 0xF8,
    0x00, 0x00, 0x00, 0xF8, 0x00, 0x00, 0x00, 0xF8, 0x00, 0x00, 0x00, 0xF8, 0x00, 0x00, 0x00, 0xF8, 0x00, 0x00, 0x00, 0xF0, 0x00, 0x00, 0x00, 0xF0,
    0x00, 0x00, 0x00, 0xF8, 0x00, 0x00, 0x00, 0xF8, 0x00, 0x00, 0x00, 0xF8, 0x00, 0x00, 0x00, 0xF8, 0x00, 0x00, 0x00, 0x78, 0x00, 0x00, 0x00, 0x7C,
    0x00, 0x00, 0x00, 0x7C, 0x00, 0x00, 0x00, 0x3E, 0x00, 0x00, 0x00, 0x3E, 0x00, 0x00, 0x00, 0x1F, 0x00, 0x00, 0x00, 0x1F, 0x80, 0x00, 0x00, 0x0F,
    0xE0, 0x01, 0x80, 0x07, 0xFF, 0xFF, 0x80, 0x03, 0xFF, 0xFF, 0x80, 0x00, 0xFF, 0xFF, 0x80, 0x00, 0x1F, 0xFC, 0x00, 0x00, 0x07, 0x00, 0x00, 0x00,
    0x07, 0x00, 0x00, 0x00, 0x0F, 0x80, 0x00, 0x00, 0x0F, 0xE0, 0x00, 0x00, 0x01, 0xE0, 0x00, 0x00, 0x00, 0xF0, 0x00, 0x00, 0x00, 0xF0, 0x00, 0x00,
    0x00, 0xF0, 0x00, 0x00, 0x3F, 0xE0, 0x00, 0x00, 0x3F, 0xC0, 0x00, 0x00, 0x3F, 0x00, 0x00, 0x1F, 0x00, 0x00, 0x0F, 0x80, 0x00, 0x07, 0xC0, 0x00,
    0x07, 0xC0, 0x00, 0x03, 0xE0, 0x00, 0x01, 0xF0, 0x00, 0x00, 0xF0, 0x00, 0x00, 0x38, 0x00, 0x00, 0x00, 0x00, 0x00, 0x00, 0x00, 0x00, 0x00, 0x00,
    0x00, 0x00, 0x00, 0xFF, 0xFF, 0xE0, 0xFF, 0xFF, 0xE0, 0xFF, 0xFF, 0xE0, 0xF0, 0x00, 0x00, 0xF0, 0x00, 0x00, 0xF0, 0x00, 0x00, 0xF0, 0x00, 0x00,
    0xF0, 0x00, 0x00, 0xF0, 0x00, 0x00, 0xF0, 0x00, 0x00, 0xF0, 0x00, 0x00, 0xF0, 0x00, 0x00, 0xF0, 0x00, 0x00, 0xF0, 0x00, 0x00, 0xF0, 0x00, 0x00,
    0xFF, 0xFF, 0xC0, 0xFF, 0xFF, 0xC0, 0xFF, 0xFF, 0xC0, 0xF0, 0x00, 0x00, 0xF0, 0x00, 0x00, 0xF0, 0x00, 0x00, 0xF0, 0x00, 0x00, 0xF0, 0x00, 0x00,
    0xF0, 0x00, 0x00, 0xF0, 0x00, 0x00, 0xF0, 0x00, 0x00, 0xF0, 0x00, 0x00, 0xF0, 0x00, 0x00, 0xF0, 0x00, 0x00, 0xF0, 0x00, 0x00, 0xF0, 0x00, 0x00,
    0xFF, 0xFF, 0xE0, 0xFF, 0xFF, 0xE0, 0xFF, 0xFF, 0xE0, 0x00, 0x0F, 0x80, 0x00, 0x1F, 0x00, 0x00, 0x3F, 0x00, 0x00, 0x3E, 0x00, 0x00, 0x7C, 0x00,
    0x00, 0x78, 0x00, 0x00, 0xF0, 0x00, 0x01, 0xE0, 0x00, 0x00, 0x00, 0x00, 0x00, 0x00, 0x00, 0x00, 0x00, 0x00, 0x00, 0x00, 0x00, 0xFF, 0xFF, 0xE0,
    0xFF, 0xFF, 0xE0, 0xFF, 0xFF, 0xE0, 0xF0, 0x00, 0x00, 0xF0, 0x00, 0x00, 0xF0, 0x00, 0x00, 0xF0, 0x00, 0x00, 0xF0, 0x00, 0x00, 0xF0, 0x00, 0x00,
    0xF0, 0x00, 0x00, 0xF0, 0x00, 0x00, 0xF0, 0x00, 0x00, 0xF0, 0x00, 0x00, 0xF0, 0x00, 0x00, 0xF0, 0x00, 0x00, 0xFF, 0xFF, 0xC0, 0xFF, 0xFF, 0xC0,
    0xFF, 0xFF, 0xC0, 0xF0, 0x00, 0x00, 0xF0, 0x00, 0x00, 0xF0, 0x00, 0x00, 0xF0, 0x00, 0x00, 0xF0, 0x00, 0x00, 0xF0, 0x00, 0x00, 0xF0, 0x00, 0x00,
    0xF0, 0x00, 0x00, 0xF0, 0x00, 0x00, 0xF0, 0x00, 0x00, 0xF0, 0x00, 0x00, 0xF0, 0x00, 0x00, 0xF0, 0x00, 0x00, 0xFF, 0xFF, 0xE0, 0xFF, 0xFF, 0xE0,
    0xFF, 0xFF, 0xE0, 0x01, 0xF0, 0x00, 0x01, 0xF0, 0x00, 0x03, 0xF8, 0x00, 0x07, 0xFC, 0x00, 0x0F, 0xBE, 0x00, 0x1F, 0x1F, 0x00, 0x3E, 0x07, 0x80,
    0x38, 0x03, 0xC0, 0x00, 0x00, 0x00, 0x00, 0x00, 0x00, 0x00, 0x00, 0x00, 0x00, 0x00, 0x00, 0xFF, 0xFF, 0xE0, 0xFF, 0xFF, 0xE0, 0xFF, 0xFF, 0xE0,
    0xF0, 0x00, 0x00, 0xF0, 0x00, 0x00, 0xF0, 0x00, 0x00, 0xF0, 0x00, 0x00, 0xF0, 0x00, 0x00, 0xF0, 0x00, 0x00, 0xF0, 0x00, 0x00, 0xF0, 0x00, 0x00,
    0xF0, 0x00, 0x00, 0xF0, 0x00, 0x00, 0xF0, 0x00, 0x00, 0xF0, 0x00, 0x00, 0xFF, 0xFF, 0xC0, 0xFF, 0xFF, 0xC0, 0xFF, 0xFF, 0xC0, 0xF0, 0x00, 0x00,
    0xF0, 0x00, 0x00, 0xF0, 0x00, 0x00, 0xF0, 0x00, 0x00, 0xF0, 0x00, 0x00, 0xF0, 0x00, 0x00, 0xF0, 0x00, 0x00, 0xF0, 0x00, 0x00, 0xF0, 0x00, 0x00,
    0xF0, 0x00, 0x00, 0xF0, 0x00, 0x00, 0xF0, 0x00, 0x00, 0xF0, 0x00, 0x00, 0xFF, 0xFF, 0xE0, 0xFF, 0xFF, 0xE0, 0xFF, 0xFF, 0xE0, 0x0E, 0x07, 0x00,
    0x1E, 0x0F, 0x00, 0x1E, 0x0F, 0x00, 0x1E, 0x0F, 0x00, 0x0E, 0x07, 0x00, 0x00, 0x00, 0x00, 0x00, 0x00, 0x00, 0x00, 0x00, 0x00, 0x00, 0x00, 0x00,
    0x00, 0x00, 0x00, 0xFF, 0xFF, 0xE0, 0xFF, 0xFF, 0xE0, 0xFF, 0xFF, 0xE0, 0xF0, 0x00, 0x00, 0xF0, 0x00, 0x00, 0xF0, 0x00, 0x00, 0xF0, 0x00, 0x00,
    0xF0, 0x00, 0x00, 0xF0, 0x00, 0x00, 0xF0, 0x00, 0x00, 0xF0, 0x00, 0x00, 0xF0, 0x00, 0x00, 0xF0, 0x00, 0x00, 0xF0, 0x00, 0x00, 0xF0, 0x00, 0x00,
    0xFF, 0xFF, 0xC0, 0xFF, 0xFF, 0xC0, 0xFF, 0xFF, 0xC0, 0xF0, 0x00, 0x00, 0xF0, 0x00, 0x00, 0xF0, 0x00, 0x00, 0xF0, 0x00, 0x00, 0xF0, 0x00, 0x00,
    0xF0, 0x00, 0x00, 0xF0, 0x00, 0x00, 0xF0, 0x00, 0x00, 0xF0, 0x00, 0x00, 0xF0, 0x00, 0x00, 0xF0, 0x00, 0x00, 0xF0, 0x00, 0x00, 0xF0, 0x00, 0x00,
    0xFF, 0xFF, 0xE0, 0xFF, 0xFF, 0xE0, 0xFF, 0xFF, 0xE0, 0xF8, 0x00, 0xF8, 0x00, 0x7C, 0x00, 0x3E, 0x00, 0x1E, 0x00, 0x0F, 0x00, 0x07, 0x80, 0x03,
    0xC0, 0x00, 0x00, 0x00, 0x00, 0x00, 0x00, 0x00, 0x00, 0xFF, 0xF0, 0xFF, 0xF0, 0xFF, 0xF0, 0x3F, 0xC0, 0x0F, 0x00, 0x0F, 0x00, 0x0F, 0x00, 0x0F,
    0x00, 0x0F, 0x00, 0x0F, 0x00, 0x0F, 0x00, 0x0F, 0x00, 0x0F, 0x00, 0x0F, 0x00, 0x0F, 0x00, 0x0F, 0x00, 0x0F, 0x00, 0x0F, 0x00, 0x0F, 0x00, 0x0F,
    0x00, 0x0F, 0x00, 0x0F, 0x00, 0x0F, 0x00, 0x0F, 0x00, 0x0F, 0x00, 0x0F, 0x00, 0x0F, 0x00, 0x0F, 0x00, 0x0F, 0x00, 0x0F, 0x00, 0x0F, 0x00, 0xFF,
    0xF0, 0xFF, 0xF0, 0xFF, 0xF0, 0x00, 0xF8, 0x00, 0xF8, 0x01, 0xF0, 0x03, 0xE0, 0x03, 0xC0, 0x07, 0x80, 0x0F, 0x00, 0x0E, 0x00, 0x00, 0x00, 0x00,
    0x00, 0x00, 0x00, 0x00, 0x00, 0xFF, 0xF0, 0xFF, 0xF0, 0xFF, 0xF0, 0x3F, 0xC0, 0x0F, 0x00, 0x0F, 0x00, 0x0F, 0x00, 0x0F, 0x00, 0x0F, 0x00, 0x0F,
    0x00, 0x0F, 0x00, 0x0F, 0x00, 0x0F, 0x00, 0x0F, 0x00, 0x0F, 0x00, 0x0F, 0x00, 0x0F, 0x00, 0x0F, 0x00, 0x0F, 0x00, 0x0F, 0x00, 0x0F, 0x00, 0x0F,
    0x00, 0x0F, 0x00, 0x0F, 0x00, 0x0F, 0x00, 0x0F, 0x00, 0x0F, 0x00, 0x0F, 0x00, 0x0F, 0x00, 0x0F, 0x00, 0x0F, 0x00, 0xFF, 0xF0, 0xFF, 0xF0, 0xFF,
    0xF0, 0x03, 0xC0, 0x07, 0xE0, 0x07, 0xF0, 0x0F, 0xF0, 0x1E, 0x78, 0x3C, 0x3C, 0x78, 0x1E, 0xF0, 0x0F, 0x00, 0x00, 0x00, 0x00, 0x00, 0x00, 0x00,
    0x00, 0x3F, 0xFC, 0x3F, 0xFC, 0x3F, 0xFC, 0x0F, 0xF0, 0x03, 0xC0, 0x03, 0xC0, 0x03, 0xC0, 0x03, 0xC0, 0x03, 0xC0, 0x03, 0xC0, 0x03, 0xC0, 0x03,
    0xC0, 0x03, 0xC0, 0x03, 0xC0, 0x03, 0xC0, 0x03, 0xC0, 0x03, 0xC0, 0x03, 0xC0, 0x03, 0xC0, 0x03, 0xC0, 0x03, 0xC0, 0x03, 0xC0, 0x03, 0xC0, 0x03,
    0xC0, 0x03, 0xC0, 0x03, 0xC0, 0x03, 0xC0, 0x03, 0xC0, 0x03, 0xC0, 0x03, 0xC0, 0x03, 0xC0, 0x3F, 0xFC, 0x3F, 0xFC, 0x3F, 0xFC, 0x70, 0x38, 0x78,
    0x3C, 0xF8, 0x7C, 0x78, 0x3C, 0x70, 0x38, 0x00, 0x00, 0x00, 0x00, 0x00, 0x00, 0x00, 0x00, 0x00, 0x00, 0x7F, 0xF8, 0x7F, 0xF8, 0x7F, 0xF8, 0x1F,
    0xE0, 0x07, 0x80, 0x07, 0x80, 0x07, 0x80, 0x07, 0x80, 0x07, 0x80, 0x07, 0x80, 0x07, 0x80, 0x07, 0x80, 0x07, 0x80, 0x07, 0x80, 0x07, 0x80, 0x07,
    0x80, 0x07, 0x80, 0x07, 0x80, 0x07, 0x80, 0x07, 0x80, 0x07, 0x80, 0x07, 0x80, 0x07, 0x80, 0x07, 0x80, 0x07, 0x80, 0x07, 0x80, 0x07, 0x80, 0x07,
    0x80, 0x07, 0x80, 0x07, 0x80, 0x07, 0x80, 0x7F, 0xF8, 0x7F, 0xF8, 0x7F, 0xF8, 0x01, 0xF0, 0x1C, 0x00, 0x03, 0xFC, 0x1C, 0x00, 0x07, 0xFF, 0xF8,
    0x00, 0x07, 0xBF, 0xF8, 0x00, 0x07, 0x0F, 0xF0, 0x00, 0x0E, 0x01, 0xE0, 0x00, 0x00, 0x00, 0x00, 0x00, 0x00, 0x00, 0x00, 0x00, 0x00, 0x00, 0x00,
    0x00, 0x00, 0x00, 0x00, 0x00, 0xF8, 0x00, 0x01, 0xE0, 0xFC, 0x00, 0x01, 0xE0, 0xFC, 0x00, 0x01, 0xE0, 0xFE, 0x00, 0x01, 0xE0, 0xFF, 0x00, 0x01,
    0xE0, 0xFF, 0x00, 0x01, 0xE0, 0xEF, 0x80, 0x01, 0xE0, 0xEF, 0x80, 0x01, 0xE0, 0xE7, 0xC0, 0x01, 0xE0, 0xE3, 0xE0, 0x01, 0xE0, 0xF3, 0xE0, 0x01,
    0xE0, 0xF1, 0xF0, 0x01, 0xE0, 0xF0, 0xF8, 0x01, 0xE0, 0xF0, 0xF8, 0x01, 0xE0, 0xF0, 0x7C, 0x01, 0xE0, 0xF0, 0x3E, 0x01, 0xE0, 0xF0, 0x3E, 0x01,
    0xE0, 0xF0, 0x1F, 0x01, 0xE0, 0xF0, 0x0F, 0x81, 0xE0, 0xF0, 0x0F, 0x81, 0xE0, 0xF0, 0x07, 0xC1, 0xE0, 0xF0, 0x03, 0xE1, 0xE0, 0xF0, 0x03, 0xE1,
    0xE0, 0xF0, 0x01, 0xF1, 0xE0, 0xF0, 0x00, 0xF1, 0xE0, 0xF0, 0x00, 0xF9, 0xE0, 0xF0, 0x00, 0x7D, 0xE0, 0xF0, 0x00, 0x7D, 0xE0, 0xF0, 0x00, 0x3F,
    0xE0, 0xF0, 0x00, 0x1F, 0xE0, 0xF0, 0x00, 0x1F, 0xE0, 0xF0, 0x00, 0x0F, 0xE0, 0xF0, 0x00, 0x07, 0xE0, 0xF0, 0x00, 0x07, 0xE0, 0x00, 0x3E, 0x00,
    0x00, 0x00, 0x3E, 0x00, 0x00, 0x00, 0x1F, 0x00, 0x00, 0x00, 0x0F, 0x00, 0x00, 0x00, 0x0F, 0x80, 0x00, 0x00, 0x07, 0xC0, 0x00, 0x00, 0x01, 0xC0,
    0x00, 0x00, 0x00, 0xE0, 0x00, 0x00, 0x00, 0x00, 0x00, 0x00, 0x00, 0x00, 0x00, 0x00, 0x00, 0x00, 0x00, 0x00, 0x01, 0x00, 0x00, 0x00, 0x7F, 0xFC,
    0x00, 0x01, 0xFF, 0xFF, 0x00, 0x03, 0xFF, 0xFF, 0xC0, 0x07, 0xF0, 0x0F, 0xE0, 0x0F, 0xC0, 0x03, 0xF0, 0x1F, 0x00, 0x01, 0xF8, 0x3E, 0x00, 0x00,
    0xF8, 0x3E, 0x00, 0x00, 0x7C, 0x7C, 0x00, 0x00, 0x7C, 0x7C, 0x00, 0x00, 0x3C, 0x78, 0x00, 0x00, 0x3E, 0xF8, 0x00, 0x00, 0x3E, 0xF8, 0x00, 0x00,
    0x1E, 0xF8, 0x00, 0x00, 0x1E, 0xF8, 0x00, 0x00, 0x1E, 0xF8, 0x00, 0x00, 0x1F, 0xF0, 0x00, 0x00, 0x1F, 0xF0, 0x00, 0x00, 0x1F, 0xF8, 0x00, 0x00,
    0x1F, 0xF8, 0x00, 0x00, 0x1E, 0xF8, 0x00, 0x00, 0x1E, 0xF8, 0x00, 0x00, 0x1E, 0x78, 0x00, 0x00, 0x3E, 0x78, 0x00, 0x00, 0x3E, 0x7C, 0x00, 0x00,
    0x3C, 0x3C, 0x00, 0x00, 0x7C, 0x3E, 0x00, 0x00, 0x78, 0x1F, 0x00, 0x00, 0xF8, 0x1F, 0x80, 0x01, 0xF0, 0x0F, 0xE0, 0x07, 0xE0, 0x07, 0xFF, 0xFF,
    0xC0, 0x03, 0xFF, 0xFF, 0x80, 0x00, 0xFF, 0xFE, 0x00, 0x00, 0x1F, 0xF0, 0x00, 0x00, 0x00, 0x3E, 0x00, 0x00, 0x00, 0x7C, 0x00, 0x00, 0x00, 0x7C,
    0x00, 0x00, 0x00, 0xF8, 0x00, 0x00, 0x01, 0xF0, 0x00, 0x00, 0x01, 0xE0, 0x00, 0x00, 0x03, 0xC0, 0x00, 0x00, 0x07, 0x80, 0x00, 0x00, 0x00, 0x00,
    0x00, 0x00, 0x00, 0x00, 0x00, 0x00, 0x00, 0x00, 0x00, 0x00, 0x01, 0x00, 0x00, 0x00, 0x7F, 0xFC, 0x00, 0x01, 0xFF, 0xFF, 0x00, 0x03, 0xFF, 0xFF,
    0xC0, 0x07, 0xF0, 0x0F, 0xE0, 0x0F, 0xC0, 0x03, 0xF0, 0x1F, 0x00, 0x01, 0xF8, 0x3E, 0x00, 0x00, 0xF8, 0x3E, 0x00, 0x00, 0x7C, 0x7C, 0x00, 0x00,
    0x7C, 0x7C, 0x00, 0x00, 0x3C, 0x78, 0x00, 0x00, 0x3E, 0xF8, 0x00, 0x00, 0x3E, 0xF8, 0x00, 0x00, 0x1E, 0xF8, 0x00, 0x00, 0x1E, 0xF8, 0x00, 0x00,
    0x1E, 0xF8, 0x00, 0x00, 0x1F, 0xF0, 0x00, 0x00, 0x1F, 0xF0, 0x00, 0x00, 0x1F, 0xF8, 0x00, 0x00, 0x1F, 0xF8, 0x00, 0x00, 0x1E, 0xF8, 0x00, 0x00,
    0x1E, 0xF8, 0x00, 0x00, 0x1E, 0x78, 0x00, 0x00, 0x3E, 0x78, 0x00, 0x00, 0x3E, 0x7C, 0x00, 0x00, 0x3C, 0x3C, 0x00, 0x00, 0x7C, 0x3E, 0x00, 0x00,
    0x78, 0x1F, 0x00, 0x00, 0xF8, 0x1F, 0x80, 0x01, 0xF0, 0x0F, 0xE0, 0x07, 0xE0, 0x07, 0xFF, 0xFF, 0xC0, 0x03, 0xFF, 0xFF, 0x80, 0x00, 0xFF, 0xFE,
    0x00, 0x00, 0x1F, 0xF0, 0x00, 0x00, 0x03, 0xC0, 0x00, 0x00, 0x07, 0xE0, 0x00, 0x00, 0x0F, 0xE0, 0x00, 0x00, 0x1F, 0xF0, 0x00, 0x00, 0x3E, 0xF8,
    0x00, 0x00, 0x3C, 0x3C, 0x00, 0x00, 0x78, 0x1E, 0x00, 0x00, 0xE0, 0x0F, 0x00, 0x00, 0x00, 0x00, 0x00, 0x00, 0x00, 0x00, 0x00, 0x00, 0x00, 0x00,
    0x00, 0x00, 0x01, 0x00, 0x00, 0x00, 0x7F, 0xFC, 0x00, 0x01, 0xFF, 0xFF, 0x00, 0x03, 0xFF, 0xFF, 0xC0, 0x07, 0xF0, 0x0F, 0xE0, 0x0F, 0xC0, 0x03,
    0xF0, 0x1F, 0x00, 0x01, 0xF8, 0x3E, 0x00, 0x00, 0xF8, 0x3E, 0x00, 0x00, 0x7C, 0x7C, 0x00, 0x00, 0x7C, 0x7C, 0x00, 0x00, 0x3C, 0x78, 0x00, 0x00,
    0x3E, 0xF8, 0x00, 0x00, 0x3E, 0xF8, 0x00, 0x00, 0x1E, 0xF8, 0x00, 0x00, 0x1E, 0xF8, 0x00, 0x00, 0x1E, 0xF8, 0x00, 0x00, 0x1F, 0xF0, 0x00, 0x00,
    0x1F, 0xF0, 0x00, 0x00, 0x1F, 0xF8, 0x00, 0x00, 0x1F, 0xF8, 0x00, 0x00, 0x1E, 0xF8, 0x00, 0x00, 0x1E, 0xF8, 0x00, 0x00, 0x1E, 0x78, 0x00, 0x00,
    0x3E, 0x78, 0x00, 0x00, 0x3E, 0x7C, 0x00, 0x00, 0x3C, 0x3C, 0x00, 0x00, 0x7C, 0x3E, 0x00, 0x00, 0x78, 0x1F, 0x00, 0x00, 0xF8, 0x1F, 0x80, 0x01,
    0xF0, 0x0F, 0xE0, 0x07, 0xE0, 0x07, 0xFF, 0xFF, 0xC0, 0x03, 0xFF, 0xFF, 0x80, 0x00, 0xFF, 0xFE, 0x00, 0x00, 0x1F, 0xF0, 0x00, 0x00, 0x3E, 0x03,
    0x80, 0x00, 0x7F, 0x83, 0x00, 0x00, 0xFF, 0xEF, 0x00, 0x00, 0xFF, 0xFF, 0x00, 0x01, 0xC1, 0xFE, 0x00, 0x01, 0xC0, 0x7C, 0x00, 0x00, 0x00, 0x00,
    0x00, 0x00, 0x00, 0x00, 0x00, 0x00, 0x00, 0x00, 0x00, 0x00, 0x01, 0x00, 0x00, 0x00, 0x7F, 0xFC, 0x00, 0x01, 0xFF, 0xFF, 0x00, 0x03, 0xFF, 0xFF,
    0xC0, 0x07, 0xF0, 0x0F, 0xE0, 0x0F, 0xC0, 0x03, 0xF0, 0x1F, 0x00, 0x01, 0xF8, 0x3E, 0x00, 0x00, 0xF8, 0x3E, 0x00, 0x00, 0x7C, 0x7C, 0x00, 0x00,
    0x7C, 0x7C, 0x00, 0x00, 0x3C, 0x78, 0x00, 0x00, 0x3E, 0xF8, 0x00, 0x00, 0x3E, 0xF8, 0x00, 0x00, 0x1E, 0xF8, 0x00, 0x00, 0x1E, 0xF8, 0x00, 0x00,
    0x1E, 0xF8, 0x00, 0x00, 0x1F, 0xF0, 0x00, 0x00, 0x1F, 0xF0, 0x00, 0x00, 0x1F, 0xF8, 0x00, 0x00, 0x1F, 0xF8, 0x00, 0x00, 0x1E, 0xF8, 0x00, 0x00,
    0x1E, 0xF8, 0x00, 0x00, 0x1E, 0x78, 0x00, 0x00, 0x3E, 0x78, 0x00, 0x00, 0x3E, 0x7C, 0x00, 0x00, 0x3C, 0x3C, 0x00, 0x00, 0x7C, 0x3E, 0x00, 0x00,
    0x78, 0x1F, 0x00, 0x00, 0xF8, 0x1F, 0x80, 0x01, 0xF0, 0x0F, 0xE0, 0x07, 0xE0, 0x07, 0xFF, 0xFF, 0xC0, 0x03, 0xFF, 0xFF, 0x80, 0x00, 0xFF, 0xFE,
    0x00, 0x00, 0x1F, 0xF0, 0x00, 0x00, 0x38, 0x1C, 0x00, 0x00, 0x78, 0x3C, 0x00, 0x00, 0x7C, 0x3E, 0x00, 0x00, 0x78, 0x3C, 0x00, 0x00, 0x38, 0x1C,
    0x00, 0x00, 0x00, 0x00, 0x00, 0x00, 0x00, 0x00, 0x00, 0x00, 0x00, 0x00, 0x00, 0x00, 0x00, 0x00, 0x00, 0x00, 0x01, 0x00, 0x00, 0x00, 0x7F, 0xFC,
    0x00, 0x01, 0xFF, 0xFF, 0x00, 0x03, 0xFF, 0xFF, 0xC0, 0x07, 0xF0, 0x0F, 0xE0, 0x0F, 0xC0, 0x03, 0xF0, 0x1F, 0x00, 0x01, 0xF8, 0x3E, 0x00, 0x00,
    0xF8, 0x3E, 0x00, 0x00, 0x7C, 0x7C, 0x00, 0x00, 0x7C, 0x7C, 0x00, 0x00, 0x3C, 0x78, 0x00, 0x00, 0x3E, 0xF8, 0x00, 0x00, 0x3E, 0xF8, 0x00, 0x00,
    0x1E, 0xF8, 0x00, 0x00, 0x1E, 0xF8, 0x00, 0x00, 0x1E, 0xF8, 0x00, 0x00, 0x1F, 0xF0, 0x00, 0x00, 0x1F, 0xF0, 0x00, 0x00, 0x1F, 0xF8, 0x00, 0x00,
    0x1F, 0xF8, 0x00, 0x00, 0x1E, 0xF8, 0x00, 0x00, 0x1E, 0xF8, 0x00, 0x00, 0x1E, 0x78, 0x00, 0x00, 0x3E, 0x78, 0x00, 0x00, 0x3E, 0x7C, 0x00, 0x00,
    0x3C, 0x3C, 0x00, 0x00, 0x7C, 0x3E, 0x00, 0x00, 0x78, 0x1F, 0x00, 0x00, 0xF8, 0x1F, 0x80, 0x01, 0xF0, 0x0F, 0xE0, 0x07, 0xE0, 0x07, 0xFF, 0xFF,
    0xC0, 0x03, 0xFF, 0xFF, 0x80, 0x00, 0xFF, 0xFE, 0x00, 0x00, 0x1F, 0xF0, 0x00, 0x20, 0x00, 0x20, 0x30, 0x00, 0x30, 0xF8, 0x00, 0x78, 0x7C, 0x00,
    0xF8, 0x3E, 0x01, 0xF0, 0x1F, 0x03, 0xE0, 0x0F, 0x87, 0xC0, 0x07, 0xCF, 0x80, 0x03, 0xFF, 0x00, 0x01, 0xFE, 0x00, 0x00, 0xFC, 0x00, 0x00, 0xFC,
    0x00, 0x01, 0xFE, 0x00, 0x03, 0xFF, 0x00, 0x07, 0xCF, 0x80, 0x0F, 0x87, 0xC0, 0x1F, 0x03, 0xE0, 0x3E, 0x01, 0xF0, 0x7C, 0x00, 0xF8, 0xF8, 0x00,
    0x78, 0x70, 0x00, 0x30, 0x20, 0x00, 0x20, 0x00, 0x00, 0x00, 0x20, 0x00, 0x01, 0x00, 0x30, 0x00, 0x7F, 0xFC, 0x7C, 0x01, 0xFF, 0xFF, 0xF8, 0x03,
    0xFF, 0xFF, 0xF0, 0x07, 0xF0, 0x1F, 0xE0, 0x0F, 0xC0, 0x03, 0xF0, 0x1F, 0x00, 0x07, 0xF8, 0x3E, 0x00, 0x07, 0xF8, 0x3E, 0x00, 0x0F, 0x7C, 0x7C,
    0x00, 0x1F, 0x7C, 0x7C, 0x00, 0x1E, 0x3E, 0x78, 0x00, 0x3C, 0x3E, 0xF8, 0x00, 0x78, 0x3E, 0xF8, 0x00, 0xF8, 0x1E, 0xF8, 0x00, 0xF0, 0x1E, 0xF8,
    0x01, 0xE0, 0x1E, 0xF8, 0x03, 0xE0, 0x1F, 0xF0, 0x03, 0xC0, 0x1F, 0xF0, 0x07, 0x80, 0x1F, 0xF8, 0x0F, 0x00, 0x1F, 0xF8, 0x1F, 0x00, 0x1E, 0xF8,
    0x1E, 0x00, 0x1E, 0xF8, 0x3C, 0x00, 0x1E, 0x78, 0x7C, 0x00, 0x3E, 0x78, 0x78, 0x00, 0x3E, 0x7C, 0xF0, 0x00, 0x3C, 0x7D, 0xE0, 0x00, 0x7C, 0x3F,
    0xE0, 0x00, 0x78, 0x3F, 0xC0, 0x00, 0xF8, 0x1F, 0x80, 0x01, 0xF0, 0x0F, 0xE0, 0x07, 0xE0, 0x0F, 0xFF, 0xFF, 0xC0, 0x1F, 0xFF, 0xFF, 0x80, 0x3C,
    0xFF, 0xFE, 0x00, 0x3C, 0x1F, 0xF0, 0x00, 0x08, 0x00, 0x00, 0x00, 0x01, 0xF0, 0x00, 0x00, 0x00, 0xF8, 0x00, 0x00, 0x00, 0x78, 0x00, 0x00, 0x00,
    0x7C, 0x00, 0x00, 0x00, 0x3E, 0x00, 0x00, 0x00, 0x1E, 0x00, 0x00, 0x00, 0x0F, 0x00, 0x00, 0x00, 0x07, 0x80, 0x00, 0x00, 0x00, 0x00, 0x00, 0x00,
    0x00, 0x00, 0x00, 0x00, 0x00, 0x00, 0x00, 0x00, 0x00, 0x00, 0x00, 0xF8, 0x00, 0x03, 0xE0, 0xF8, 0x00, 0x03, 0xE0, 0xF8, 0x00, 0x03, 0xE0, 0xF8,
    0x00, 0x03, 0xE0, 0xF8, 0x00, 0x03, 0xE0, 0xF8, 0x00, 0x03, 0xE0, 0xF8, 0x00, 0x03, 0xE0, 0xF8, 0x00, 0x03, 0xE0, 0xF8, 0x00, 0x03, 0xE0, 0xF8,
    0x00, 0x03, 0xE0, 0xF8, 0x00, 0x03, 0xE0, 0xF8, 0x00, 0x03, 0xE0, 0xF8, 0x00, 0x03, 0xE0, 0xF8, 0x00, 0x03, 0xE0, 0xF8, 0x00, 0x03, 0xE0, 0xF8,
    0x00, 0x03, 0xE0, 0xF8, 0x00, 0x03, 0xE0, 0xF8, 0x00, 0x03, 0xE0, 0xF8, 0x00, 0x03, 0xE0, 0xF8, 0x00, 0x03, 0xE0, 0xF8, 0x00, 0x03, 0xE0, 0xF8,
    0x00, 0x03, 0xE0, 0xF8, 0x00, 0x03, 0xE0, 0xF8, 0x00, 0x03, 0xE0, 0x78, 0x00, 0x03, 0xC0, 0x78, 0x00, 0x03, 0xC0, 0x7C, 0x00, 0x07, 0xC0, 0x7C,
    0x00, 0x07, 0xC0, 0x3E, 0x00, 0x0F, 0x80, 0x1F, 0x80, 0x1F, 0x00, 0x0F, 0xFB, 0xFE, 0x00, 0x07, 0xFF, 0xFC, 0x00, 0x03, 0xFF, 0xF8, 0x00, 0x00,
    0x7F, 0xC0, 0x00, 0x00, 0x00, 0xF8, 0x00, 0x00, 0x01, 0xF0, 0x00, 0x00, 0x03, 0xE0, 0x00, 0x00, 0x03, 0xE0, 0x00, 0x00, 0x07, 0xC0, 0x00, 0x00,
    0x0F, 0x80, 0x00, 0x00, 0x0F, 0x00, 0x00, 0x00, 0x1C, 0x00, 0x00, 0x00, 0x00, 0x00, 0x00, 0x00, 0x00, 0x00, 0x00, 0x00, 0x00, 0x00, 0x00, 0x00,
    0x00, 0x00, 0x00, 0xF8, 0x00, 0x03, 0xE0, 0xF8, 0x00, 0x03, 0xE0, 0xF8, 0x00, 0x03, 0xE0, 0xF8, 0x00, 0x03, 0xE0, 0xF8, 0x00, 0x03, 0xE0, 0xF8,
    0x00, 0x03, 0xE0, 0xF8, 0x00, 0x03, 0xE0, 0xF8, 0x00, 0x03, 0xE0, 0xF8, 0x00, 0x03, 0xE0, 0xF8, 0x00, 0x03, 0xE0, 0xF8, 0x00, 0x03, 0xE0, 0xF8,
    0x00, 0x03, 0xE0, 0xF8, 0x00, 0x03, 0xE0, 0xF8, 0x00, 0x03, 0xE0, 0xF8, 0x00, 0x03, 0xE0, 0xF8, 0x00, 0x03, 0xE0, 0xF8, 0x00, 0x03, 0xE0, 0xF8,
    0x00, 0x03, 0xE0, 0xF8, 0x00, 0x03, 0xE0, 0xF8, 0x00, 0x03, 0xE0, 0xF8, 0x00, 0x03, 0xE0, 0xF8, 0x00, 0x03, 0xE0, 0xF8, 0x00, 0x03, 0xE0, 0xF8,
    0x00, 0x03, 0xE0, 0x78, 0x00, 0x03, 0xC0, 0x78, 0x00, 0x03, 0xC0, 0x7C, 0x00, 0x07, 0xC0, 0x7C, 0x00, 0x07, 0xC0, 0x3E, 0x00, 0x0F, 0x80, 0x1F,
    0x80, 0x1F, 0x00, 0x0F, 0xFB, 0xFE, 0x00, 0x07, 0xFF, 0xFC, 0x00, 0x03, 0xFF, 0xF8, 0x00, 0x00, 0x7F, 0xC0, 0x00, 0x00, 0x1F, 0x00, 0x00, 0x00,
    0x1F, 0x00, 0x00, 0x00, 0x3F, 0x80, 0x00, 0x00, 0x7F, 0xC0, 0x00, 0x00, 0xFB, 0xE0, 0x00, 0x01, 0xF1, 0xF0, 0x00, 0x03, 0xC0, 0x78, 0x00, 0x07,
    0x80, 0x3C, 0x00, 0x00, 0x00, 0x00, 0x00, 0x00, 0x00, 0x00, 0x00, 0x00, 0x00, 0x00, 0x00, 0x00, 0x00, 0x00, 0x00, 0xF8, 0x00, 0x03, 0xE0, 0xF8,
    0x00, 0x03, 0xE0, 0xF8, 0x00, 0x03, 0xE0, 0xF8, 0x00, 0x03, 0xE0, 0xF8, 0x00, 0x03, 0xE0, 0xF8, 0x00, 0x03, 0xE0, 0xF8, 0x00, 0x03, 0xE0, 0xF8,
    0x00, 0x03, 0xE0, 0xF8, 0x00, 0x03, 0xE0, 0xF8, 0x00, 0x03, 0xE0, 0xF8, 0x00, 0x03, 0xE0, 0xF8, 0x00, 0x03, 0xE0, 0xF8, 0x00, 0x03, 0xE0, 0xF8,
    0x00, 0x03, 0xE0, 0xF8, 0x00, 0x03, 0xE0, 0xF8, 0x00, 0x03, 0xE0, 0xF8, 0x00, 0x03, 0xE0, 0xF8, 0x00, 0x03, 0xE0, 0xF8, 0x00, 0x03, 0xE0, 0xF8,
    0x00, 0x03, 0xE0, 0xF8, 0x00, 0x03, 0xE0, 0xF8, 0x00, 0x03, 0xE0, 0xF8, 0x00, 0x03, 0xE0, 0xF8, 0x00, 0x03, 0xE0, 0x78, 0x00, 0x03, 0xC0, 0x78,
    0x00, 0x03, 0xC0, 0x7C, 0x00, 0x07, 0xC0, 0x7C, 0x00, 0x07, 0xC0, 0x3E, 0x00, 0x0F, 0x80, 0x1F, 0x80, 0x1F, 0x00, 0x0F, 0xFB, 0xFE, 0x00, 0x07,
    0xFF, 0xFC, 0x00, 0x03, 0xFF, 0xF8, 0x00, 0x00, 0x7F, 0xC0, 0x00, 0x00, 0xE0, 0x70, 0x00, 0x01, 0xE0, 0xF0, 0x00, 0x01, 0xE0, 0xF0, 0x00, 0x01,
    0xE0, 0xF0, 0x00, 0x00, 0xE0, 0x60, 0x00, 0x00, 0x00, 0x00, 0x00, 0x00, 0x00, 0x00, 0x00, 0x00, 0x00, 0x00, 0x00, 0x00, 0x00, 0x00, 0x00, 0x00,
    0x00, 0x00, 0x00, 0xF8, 0x00, 0x03, 0xE0, 0xF8, 0x00, 0x03, 0xE0, 0xF8, 0x00, 0x03, 0xE0, 0xF8, 0x00, 0x03, 0xE0, 0xF8, 0x00, 0x03, 0xE0, 0xF8,
    0x00, 0x03, 0xE0, 0xF8, 0x00, 0x03, 0xE0, 0xF8, 0x00, 0x03, 0xE0, 0xF8, 0x00, 0x03, 0xE0, 0xF8, 0x00, 0x03, 0xE0, 0xF8, 0x00, 0x03, 0xE0, 0xF8,
    0x00, 0x03, 0xE0, 0xF8, 0x00, 0x03, 0xE0, 0xF8, 0x00, 0x03, 0xE0, 0xF8, 0x00, 0x03, 0xE0, 0xF8, 0x00, 0x03, 0xE0, 0xF8, 0x00, 0x03, 0xE0, 0xF8,
    0x00, 0x03, 0xE0, 0xF8, 0x00, 0x03, 0xE0, 0xF8, 0x00, 0x03, 0xE0, 0xF8, 0x00, 0x03, 0xE0, 0xF8, 0x00, 0x03, 0xE0, 0xF8, 0x00, 0x03, 0xE0, 0xF8,
    0x00, 0x03, 0xE0, 0x78, 0x00, 0x03, 0xC0, 0x78, 0x00, 0x03, 0xC0, 0x7C, 0x00, 0x07, 0xC0, 0x7C, 0x00, 0x07, 0xC0, 0x3E, 0x00, 0x0F, 0x80, 0x1F,
    0x80, 0x1F, 0x00, 0x0F, 0xFB, 0xFE, 0x00, 0x07, 0xFF, 0xFC, 0x00, 0x03, 0xFF, 0xF8, 0x00, 0x00, 0x7F, 0xC0, 0x00, 0x00, 0x00, 0xF8, 0x00, 0x00,
    0x01, 0xF0, 0x00, 0x00, 0x03, 0xE0, 0x00, 0x00, 0x03, 0xE0, 0x00, 0x00, 0x07, 0xC0, 0x00, 0x00, 0x0F, 0x80, 0x00, 0x00, 0x0F, 0x00, 0x00, 0x00,
    0x1E, 0x00, 0x00, 0x00, 0x00, 0x00, 0x00, 0x00, 0x00, 0x00, 0x00, 0x00, 0x00, 0x00, 0x00, 0x00, 0x00, 0x00, 0x00, 0xF8, 0x00, 0x03, 0xE0, 0x78,
    0x00, 0x03, 0xC0, 0x7C, 0x00, 0x07, 0xC0, 0x3E, 0x00, 0x07, 0x80, 0x3E, 0x00, 0x0F, 0x80, 0x1F, 0x00, 0x0F, 0x00, 0x1F, 0x00, 0x1F, 0x00, 0x0F,
    0x80, 0x1E, 0x00, 0x07, 0x80, 0x3E, 0x00, 0x07, 0xC0, 0x7C, 0x00, 0x03, 0xC0, 0x78, 0x00, 0x03, 0xE0, 0xF8, 0x00, 0x01, 0xE0, 0xF0, 0x00, 0x01,
    0xF1, 0xF0, 0x00, 0x00, 0xF1, 0xE0, 0x00, 0x00, 0xFB, 0xE0, 0x00, 0x00, 0x7B, 0xC0, 0x00, 0x00, 0x7F, 0xC0, 0x00, 0x00, 0x3F, 0x80, 0x00, 0x00,
    0x1F, 0x80, 0x00, 0x00, 0x1F, 0x00, 0x00, 0x00, 0x1F, 0x00, 0x00, 0x00, 0x1F, 0x00, 0x00, 0x00, 0x1F, 0x00, 0x00, 0x00, 0x1F, 0x00, 0x00, 0x00,
    0x1F, 0x00, 0x00, 0x00, 0x1F, 0x00, 0x00, 0x00, 0x1F, 0x00, 0x00, 0x00, 0x1F, 0x00, 0x00, 0x00, 0x1F, 0x00, 0x00, 0x00, 0x1F, 0x00, 0x00, 0x00,
    0x1F, 0x00, 0x00, 0x00, 0x1F, 0x00, 0x00, 0x00, 0x1F, 0x00, 0x00, 0x03, 0xFE, 0x00, 0x0F, 0xFF, 0xC0, 0x3F, 0xFF, 0xE0, 0x3F, 0xFF, 0xF0, 0x7C,
    0x01, 0xF8, 0x78, 0x00, 0xF8, 0xF8, 0x00, 0x78, 0xF0, 0x00, 0x78, 0xF0, 0x00, 0x78, 0xF0, 0x00, 0xF8, 0xF0, 0x01, 0xF0, 0xF0, 0x03, 0xE0, 0xF0,
    0x07, 0xC0, 0xF0, 0x0F, 0x80, 0xF0, 0x1F, 0x00, 0xF0, 0x3E, 0x00, 0xF0, 0x3C, 0x00, 0xF0, 0x3C, 0x00, 0xF0, 0x3E, 0x00, 0xF0, 0x1F, 0x00, 0xF0,
    0x1F, 0xC0, 0xF0, 0x0F, 0xE0, 0xF0, 0x03, 0xF0, 0xF0, 0x01, 0xFC, 0xF0, 0x00, 0x7E, 0xF0, 0x00, 0x3E, 0xF0, 0x00, 0x1F, 0xF0, 0x00, 0x0F, 0xF0,
    0x00, 0x0F, 0xF0, 0x00, 0x0F, 0xF0, 0x00, 0x0F, 0xF0, 0x00, 0x0F, 0xF0, 0xC0, 0x1F, 0xF0, 0xFF, 0xFE, 0xF0, 0xFF, 0xFC, 0xF0, 0xFF, 0xF8, 0xF0,
    0x1F, 0xE0, 0x07, 0xC0, 0x00, 0x03, 0xE0, 0x00, 0x03, 0xE0, 0x00, 0x01, 0xF0, 0x00, 0x00, 0xF8, 0x00, 0x00, 0x78, 0x00, 0x00, 0x3C, 0x00, 0x00,
    0x1E, 0x00, 0x00, 0x00, 0x00, 0x00, 0x00, 0x00, 0x00, 0x00, 0x00, 0x00, 0xFF, 0x00, 0x07, 0xFF, 0xC0, 0x1F, 0xFF, 0xE0, 0x0F, 0xEF, 0xF0, 0x0C,
    0x01, 0xF0, 0x00, 0x00, 0xF8, 0x00, 0x00, 0x78, 0x00, 0x00, 0x78, 0x00, 0x00, 0x78, 0x00, 0x00, 0x78, 0x01, 0xFF, 0xF8, 0x0F, 0xFF, 0xF8, 0x1F,
    0xFF, 0xF8, 0x3F, 0xF8, 0x78, 0x7E, 0x00, 0x78, 0x7C, 0x00, 0x78, 0xF8, 0x00, 0x78, 0xF8, 0x00, 0x78, 0xF8, 0x00, 0xF8, 0xF8, 0x00, 0xF8, 0xF8,
    0x01, 0xF8, 0x7C, 0x03, 0xF8, 0x7F, 0xFF, 0x78, 0x3F, 0xFE, 0x78, 0x1F, 0xFC, 0x38, 0x07, 0xF0, 0x38, 0x00, 0x03, 0xE0, 0x00, 0x07, 0xC0, 0x00,
    0x0F, 0x80, 0x00, 0x0F, 0x80, 0x00, 0x1F, 0x00, 0x00, 0x3E, 0x00, 0x00, 0x3C, 0x00, 0x00, 0x70, 0x00, 0x00, 0x00, 0x00, 0x00, 0x00, 0x00, 0x00,
    0x00, 0x00, 0x00, 0xFF, 0x00, 0x07, 0xFF, 0xC0, 0x1F, 0xFF, 0xE0, 0x0F, 0xEF, 0xF0, 0x0C, 0x01, 0xF0, 0x00, 0x00, 0xF8, 0x00, 0x00, 0x78, 0x00,
    0x00, 0x78, 0x00, 0x00, 0x78, 0x00, 0x00, 0x78, 0x01, 0xFF, 0xF8, 0x0F, 0xFF, 0xF8, 0x1F, 0xFF, 0xF8, 0x3F, 0xF8, 0x78, 0x7E, 0x00, 0x78, 0x7C,
    0x00, 0x78, 0xF8, 0x00, 0x78, 0xF8, 0x00, 0x78, 0xF8, 0x00, 0xF8, 0xF8, 0x00, 0xF8, 0xF8, 0x01, 0xF8, 0x7C, 0x03, 0xF8, 0x7F, 0xFF, 0x78, 0x3F,
    0xFE, 0x78, 0x1F, 0xFC, 0x38, 0x07, 0xF0, 0x38, 0x00, 0x7C, 0x00, 0x00, 0x7C, 0x00, 0x00, 0xFE, 0x00, 0x01, 0xFF, 0x00, 0x03, 0xEF, 0x80, 0x07,
    0xC7, 0xC0, 0x0F, 0x03, 0xE0, 0x1E, 0x00, 0xF0, 0x00, 0x00, 0x00, 0x00, 0x00, 0x00, 0x00, 0x00, 0x00, 0x00, 0xFF, 0x00, 0x07, 0xFF, 0xC0, 0x1F,
    0xFF, 0xE0, 0x0F, 0xEF, 0xF0, 0x0C, 0x01, 0xF0, 0x00, 0x00, 0xF8, 0x00, 0x00, 0x78, 0x00, 0x00, 0x78, 0x00, 0x00, 0x78, 0x00, 0x00, 0x78, 0x01,
    0xFF, 0xF8, 0x0F, 0xFF, 0xF8, 0x1F, 0xFF, 0xF8, 0x3F, 0xF8, 0x78, 0x7E, 0x00, 0x78, 0x7C, 0x00, 0x78, 0xF8, 0x00, 0x78, 0xF8, 0x00, 0x78, 0xF8,
    0x00, 0xF8, 0xF8, 0x00, 0xF8, 0xF8, 0x01, 0xF8, 0x7C, 0x03, 0xF8, 0x7F, 0xFF, 0x78, 0x3F, 0xFE, 0x78, 0x1F, 0xFC, 0x38, 0x07, 0xF0, 0x38, 0x03,
    0xC0, 0x30, 0x0F, 0xF0, 0x70, 0x0F, 0xFF, 0xF0, 0x1F, 0xFF, 0xE0, 0x1C, 0x1F, 0xE0, 0x18, 0x07, 0x80, 0x00, 0x00, 0x00, 0x00, 0x00, 0x00, 0x00,
    0x00, 0x00, 0x00, 0xFF, 0x00, 0x07, 0xFF, 0xC0, 0x1F, 0xFF, 0xE0, 0x0F, 0xEF, 0xF0, 0x0C, 0x01, 0xF0, 0x00, 0x00, 0xF8, 0x00, 0x00, 0x78, 0x00,
    0x00, 0x78, 0x00, 0x00, 0x78, 0x00, 0x00, 0x78, 0x01, 0xFF, 0xF8, 0x0F, 0xFF, 0xF8, 0x1F, 0xFF, 0xF8, 0x3F, 0xF8, 0x78, 0x7E, 0x00, 0x78, 0x7C,
    0x00, 0x78, 0xF8, 0x00, 0x78, 0xF8, 0x00, 0x78, 0xF8, 0x00, 0xF8, 0xF8, 0x00, 0xF8, 0xF8, 0x01, 0xF8, 0x7C, 0x03, 0xF8, 0x7F, 0xFF, 0x78, 0x3F,
    0xFE, 0x78, 0x1F, 0xFC, 0x38, 0x07, 0xF0, 0x38, 0x03, 0x01, 0x80, 0x07, 0x83, 0xC0, 0x07, 0x83, 0xC0, 0x07, 0x83, 0xC0, 0x03, 0x01, 0x80, 0x00,
    0x00, 0x00, 0x00, 0x00, 0x00, 0x00, 0x00, 0x00, 0x00, 0x00, 0x00, 0x00, 0xFF, 0x00, 0x07, 0xFF, 0xC0, 0x1F, 0xFF, 0xE0, 0x0F, 0xEF, 0xF0, 0x0C,
    0x01, 0xF0, 0x00, 0x00, 0xF8, 0x00, 0x00, 0x78, 0x00, 0x00, 0x78, 0x00, 0x00, 0x78, 0x00, 0x00, 0x78, 0x01, 0xFF, 0xF8, 0x0F, 0xFF, 0xF8, 0x1F,
    0xFF, 0xF8, 0x3F, 0xF8, 0x78, 0x7E, 0x00, 0x78, 0x7C, 0x00, 0x78, 0xF8, 0x00, 0x78, 0xF8, 0x00, 0x78, 0xF8, 0x00, 0xF8, 0xF8, 0x00, 0xF8, 0xF8,
    0x01, 0xF8, 0x7C, 0x03, 0xF8, 0x7F, 0xFF, 0x78, 0x3F, 0xFE, 0x78, 0x1F, 0xFC, 0x38, 0x07, 0xF0, 0x38, 0x00, 0x7C, 0x00, 0x01, 0xFE, 0x00, 0x01,
    0xC7, 0x00, 0x03, 0x83, 0x80, 0x03, 0x83, 0x80, 0x03, 0x83, 0x80, 0x03, 0x83, 0x80, 0x01, 0xC7, 0x00, 0x01, 0xFE, 0x00, 0x00, 0x7C, 0x00, 0x00,
    0x00, 0x00, 0x00, 0x00, 0x00, 0x00, 0x00, 0x00, 0x00, 0xFF, 0x00, 0x07, 0xFF, 0xC0, 0x1F, 0xFF, 0xE0, 0x0F, 0xEF, 0xF0, 0x0C, 0x01, 0xF0, 0x00,
    0x00, 0xF8, 0x00, 0x00, 0x78, 0x00, 0x00, 0x78, 0x00, 0x00, 0x78, 0x00, 0x00, 0x78, 0x01, 0xFF, 0xF8, 0x0F, 0xFF, 0xF8, 0x1F, 0xFF, 0xF8, 0x3F,
    0xF8, 0x78, 0x7E, 0x00, 0x78, 0x7C, 0x00, 0x78, 0xF8, 0x00, 0x78, 0xF8, 0x00, 0x78, 0xF8, 0x00, 0xF8, 0xF8, 0x00, 0xF8, 0xF8, 0x01, 0xF8, 0x7C,
    0x03, 0xF8, 0x7F, 0xFF, 0x78, 0x3F, 0xFE, 0x78, 0x1F, 0xFC, 0x38, 0x07, 0xF0, 0x38, 0x01, 0xFE, 0x00, 0xFC, 0x00, 0x0F, 0xFF, 0x83, 0xFF, 0x80,
    0x3F, 0xFF, 0xCF, 0xFF, 0xC0, 0x1F, 0xFF, 0xEF, 0xFF, 0xE0, 0x1C, 0x01, 0xFE, 0x03, 0xE0, 0x00, 0x00, 0xFC, 0x01, 0xF0, 0x00, 0x00, 0xFC, 0x00,
    0xF0, 0x00, 0x00, 0xF8, 0x00, 0xF8, 0x00, 0x00, 0xF8, 0x00, 0xF8, 0x00, 0x00, 0xF8, 0x00, 0x78, 0x01, 0xFF, 0xFF, 0xFF, 0xF8, 0x0F, 0xFF, 0xFF,
    0xFF, 0xF8, 0x1F, 0xFF, 0xFF, 0xFF, 0xF8, 0x3F, 0xF0, 0xF8, 0x00, 0x00, 0x7E, 0x00, 0xF8, 0x00, 0x00, 0x7C, 0x00, 0xF8, 0x00, 0x00, 0xF8, 0x00,
    0xF8, 0x00, 0x00, 0xF8, 0x00, 0xF8, 0x00, 0x00, 0xF8, 0x00, 0xF8, 0x00, 0x00, 0xF8, 0x01, 0xFC, 0x00, 0x00, 0xF8, 0x03, 0xFE, 0x00, 0x00, 0x7C,
    0x07, 0xDF, 0x00, 0x30, 0x7F, 0xFF, 0x9F, 0xFF, 0xF0, 0x3F, 0xFF, 0x0F, 0xFF, 0xF0, 0x1F, 0xFC, 0x03, 0xFF, 0xF0, 0x07, 0xF0, 0x00, 0xFF, 0x80,
    0x00, 0xFF, 0x00, 0x07, 0xFF, 0xC0, 0x0F, 0xFF, 0xC0, 0x1F, 0xEF, 0xC0, 0x3E, 0x00, 0x80, 0x7C, 0x00, 0x00, 0x78, 0x00, 0x00, 0xF8, 0x00, 0x00,
    0xF8, 0x00, 0x00, 0xF0, 0x00, 0x00, 0xF0, 0x00, 0x00, 0xF0, 0x00, 0x00, 0xF0, 0x00, 0x00, 0xF0, 0x00, 0x00, 0xF0, 0x00, 0x00, 0xF0, 0x00, 0x00,
    0xF0, 0x00, 0x00, 0xF8, 0x00, 0x00, 0xF8, 0x00, 0x00, 0x78, 0x00, 0x00, 0x7C, 0x00, 0x00, 0x3E, 0x00, 0x40, 0x1F, 0xFF, 0xC0, 0x0F, 0xFF, 0xC0,
    0x07, 0xFF, 0xC0, 0x00, 0xFF, 0x00, 0x00, 0x70, 0x00, 0x00, 0x60, 0x00, 0x00, 0xF0, 0x00, 0x00, 0xFC, 0x00, 0x00, 0x1E, 0x00, 0x00, 0x0E, 0x00,
    0x00, 0x0E, 0x00, 0x00, 0x0E, 0x00, 0x03, 0xFE, 0x00, 0x03, 0xFC, 0x00, 0x03, 0xF0, 0x00, 0x0F, 0x80, 0x00, 0x07, 0xC0, 0x00, 0x03, 0xE0, 0x00,
    0x03, 0xE0, 0x00, 0x01, 0xF0, 0x00, 0x00, 0xF8, 0x00, 0x00, 0x78, 0x00, 0x00, 0x1C, 0x00, 0x00, 0x00, 0x00, 0x00, 0x00, 0x00, 0x00, 0x00, 0x00,
    0x01, 0xFE, 0x00, 0x07, 0xFF, 0x80, 0x0F, 0xFF, 0xC0, 0x1F, 0xFF, 0xE0, 0x3E, 0x01, 0xF0, 0x7C, 0x00, 0xF0, 0x78, 0x00, 0xF8, 0xF8, 0x00, 0x78,
    0xF0, 0x00, 0x78, 0xF0, 0x00, 0x7C, 0xFF, 0xFF, 0xFC, 0xFF, 0xFF, 0xFC, 0xFF, 0xFF, 0xFC, 0xF0, 0x00, 0x00, 0xF0, 0x00, 0x00, 0xF0, 0x00, 0x00,
    0xF0, 0x00, 0x00, 0xF8, 0x00, 0x00, 0xF8, 0x00, 0x00, 0x7C, 0x00, 0x00, 0x7E, 0x00, 0x00, 0x3F, 0x00, 0x30, 0x1F, 0xFF, 0xF0, 0x0F, 0xFF, 0xF0,
    0x07, 0xFF, 0xF0, 0x00, 0xFF, 0x80, 0x00, 0x07, 0xC0, 0x00, 0x0F, 0x80, 0x00, 0x0F, 0x80, 0x00, 0x1F, 0x00, 0x00, 0x3E, 0x00, 0x00, 0x3C, 0x00,
    0x00, 0x78, 0x00, 0x00, 0xF0, 0x00, 0x00, 0x00, 0x00, 0x00, 0x00, 0x00, 0x00, 0x00, 0x00, 0x01, 0xFE, 0x00, 0x07, 0xFF, 0x80, 0x0F, 0xFF, 0xC0,
    0x1F, 0xFF, 0xE0, 0x3E, 0x01, 0xF0, 0x7C, 0x00, 0xF0, 0x78, 0x00, 0xF8, 0xF8, 0x00, 0x78, 0xF0, 0x00, 0x78, 0xF0, 0x00, 0x7C, 0xFF, 0xFF, 0xFC,
    0xFF, 0xFF, 0xFC, 0xFF, 0xFF, 0xFC, 0xF0, 0x00, 0x00, 0xF0, 0x00, 0x00, 0xF0, 0x00, 0x00, 0xF0, 0x00, 0x00, 0xF8, 0x00, 0x00, 0xF8, 0x00, 0x00,
    0x7C, 0x00, 0x00, 0x7E, 0x00, 0x00, 0x3F, 0x00, 0x30, 0x1F, 0xFF, 0xF0, 0x0F, 0xFF, 0xF0, 0x07, 0xFF, 0xF0, 0x00, 0xFF, 0x80, 0x00, 0xF8, 0x00,
    0x00, 0xF8, 0x00, 0x01, 0xFC, 0x00, 0x03, 0xFE, 0x00, 0x07, 0xDF, 0x00, 0x0F, 0x8F, 0x80, 0x0F, 0x03, 0xC0, 0x1C, 0x01, 0xE0, 0x00, 0x00, 0x00,
    0x00, 0x00, 0x00, 0x00, 0x00, 0x00, 0x01, 0xFE, 0x00, 0x07, 0xFF, 0x80, 0x0F, 0xFF, 0xC0, 0x1F, 0xFF, 0xE0, 0x3E, 0x01, 0xF0, 0x7C, 0x00, 0xF0,
    0x78, 0x00, 0xF8, 0xF8, 0x00, 0x78, 0xF0, 0x00, 0x78, 0xF0, 0x00, 0x7C, 0xFF, 0xFF, 0xFC, 0xFF, 0xFF, 0xFC, 0xFF, 0xFF, 0xFC, 0xF0, 0x00, 0x00,
    0xF0, 0x00, 0x00, 0xF0, 0x00, 0x00, 0xF0, 0x00, 0x00, 0xF8, 0x00, 0x00, 0xF8, 0x00, 0x00, 0x7C, 0x00, 0x00, 0x7E, 0x00, 0x00, 0x3F, 0x00, 0x30,
    0x1F, 0xFF, 0xF0, 0x0F, 0xFF, 0xF0, 0x07, 0xFF, 0xF0, 0x00, 0xFF, 0x80, 0x07, 0x03, 0x80, 0x0F, 0x07, 0x80, 0x0F, 0x07, 0x80, 0x0F, 0x07, 0x80,
    0x07, 0x03, 0x80, 0x00, 0x00, 0x00, 0x00, 0x00, 0x00, 0x00, 0x00, 0x00, 0x00, 0x00, 0x00, 0x01, 0xFE, 0x00, 0x07, 0xFF, 0x80, 0x0F, 0xFF, 0xC0,
    0x1F, 0xFF, 0xE0, 0x3E, 0x01, 0xF0, 0x7C, 0x00, 0xF0, 0x78, 0x00, 0xF8, 0xF8, 0x00, 0x78, 0xF0, 0x00, 0x78, 0xF0, 0x00, 0x7C, 0xFF, 0xFF, 0xFC,
    0xFF, 0xFF, 0xFC, 0xFF, 0xFF, 0xFC, 0xF0, 0x00, 0x00, 0xF0, 0x00, 0x00, 0xF0, 0x00, 0x00, 0xF0, 0x00, 0x00, 0xF8, 0x00, 0x00, 0xF8, 0x00, 0x00,
    0x7C, 0x00, 0x00, 0x7E, 0x00, 0x00, 0x3F, 0x00, 0x30, 0x1F, 0xFF, 0xF0, 0x0F, 0xFF, 0xF0, 0x07, 0xFF, 0xF0, 0x00, 0xFF, 0x80, 0xF8, 0x00, 0xFC,
    0x00, 0x7C, 0x00, 0x3E, 0x00, 0x1E, 0x00, 0x0F, 0x00, 0x07, 0x80, 0x03, 0xC0, 0x00, 0x00, 0x00, 0x00, 0x00, 0x00, 0x0F, 0x00, 0x0F, 0x00, 0x0F,
    0x00, 0x0F, 0x00, 0x0F, 0x00, 0x0F, 0x00, 0x0F, 0x00, 0x0F, 0x00, 0x0F, 0x00, 0x0F, 0x00, 0x0F, 0x00, 0x0F, 0x00, 0x0F, 0x00, 0x0F, 0x00, 0x0F,
    0x00, 0x0F, 0x00, 0x0F, 0x00, 0x0F, 0x00, 0x0F, 0x00, 0x0F, 0x00, 0x0F, 0x00, 0x0F, 0x00, 0x0F, 0x00, 0x0F, 0x00, 0x0F, 0x00, 0x0F, 0x00, 0x0F,
    0x80, 0x0F, 0x80, 0x1F, 0x00, 0x3E, 0x00, 0x3C, 0x00, 0x78, 0x00, 0xF0, 0x00, 0xE0, 0x00, 0x00, 0x00, 0x00, 0x00, 0x00, 0x00, 0xF0, 0x00, 0xF0,
    0x00, 0xF0, 0x00, 0xF0, 0x00, 0xF0, 0x00, 0xF0, 0x00, 0xF0, 0x00, 0xF0, 0x00, 0xF0, 0x00, 0xF0, 0x00, 0xF0, 0x00, 0xF0, 0x00, 0xF0, 0x00, 0xF0,
    0x00, 0xF0, 0x00, 0xF0, 0x00, 0xF0, 0x00, 0xF0, 0x00, 0xF0, 0x00, 0xF0, 0x00, 0xF0, 0x00, 0xF0, 0x00, 0xF0, 0x00, 0xF0, 0x00, 0xF0, 0x00, 0xF0,
    0x00, 0x03, 0xC0, 0x07, 0xE0, 0x07, 0xF0, 0x0F, 0xF8, 0x1E, 0x78, 0x3C, 0x3C, 0x78, 0x1E, 0xF0, 0x07, 0x00, 0x00, 0x00, 0x00, 0x00, 0x00, 0x03,
    0xC0, 0x03, 0xC0, 0x03, 0xC0, 0x03, 0xC0, 0x03, 0xC0, 0x03, 0xC0, 0x03, 0xC0, 0x03, 0xC0, 0x03, 0xC0, 0x03, 0xC0, 0x03, 0xC0, 0x03, 0xC0, 0x03,
    0xC0, 0x03, 0xC0, 0x03, 0xC0, 0x03, 0xC0, 0x03, 0xC0, 0x03, 0xC0, 0x03, 0xC0, 0x03, 0xC0, 0x03, 0xC0, 0x03, 0xC0, 0x03, 0xC0, 0x03, 0xC0, 0x03,
    0xC0, 0x03, 0xC0, 0x70, 0x38, 0x78, 0x3C, 0xF8, 0x7C, 0x78, 0x3C, 0x70, 0x38, 0x00, 0x00, 0x00, 0x00, 0x00, 0x00, 0x00, 0x00, 0x07, 0x80, 0x07,
    0x80, 0x07, 0x80, 0x07, 0x80, 0x07, 0x80, 0x07, 0x80, 0x07, 0x80, 0x07, 0x80, 0x07, 0x80, 0x07, 0x80, 0x07, 0x80, 0x07, 0x80, 0x07, 0x80, 0x07,
    0x80, 0x07, 0x80, 0x07, 0x80, 0x07, 0x80, 0x07, 0x80, 0x07, 0x80, 0x07, 0x80, 0x07, 0x80, 0x07, 0x80, 0x07, 0x80, 0x07, 0x80, 0x07, 0x80, 0x07,
    0x80, 0x07, 0xC0, 0x70, 0x0F, 0xF0, 0x60, 0x1F, 0xFF, 0xE0, 0x1F, 0xFF, 0xE0, 0x38, 0x3F, 0xC0, 0x38, 0x0F, 0x80, 0x00, 0x00, 0x00, 0x00, 0x00,
    0x00, 0x00, 0x00, 0x00, 0xF0, 0x7F, 0x00, 0xF1, 0xFF, 0xC0, 0xF3, 0xFF, 0xF0, 0xF7, 0xFF, 0xF0, 0xFE, 0x00, 0xF8, 0xFC, 0x00, 0x78, 0xFC, 0x00,
    0x7C, 0xF8, 0x00, 0x7C, 0xF8, 0x00, 0x3C, 0xF8, 0x00, 0x3C, 0xF0, 0x00, 0x3C, 0xF0, 0x00, 0x3C, 0xF0, 0x00, 0x3C, 0xF0, 0x00, 0x3C, 0xF0, 0x00,
    0x3C, 0xF0, 0x00, 0x3C, 0xF0, 0x00, 0x3C, 0xF0, 0x00, 0x3C, 0xF0, 0x00, 0x3C, 0xF0, 0x00, 0x3C, 0xF0, 0x00, 0x3C, 0xF0, 0x00, 0x3C, 0xF0, 0x00,
    0x3C, 0xF0, 0x00, 0x3C, 0xF0, 0x00, 0x3C, 0xF0, 0x00, 0x3C, 0x07, 0xC0, 0x00, 0x03, 0xE0, 0x00, 0x03, 0xE0, 0x00, 0x01, 0xF0, 0x00, 0x00, 0xF8,
    0x00, 0x00, 0x78, 0x00, 0x00, 0x3C, 0x00, 0x00, 0x1E, 0x00, 0x00, 0x00, 0x00, 0x00, 0x00, 0x00, 0x00, 0x00, 0x00, 0x00, 0xFE, 0x00, 0x07, 0xFF,
    0xC0, 0x0F, 0xFF, 0xE0, 0x1F, 0xEF, 0xF0, 0x3E, 0x00, 0xF8, 0x7C, 0x00, 0x7C, 0x78, 0x00, 0x3C, 0xF8, 0x00, 0x3E, 0xF8, 0x00, 0x3E, 0xF0, 0x00,
    0x1E, 0xF0, 0x00, 0x1E, 0xF0, 0x00, 0x1E, 0xF0, 0x00, 0x1E, 0xF0, 0x00, 0x1E, 0xF0, 0x00, 0x1E, 0xF0, 0x00, 0x1E, 0xF0, 0x00, 0x1E, 0xF8, 0x00,
    0x3E, 0xF8, 0x00, 0x3E, 0x7C, 0x00, 0x3C, 0x7C, 0x00, 0x7C, 0x3E, 0x00, 0xF8, 0x1F, 0xEF, 0xF0, 0x0F, 0xFF, 0xE0, 0x07, 0xFF, 0xC0, 0x00, 0xFE,
    0x00, 0x00, 0x03, 0xE0, 0x00, 0x07, 0xC0, 0x00, 0x0F, 0x80, 0x00, 0x0F, 0x80, 0x00, 0x1F, 0x00, 0x00, 0x3E, 0x00, 0x00, 0x3C, 0x00, 0x00, 0x70,
    0x00, 0x00, 0x00, 0x00, 0x00, 0x00, 0x00, 0x00, 0x00, 0x00, 0x00, 0xFE, 0x00, 0x07, 0xFF, 0xC0, 0x0F, 0xFF, 0xE0, 0x1F, 0xEF, 0xF0, 0x3E, 0x00,
    0xF8, 0x7C, 0x00, 0x7C, 0x78, 0x00, 0x3C, 0xF8, 0x00, 0x3E, 0xF8, 0x00, 0x3E, 0xF0, 0x00, 0x1E, 0xF0, 0x00, 0x1E, 0xF0, 0x00, 0x1E, 0xF0, 0x00,
    0x1E, 0xF0, 0x00, 0x1E, 0xF0, 0x00, 0x1E, 0xF0, 0x00, 0x1E, 0xF0, 0x00, 0x1E, 0xF8, 0x00, 0x3E, 0xF8, 0x00, 0x3E, 0x7C, 0x00, 0x3C, 0x7C, 0x00,
    0x7C, 0x3E, 0x00, 0xF8, 0x1F, 0xEF, 0xF0, 0x0F, 0xFF, 0xE0, 0x07, 0xFF, 0xC0, 0x00, 0xFE, 0x00, 0x00, 0x7C, 0x00, 0x00, 0x7C, 0x00, 0x00, 0xFE,
    0x00, 0x01, 0xFF, 0x00, 0x03, 0xEF, 0x80, 0x07, 0xC7, 0xC0, 0x0F, 0x03, 0xE0, 0x1E, 0x00, 0xF0, 0x00, 0x00, 0x00, 0x00, 0x00, 0x00, 0x00, 0x00,
    0x00, 0x00, 0xFE, 0x00, 0x07, 0xFF, 0xC0, 0x0F, 0xFF, 0xE0, 0x1F, 0xEF, 0xF0, 0x3E, 0x00, 0xF8, 0x7C, 0x00, 0x7C, 0x78, 0x00, 0x3C, 0xF8, 0x00,
    0x3E, 0xF8, 0x00, 0x3E, 0xF0, 0x00, 0x1E, 0xF0, 0x00, 0x1E, 0xF0, 0x00, 0x1E, 0xF0, 0x00, 0x1E, 0xF0, 0x00, 0x1E, 0xF0, 0x00, 0x1E, 0xF0, 0x00,
    0x1E, 0xF0, 0x00, 0x1E, 0xF8, 0x00, 0x3E, 0xF8, 0x00, 0x3E, 0x7C, 0x00, 0x3C, 0x7C, 0x00, 0x7C, 0x3E, 0x00, 0xF8, 0x1F, 0xEF, 0xF0, 0x0F, 0xFF,
    0xE0, 0x07, 0xFF, 0xC0, 0x00, 0xFE, 0x00, 0x03, 0xC0, 0x30, 0x07, 0xF0, 0x70, 0x0F, 0xFF, 0xF0, 0x1F, 0xFF, 0xE0, 0x1C, 0x1F, 0xE0, 0x18, 0x07,
    0x80, 0x00, 0x00, 0x00, 0x00, 0x00, 0x00, 0x00, 0x00, 0x00, 0x00, 0xFE, 0x00, 0x07, 0xFF, 0xC0, 0x0F, 0xFF, 0xE0, 0x1F, 0xEF, 0xF0, 0x3E, 0x00,
    0xF8, 0x7C, 0x00, 0x7C, 0x78, 0x00, 0x3C, 0xF8, 0x00, 0x3E, 0xF8, 0x00, 0x3E, 0xF0, 0x00, 0x1E, 0xF0, 0x00, 0x1E, 0xF0, 0x00, 0x1E, 0xF0, 0x00,
    0x1E, 0xF0, 0x00, 0x1E, 0xF0, 0x00, 0x1E, 0xF0, 0x00, 0x1E, 0xF0, 0x00, 0x1E, 0xF8, 0x00, 0x3E, 0xF8, 0x00, 0x3E, 0x7C, 0x00, 0x3C, 0x7C, 0x00,
    0x7C, 0x3E, 0x00, 0xF8, 0x1F, 0xEF, 0xF0, 0x0F, 0xFF, 0xE0, 0x07, 0xFF, 0xC0, 0x00, 0xFE, 0x00, 0x03, 0x81, 0xC0, 0x07, 0x83, 0xC0, 0x07, 0x83,
    0xC0, 0x07, 0x83, 0xC0, 0x03, 0x81, 0x80, 0x00, 0x00, 0x00, 0x00, 0x00, 0x00, 0x00, 0x00, 0x00, 0x00, 0x00, 0x00, 0x00, 0xFE, 0x00, 0x07, 0xFF,
    0xC0, 0x0F, 0xFF, 0xE0, 0x1F, 0xEF, 0xF0, 0x3E, 0x00, 0xF8, 0x7C, 0x00, 0x7C, 0x78, 0x00, 0x3C, 0xF8, 0x00, 0x3E, 0xF8, 0x00, 0x3E, 0xF0, 0x00,
    0x1E, 0xF0, 0x00, 0x1E, 0xF0, 0x00, 0x1E, 0xF0, 0x00, 0x1E, 0xF0, 0x00, 0x1E, 0xF0, 0x00, 0x1E, 0xF0, 0x00, 0x1E, 0xF0, 0x00, 0x1E, 0xF8, 0x00,
    0x3E, 0xF8, 0x00, 0x3E, 0x7C, 0x00, 0x3C, 0x7C, 0x00, 0x7C, 0x3E, 0x00, 0xF8, 0x1F, 0xEF, 0xF0, 0x0F, 0xFF, 0xE0, 0x07, 0xFF, 0xC0, 0x00, 0xFE,
    0x00, 0x00, 0x38, 0x00, 0x00, 0x7C, 0x00, 0x00, 0x7C, 0x00, 0x00, 0x7C, 0x00, 0x00, 0x7C, 0x00, 0x00, 0x38, 0x00, 0x00, 0x00, 0x00, 0x00, 0x00,
    0x00, 0x00, 0x00, 0x00, 0xFF, 0xFF, 0xFE, 0xFF, 0xFF, 0xFE, 0xFF, 0xFF, 0xFE, 0x00, 0x00, 0x00, 0x00, 0x00, 0x00, 0x00, 0x00, 0x00, 0x00, 0x00,
    0x00, 0x00, 0x38, 0x00, 0x00, 0x7C, 0x00, 0x00, 0x7C, 0x00, 0x00, 0x7C, 0x00, 0x00, 0x7C, 0x00, 0x00, 0x38, 0x00, 0x00, 0x00, 0x10, 0x00, 0xFE,
    0x1E, 0x07, 0xFF, 0xFC, 0x0F, 0xFF, 0xF8, 0x1F, 0xEF, 0xF8, 0x3E, 0x01, 0xF8, 0x7C, 0x01, 0xF8, 0x78, 0x03, 0xFC, 0xF8, 0x03, 0xFC, 0xF8, 0x07,
    0xBE, 0xF0, 0x0F, 0x1E, 0xF0, 0x1F, 0x1E, 0xF0, 0x1E, 0x1E, 0xF0, 0x3C, 0x1E, 0xF0, 0x78, 0x1E, 0xF0, 0xF8, 0x1E, 0xF0, 0xF0, 0x1E, 0xF1, 0xE0,
    0x1E, 0xFB, 0xC0, 0x3E, 0x7F, 0xC0, 0x3E, 0x7F, 0x80, 0x3C, 0x7F, 0x00, 0x7C, 0x3E, 0x00, 0xF8, 0x1F, 0xEF, 0xF0, 0x3F, 0xFF, 0xE0, 0x7F, 0xFF,
    0xC0, 0x70, 0xFE, 0x00, 0x30, 0x00, 0x00, 0x07, 0xC0, 0x00, 0x07, 0xC0, 0x00, 0x03, 0xE0, 0x00, 0x01, 0xE0, 0x00, 0x00, 0xF0, 0x00, 0x00, 0x78,
    0x00, 0x00, 0x38, 0x00, 0x00, 0x1C, 0x00, 0x00, 0x00, 0x00, 0x00, 0x00, 0x00, 0x00, 0x00, 0x00, 0xF0, 0x00, 0x7C, 0xF0, 0x00, 0x7C, 0xF0, 0x00,
    0x7C, 0xF0, 0x00, 0x7C, 0xF0, 0x00, 0x7C, 0xF0, 0x00, 0x7C, 0xF0, 0x00, 0x7C, 0xF0, 0x00, 0x7C, 0xF0, 0x00, 0x7C, 0xF0, 0x00, 0x7C, 0xF0, 0x00,
    0x7C, 0xF0, 0x00, 0x7C, 0xF0, 0x00, 0x7C, 0xF0, 0x00, 0x7C, 0xF0, 0x00, 0x7C, 0xF0, 0x00, 0x7C, 0xF0, 0x00, 0x7C, 0xF0, 0x00, 0x7C, 0xF0, 0x00,
    0x7C, 0xF8, 0x00, 0xFC, 0xF8, 0x01, 0xFC, 0x7C, 0x03, 0xFC, 0x7F, 0xFF, 0xBC, 0x3F, 0xFF, 0x3C, 0x1F, 0xFE, 0x3C, 0x07, 0xF8, 0x3C, 0x00, 0x07,
    0xC0, 0x00, 0x0F, 0xC0, 0x00, 0x0F, 0x80, 0x00, 0x1F, 0x00, 0x00, 0x3E, 0x00, 0x00, 0x3C, 0x00, 0x00, 0x78, 0x00, 0x00, 0xF0, 0x00, 0x00, 0x00,
    0x00, 0x00, 0x00, 0x00, 0x00, 0x00, 0x00, 0xF0, 0x00, 0x7C, 0xF0, 0x00, 0x7C, 0xF0, 0x00, 0x7C, 0xF0, 0x00, 0x7C, 0xF0, 0x00, 0x7C, 0xF0, 0x00,
    0x7C, 0xF0, 0x00, 0x7C, 0xF0, 0x00, 0x7C, 0xF0, 0x00, 0x7C, 0xF0, 0x00, 0x7C, 0xF0, 0x00, 0x7C, 0xF0, 0x00, 0x7C, 0xF0, 0x00, 0x7C, 0xF0, 0x00,
    0x7C, 0xF0, 0x00, 0x7C, 0xF0, 0x00, 0x7C, 0xF0, 0x00, 0x7C, 0xF0, 0x00, 0x7C, 0xF0, 0x00, 0x7C, 0xF8, 0x00, 0xFC, 0xF8, 0x01, 0xFC, 0x7C, 0x03,
    0xFC, 0x7F, 0xFF, 0xBC, 0x3F, 0xFF, 0x3C, 0x1F, 0xFE, 0x3C, 0x07, 0xF8, 0x3C, 0x00, 0x78, 0x00, 0x00, 0xFC, 0x00, 0x01, 0xFC, 0x00, 0x03, 0xFE,
    0x00, 0x07, 0xDF, 0x00, 0x07, 0x87, 0x80, 0x0F, 0x03, 0xC0, 0x1C, 0x01, 0xE0, 0x00, 0x00, 0x00, 0x00, 0x00, 0x00, 0x00, 0x00, 0x00, 0xF0, 0x00,
    0x7C, 0xF0, 0x00, 0x7C, 0xF0, 0x00, 0x7C, 0xF0, 0x00, 0x7C, 0xF0, 0x00, 0x7C, 0xF0, 0x00, 0x7C, 0xF0, 0x00, 0x7C, 0xF0, 0x00, 0x7C, 0xF0, 0x00,
    0x7C, 0xF0, 0x00, 0x7C, 0xF0, 0x00, 0x7C, 0xF0, 0x00, 0x7C, 0xF0, 0x00, 0x7C, 0xF0, 0x00, 0x7C, 0xF0, 0x00, 0x7C, 0xF0, 0x00, 0x7C, 0xF0, 0x00,
    0x7C, 0xF0, 0x00, 0x7C, 0xF0, 0x00, 0x7C, 0xF8, 0x00, 0xFC, 0xF8, 0x01, 0xFC, 0x7C, 0x03, 0xFC, 0x7F, 0xFF, 0xBC, 0x3F, 0xFF, 0x3C, 0x1F, 0xFE,
    0x3C, 0x07, 0xF8, 0x3C, 0x07, 0x03, 0x80, 0x0F, 0x07, 0x80, 0x0F, 0x87, 0xC0, 0x0F, 0x07, 0x80, 0x07, 0x03, 0x80, 0x00, 0x00, 0x00, 0x00, 0x00,
    0x00, 0x00, 0x00, 0x00, 0x00, 0x00, 0x00, 0xF0, 0x00, 0x7C, 0xF0, 0x00, 0x7C, 0xF0, 0x00, 0x7C, 0xF0, 0x00, 0x7C, 0xF0, 0x00, 0x7C, 0xF0, 0x00,
    0x7C, 0xF0, 0x00, 0x7C, 0xF0, 0x00, 0x7C, 0xF0, 0x00, 0x7C, 0xF0, 0x00, 0x7C, 0xF0, 0x00, 0x7C, 0xF0, 0x00, 0x7C, 0xF0, 0x00, 0x7C, 0xF0, 0x00,
    0x7C, 0xF0, 0x00, 0x7C, 0xF0, 0x00, 0x7C, 0xF0, 0x00, 0x7C, 0xF0, 0x00, 0x7C, 0xF0, 0x00, 0x7C, 0xF8, 0x00, 0xFC, 0xF8, 0x01, 0xFC, 0x7C, 0x03,
    0xFC, 0x7F, 0xFF, 0xBC, 0x3F, 0xFF, 0x3C, 0x1F, 0xFE, 0x3C, 0x07, 0xF8, 0x3C, 0x00, 0x03, 0xE0, 0x00, 0x03, 0xE0, 0x00, 0x07, 0xC0, 0x00, 0x0F,
    0x80, 0x00, 0x0F, 0x00, 0x00, 0x1E, 0x00, 0x00, 0x3C, 0x00, 0x00, 0x38, 0x00, 0x00, 0x00, 0x00, 0x00, 0x00, 0x00, 0x00, 0x00, 0x00, 0xF8, 0x00,
    0x0F, 0x78, 0x00, 0x1F, 0x7C, 0x00, 0x1F, 0x7C, 0x00, 0x1E, 0x3C, 0x00, 0x3E, 0x3E, 0x00, 0x3C, 0x1E, 0x00, 0x3C, 0x1E, 0x00, 0x7C, 0x1F, 0x00,
    0x78, 0x0F, 0x00, 0xF8, 0x0F, 0x80, 0xF0, 0x07, 0x80, 0xF0, 0x07, 0x81, 0xF0, 0x07, 0xC1, 0xE0, 0x03, 0xC1, 0xE0, 0x03, 0xC3, 0xE0, 0x01, 0xE3,
    0xC0, 0x01, 0xE3, 0xC0, 0x01, 0xE7, 0x80, 0x00, 0xF7, 0x80, 0x00, 0xF7, 0x80, 0x00, 0x77, 0x00, 0x00, 0x7F, 0x00, 0x00, 0x3F, 0x00, 0x00, 0x3E,
    0x00, 0x00, 0x3E, 0x00, 0x00, 0x3C, 0x00, 0x00, 0x3C, 0x00, 0x00, 0x7C, 0x00, 0x00, 0x78, 0x00, 0x00, 0xF8, 0x00, 0x00, 0xF0, 0x00, 0x01, 0xF0,
    0x00, 0x7F, 0xE0, 0x00, 0x7F, 0xC0, 0x00, 0x7F, 0x80, 0x00, 0x7E, 0x00, 0x00, 0x03, 0x81, 0xC0, 0x03, 0xC1, 0xE0, 0x03, 0xC1, 0xE0, 0x03, 0xC1,
    0xE0, 0x03, 0x81, 0xC0, 0x00, 0x00, 0x00, 0x00, 0x00, 0x00, 0x00, 0x00, 0x00, 0x00, 0x00, 0x00, 0xF8, 0x00, 0x0F, 0x78, 0x00, 0x1F, 0x7C, 0x00,
    0x1F, 0x7C, 0x00, 0x1E, 0x3C, 0x00, 0x3E, 0x3E, 0x00, 0x3C, 0x1E, 0x00, 0x3C, 0x1E, 0x00, 0x7C, 0x1F, 0x00, 0x78, 0x0F, 0x00, 0xF8, 0x0F, 0x80,
    0xF0, 0x07, 0x80, 0xF0, 0x07, 0x81, 0xF0, 0x07, 0xC1, 0xE0, 0x03, 0xC1, 0xE0, 0x03, 0xC3, 0xE0, 0x01, 0xE3, 0xC0, 0x01, 0xE3, 0xC0, 0x01, 0xE7,
    0x80, 0x00, 0xF7, 0x80, 0x00, 0xF7, 0x80, 0x00, 0x77, 0x00, 0x00, 0x7F, 0x00, 0x00, 0x3F, 0x00, 0x00, 0x3E, 0x00, 0x00, 0x3E, 0x00, 0x00, 0x3C,
    0x00, 0x00, 0x3C, 0x00, 0x00, 0x7C, 0x00, 0x00, 0x78, 0x00, 0x00, 0xF8, 0x00, 0x00, 0xF0, 0x00, 0x01, 0xF0, 0x00, 0x7F, 0xE0, 0x00, 0x7F, 0xC0,
    0x00, 0x7F, 0x80, 0x00, 0x7E, 0x00, 0x00, 0x00, 0x07, 0x80, 0x00, 0x00, 0x07, 0xC0, 0x00, 0x00, 0x0F, 0xC0, 0x00, 0x00, 0x0F, 0xE0, 0x00, 0x00,
    0x0F, 0xE0, 0x00, 0x00, 0x1E, 0xF0, 0x00, 0x00, 0x1E, 0xF0, 0x00, 0x00, 0x3C, 0xF0, 0x00, 0x00, 0x3C, 0x78, 0x00, 0x00, 0x3C, 0x78, 0x00, 0x00,
    0x78, 0x7C, 0x00, 0x00, 0x78, 0x3C, 0x00, 0x00, 0xF8, 0x3C, 0x00, 0x00, 0xF0, 0x1E, 0x00, 0x00, 0xF0, 0x1E, 0x00, 0x01, 0xE0, 0x1F, 0x00, 0x01,
    0xE0, 0x0F, 0x00, 0x03, 0xE0, 0x0F, 0x00, 0x03, 0xC0, 0x07, 0x80, 0x07, 0xC0, 0x07, 0x80, 0x07, 0x80, 0x07, 0xC0, 0x07, 0x80, 0x03, 0xC0, 0x0F,
    0x80, 0x03, 0xC0, 0x0F, 0x00, 0x03, 0xE0, 0x1F, 0x00, 0x01, 0xE0, 0x1E, 0x00, 0x01, 0xF0, 0x1E, 0x00, 0x00, 0xF0, 0x3E, 0x00, 0x00, 0xF0, 0x3C,
    0x00, 0x00, 0xF8, 0x7C, 0x00, 0x00, 0x78, 0x78, 0x00, 0x00, 0x7C, 0x7F, 0xFF, 0xFF, 0xFC, 0xFF, 0xFF, 0xFF, 0xFC, 0xFF, 0xFF, 0xFF, 0xFC, 0xFF,
    0xFF, 0xFE, 0xFF, 0xFF, 0xFE, 0xFF, 0xFF, 0xFE, 0xFC, 0x00, 0x00, 0x7E, 0x00, 0x00, 0x3F, 0x00, 0x00, 0x1F, 0x00, 0x00, 0x0F, 0x80, 0x00, 0x07,
    0xC0, 0x00, 0x07, 0xE0, 0x00, 0x03, 0xF0, 0x00, 0x01, 0xF0, 0x00, 0x00, 0xF8, 0x00, 0x00, 0x7C, 0x00, 0x00, 0x7E, 0x00, 0x00, 0x3F, 0x00, 0x00,
    0x1F, 0x00, 0x00, 0x3E, 0x00, 0x00, 0x3C, 0x00, 0x00, 0x78, 0x00, 0x00, 0xF8, 0x00, 0x01, 0xF0, 0x00, 0x03, 0xE0, 0x00, 0x03, 0xC0, 0x00, 0x07,
    0xC0, 0x00, 0x0F, 0x80, 0x00, 0x1F, 0x00, 0x00, 0x3E, 0x00, 0x00, 0x3C, 0x00, 0x00, 0x7C, 0x00, 0x00, 0xF8, 0x00, 0x00, 0xFF, 0xFF, 0xFF, 0xFF,
    0xFF, 0xFF, 0xFF, 0xFF, 0xFF, 0x00, 0x00, 0x80, 0x00, 0x00, 0x3F, 0xFC, 0x00, 0x00, 0xFF, 0xFF, 0x80, 0x03, 0xFF, 0xFF, 0xC0, 0x07, 0xF0, 0x0F,
    0xE0, 0x0F, 0xC0, 0x03, 0xF0, 0x1F, 0x80, 0x00, 0xF8, 0x1F, 0x00, 0x00, 0x7C, 0x3E, 0x00, 0x00, 0x7C, 0x3E, 0x00, 0x00, 0x3E, 0x7C, 0x00, 0x00,
    0x3E, 0x7C, 0x00, 0x00, 0x1E, 0x7C, 0x00, 0x00, 0x1E, 0x78, 0x00, 0x00, 0x1F, 0x78, 0x00, 0x00, 0x1F, 0xF8, 0x00, 0x00, 0x1F, 0xF8, 0x00, 0x00,
    0x1F, 0xF8, 0x00, 0x00, 0x1F, 0x78, 0x00, 0x00, 0x1F, 0x78, 0x00, 0x00, 0x1F, 0x78, 0x00, 0x00, 0x1F, 0x7C, 0x00, 0x00, 0x1E, 0x7C, 0x00, 0x00,
    0x1E, 0x3C, 0x00, 0x00, 0x3E, 0x3C, 0x00, 0x00, 0x3C, 0x1E, 0x00, 0x00, 0x7C, 0x1F, 0x00, 0x00, 0x78, 0x0F, 0x00, 0x00, 0xF8, 0x07, 0x80, 0x01,
    0xF0, 0x03, 0xC0, 0x03, 0xE0, 0x01, 0xE0, 0x07, 0xC0, 0x00, 0xF8, 0x0F, 0x80, 0xFF, 0xF8, 0x1F, 0xFF, 0xFF, 0xF8, 0x1F, 0xFF, 0xFF, 0xF8, 0x1F,
    0xFF, 0xF0, 0x00, 0x7C, 0x00, 0xF0, 0x00, 0x7C, 0x00, 0xF0, 0x00, 0x7C, 0x00, 0xF0, 0x00, 0x7C, 0x00, 0xF0, 0x00, 0x7C, 0x00, 0xF0, 0x00, 0x7C,
    0x00, 0xF0, 0x00, 0x7C, 0x00, 0xF0, 0x00, 0x7C, 0x00, 0xF0, 0x00, 0x7C, 0x00, 0xF0, 0x00, 0x7C, 0x00, 0xF0, 0x00, 0x7C, 0x00, 0xF0, 0x00, 0x7C,
    0x00, 0xF0, 0x00, 0x7C, 0x00, 0xF0, 0x00, 0x7C, 0x00, 0xF0, 0x00, 0x7C, 0x00, 0xF0, 0x00, 0x7C, 0x00, 0xF0, 0x00, 0x7C, 0x00, 0xF0, 0x00, 0x7C,
    0x00, 0xF0, 0x00, 0x7C, 0x00, 0xF8, 0x00, 0xFC, 0x00, 0xF8, 0x01, 0xFC, 0x00, 0xFC, 0x03, 0xFC, 0x00, 0xFF, 0xFF, 0xBF, 0x80, 0xFF, 0xFF, 0x3F,
    0x80, 0xF7, 0xFE, 0x1F, 0x80, 0xF1, 0xF8, 0x0F, 0x80, 0xF0, 0x00, 0x00, 0x00, 0xF0, 0x00, 0x00, 0x00, 0xF0, 0x00, 0x00, 0x00, 0xF0, 0x00, 0x00,
    0x00, 0xF0, 0x00, 0x00, 0x00, 0xF0, 0x00, 0x00, 0x00, 0xF0, 0x00, 0x00, 0x00, 0xF0, 0x00, 0x00, 0x00, 0xF0, 0x00, 0x00, 0x00, 0xF0, 0x00, 0x00,
    0x00, 0xF0, 0x00, 0x00, 0x00, 0xFF, 0xFF, 0xF0, 0xFF, 0xFF, 0xF0, 0xFF, 0xFF, 0xF0, 0xFF, 0xFF, 0xFF, 0xFF, 0xFF, 0xF0, 0xFF, 0xFF, 0xFF, 0xFF,
    0xFF, 0xF0, 0xFF, 0xFF, 0xFF, 0xFF, 0xFF, 0xF0, 0x1E, 0x1C, 0x1C, 0x3C, 0x3C, 0x7C, 0x78, 0x78, 0xF8, 0xF8, 0xF8, 0xF8, 0x3E, 0x3E, 0x3C, 0x7C,
    0x7C, 0x78, 0x78, 0x78, 0xF0, 0xF0, 0xE0, 0xE0, 0x1E, 0x0F, 0x1C, 0x0E, 0x1C, 0x1E, 0x3C, 0x1E, 0x3C, 0x1E, 0x7C, 0x3C, 0x78, 0x3C, 0x78, 0x3C,
    0xF8, 0x7C, 0xF8, 0x7C, 0xF8, 0x78, 0xF0, 0xF8, 0x3E, 0x1F, 0x3E, 0x1E, 0x3C, 0x3E, 0x7C, 0x3E, 0x7C, 0x3E, 0x78, 0x3C, 0x78, 0x3C, 0x78, 0x78,
    0xF0, 0x78, 0xF0, 0x78, 0xE0, 0x70, 0xE0, 0xF0, 0x1F, 0x0F, 0x80, 0x1E, 0x1F, 0x00, 0x3E, 0x1F, 0x00, 0x3E, 0x1F, 0x00, 0x3E, 0x1E, 0x00, 0x3C,
    0x1E, 0x00, 0x3C, 0x3E, 0x00, 0x78, 0x3C, 0x00, 0x78, 0x3C, 0x00, 0x78, 0x3C, 0x00, 0x70, 0x38, 0x00, 0xF0, 0x78, 0x00, 0x01, 0xF0, 0x00, 0x01,
    0xE0, 0x00, 0x01, 0xE0, 0x00, 0x01, 0xE0, 0x00, 0x01, 0xE0, 0x00, 0x01, 0xE0, 0x00, 0x01, 0xE0, 0x00, 0x00, 0xE0, 0x00, 0x00, 0xC0, 0x00, 0xE0,
    0xC1, 0xE0, 0xFF, 0xFF, 0xE0, 0xFF, 0xFF, 0xE0, 0xFF, 0xFF, 0xE0, 0x00, 0xC0, 0x00, 0x00, 0xC0, 0x00, 0x00, 0xC0, 0x00, 0x00, 0xC0, 0x00, 0x00,
    0xE0, 0x00, 0x00, 0xE0, 0x00, 0x01, 0xE0, 0x00, 0x01, 0xE0, 0x00, 0x01, 0xE0, 0x00, 0x01, 0xE0, 0x00, 0x01, 0xE0, 0x00, 0x01, 0xE0, 0x00, 0x01,
    0xE0, 0x00, 0x01, 0xE0, 0x00, 0x01, 0xE0, 0x00, 0x01, 0xE0, 0x00, 0x01, 0xE0, 0x00, 0x01, 0xE0, 0x00, 0x01, 0xE0, 0x00, 0x01, 0xE0, 0x00, 0x01,
    0xE0, 0x00, 0x01, 0xE0, 0x00, 0x01, 0xF0, 0x00, 0x01, 0xF0, 0x00, 0x01, 0xE0, 0x00, 0x01, 0xE0, 0x00, 0x01, 0xE0, 0x00, 0x01, 0xE0, 0x00, 0x01,
    0xE0, 0x00, 0x00, 0xE0, 0x00, 0x00, 0xE0, 0x00, 0x80, 0xE0, 0x60, 0xFF, 0xFF, 0xE0, 0xFF, 0xFF, 0xE0, 0xFF, 0xFF, 0xE0, 0x00, 0xE0, 0x00, 0x00,
    0xE0, 0x00, 0x01, 0xE0, 0x00, 0x01, 0xE0, 0x00, 0x01, 0xE0, 0x00, 0x01, 0xF0, 0x00, 0x01, 0xE0, 0x00, 0x01, 0xE0, 0x00, 0x01, 0xE0, 0x00, 0x01,
    0xE0, 0x00, 0x00, 0xE0, 0x00, 0x00, 0xE0, 0x00, 0xFC, 0xE7, 0xE0, 0xFF, 0xFF, 0xE0, 0xFF, 0xFF, 0xE0, 0xFC, 0xEF, 0xE0, 0x00, 0xE0, 0x00, 0x00,
    0xE0, 0x00, 0x00, 0xE0, 0x00, 0x01, 0xE0, 0x00, 0x01, 0xE0, 0x00, 0x01, 0xE0, 0x00, 0x01, 0xE0, 0x00, 0x01, 0xF0, 0x00, 0x1E, 0x00, 0x7F, 0x80,
    0xFF, 0xC0, 0xFF, 0xC0, 0xFF, 0xC0, 0xFF, 0xC0, 0xFF, 0xC0, 0xFF, 0xC0, 0xFF, 0xC0, 0xFF, 0xC0, 0x7F, 0x80, 0x1F, 0x00, 0x38, 0x03, 0xC0, 0x1C,
    0x7C, 0x07, 0xE0, 0x3E, 0xFC, 0x07, 0xE0, 0x3F, 0xFC, 0x07, 0xE0, 0x3E, 0x7C, 0x07, 0xE0, 0x3E, 0x38, 0x03, 0xC0, 0x1C, 0x01, 0x00, 0x00, 0x00,
    0x00, 0x00, 0x00, 0x0F, 0xE0, 0x00, 0x78, 0x00, 0x00, 0x00, 0x1F, 0xF0, 0x00, 0x70, 0x00, 0x00, 0x00, 0x3F, 0xF8, 0x00, 0xF0, 0x00, 0x00, 0x00,
    0x7C, 0x78, 0x00, 0xE0, 0x00, 0x00, 0x00, 0x78, 0x3C, 0x01, 0xE0, 0x00, 0x00, 0x00, 0x70, 0x3C, 0x01, 0xC0, 0x00, 0x00, 0x00, 0x70, 0x1C, 0x03,
    0xC0, 0x00, 0x00, 0x00, 0xF0, 0x1C, 0x07, 0x80, 0x00, 0x00, 0x00, 0xF0, 0x1E, 0x07, 0x80, 0x00, 0x00, 0x00, 0xF0, 0x1E, 0x0F, 0x00, 0x00, 0x00,
    0x00, 0xF0, 0x1E, 0x0E, 0x00, 0x00, 0x00, 0x00, 0xF0, 0x1E, 0x1E, 0x00, 0x00, 0x00, 0x00, 0xF0, 0x1C, 0x1C, 0x00, 0x00, 0x00, 0x00, 0x70, 0x1C,
    0x3C, 0x7F, 0x00, 0x7F, 0x00, 0x70, 0x3C, 0x78, 0xFF, 0x80, 0xFF, 0xC0, 0x78, 0x3C, 0x79, 0xFF, 0xC1, 0xFF, 0xC0, 0x7C, 0x78, 0xF3, 0xE3, 0xC1,
    0xE1, 0xE0, 0x3F, 0xF8, 0xF3, 0xC1, 0xE1, 0xC0, 0xE0, 0x1F, 0xF1, 0xE3, 0x81, 0xE3, 0xC0, 0xF0, 0x0F, 0xE1, 0xC3, 0x80, 0xE3, 0xC0, 0xF0, 0x00,
    0x03, 0xC7, 0x80, 0xE3, 0xC0, 0xF0, 0x00, 0x03, 0x87, 0x80, 0xE3, 0xC0, 0x70, 0x00, 0x07, 0x87, 0x80, 0xF3, 0x80, 0x70, 0x00, 0x0F, 0x07, 0x80,
    0xF3, 0x80, 0x70, 0x00, 0x0F, 0x07, 0x80, 0xF3, 0x80, 0x70, 0x00, 0x1E, 0x07, 0x80, 0xE3, 0xC0, 0x70, 0x00, 0x1C, 0x03, 0x80, 0xE3, 0xC0, 0xF0,
    0x00, 0x3C, 0x03, 0x80, 0xE3, 0xC0, 0xF0, 0x00, 0x38, 0x03, 0xC1, 0xE1, 0xC0, 0xF0, 0x00, 0x78, 0x03, 0xC1, 0xE1, 0xE1, 0xE0, 0x00, 0x70, 0x01,
    0xFF, 0xC1, 0xFF, 0xE0, 0x00, 0xF0, 0x01, 0xFF, 0xC0, 0xFF, 0xC0, 0x01, 0xE0, 0x00, 0xFF, 0x80, 0x7F, 0x80, 0x01, 0xE0, 0x00, 0x3E, 0x00, 0x3F,
    0x00, 0x00, 0x80, 0x01, 0xC0, 0x03, 0xE0, 0x07, 0xC0, 0x07, 0x80, 0x0F, 0x00, 0x1E, 0x00, 0x3E, 0x00, 0x7C, 0x00, 0xF8, 0x00, 0xF0, 0x00, 0x78,
    0x00, 0x7C, 0x00, 0x3E, 0x00, 0x1F, 0x00, 0x0F, 0x80, 0x07, 0x80, 0x03, 0xC0, 0x03, 0xE0, 0x01, 0x80, 0x20, 0x00, 0x70, 0x00, 0xF8, 0x00, 0x78,
    0x00, 0x3C, 0x00, 0x1E, 0x00, 0x1F, 0x00, 0x0F, 0x80, 0x07, 0xC0, 0x03, 0xE0, 0x03, 0xE0, 0x03, 0xC0, 0x07, 0x80, 0x0F, 0x80, 0x1F, 0x00, 0x3E,
    0x00, 0x3C, 0x00, 0x78, 0x00, 0xF0, 0x00, 0x70, 0x00, 0x00, 0x00, 0x80, 0x00, 0x00, 0xC0, 0x03, 0xE0, 0x00, 0xC0, 0xE0, 0x03, 0xF0, 0x01, 0xC0,
    0x70, 0x07, 0xF8, 0x03, 0x80, 0x38, 0x07, 0xF8, 0x07, 0x00, 0x1C, 0x03, 0xF0, 0x0E, 0x00, 0x0E, 0x03, 0xF0, 0x1C, 0x00, 0x07, 0x00, 0xC0, 0x38,
    0x00, 0x03, 0x80, 0x00, 0x70, 0x00, 0x01, 0xC0, 0x00, 0xE0, 0x00, 0x00, 0xE0, 0x01, 0xC0, 0x00, 0x00, 0x70, 0x03, 0x80, 0x00, 0x00, 0x38, 0x07,
    0x00, 0x00, 0x00, 0x1C, 0x0E, 0x00, 0x00, 0x38, 0x0E, 0x1C, 0x07, 0x00, 0x7C, 0x07, 0x38, 0x0F, 0x80, 0xFE, 0x03, 0xF0, 0x1F, 0xC0, 0xFE, 0x01,
    0xE0, 0x1F, 0xC0, 0xFE, 0x01, 0xE0, 0x1F, 0xC0, 0xFC, 0x03, 0xF0, 0x1F, 0xC0, 0x7C, 0x07, 0x38, 0x0F, 0x80, 0x00, 0x0E, 0x1C, 0x00, 0x00, 0x00,
    0x1C, 0x0E, 0x00, 0x00, 0x00, 0x38, 0x07, 0x00, 0x00, 0x00, 0x70, 0x03, 0x80, 0x00, 0x00, 0xE0, 0x01, 0xC0, 0x00, 0x01, 0xC0, 0x00, 0xE0, 0x00,
    0x03, 0x80, 0x00, 0x70, 0x00, 0x07, 0x01, 0xE0, 0x38, 0x00, 0x0E, 0x03, 0xF0, 0x1C, 0x00, 0x1C, 0x03, 0xF0, 0x0E, 0x00, 0x38, 0x07, 0xF8, 0x07,
    0x00, 0x70, 0x03, 0xF0, 0x03, 0x80, 0xE0, 0x03, 0xF0, 0x01, 0xC0, 0x40, 0x01, 0xE0, 0x00, 0x80, 0x00, 0x00, 0x40, 0x00, 0x00, 0x0F, 0xFE, 0x00,
    0x00, 0x3F, 0xFF, 0xC0, 0x00, 0xFF, 0xFF, 0x80, 0x01, 0xFC, 0x07, 0x80, 0x01, 0xF0, 0x01, 0x00, 0x03, 0xE0, 0x00, 0x00, 0x07, 0xC0, 0x00, 0x00,
    0x07, 0xC0, 0x00, 0x00, 0x07, 0x80, 0x00, 0x00, 0x0F, 0x80, 0x00, 0x00, 0x0F, 0x00, 0x00, 0x00, 0x0F, 0x00, 0x00, 0x00, 0xFF, 0xFF, 0xF0, 0x00,
    0xFF, 0xFF, 0xF0, 0x00, 0xFF, 0xFF, 0xF0, 0x00, 0x0F, 0x00, 0x00, 0x00, 0x0F, 0x00, 0x00, 0x00, 0x0F, 0x00, 0x00, 0x00, 0x0F, 0x00, 0x00, 0x00,
    0xFF, 0xFF, 0xC0, 0x00, 0xFF, 0xFF, 0xC0, 0x00, 0xFF, 0xFF, 0xC0, 0x00, 0x0F, 0x00, 0x00, 0x00, 0x0F, 0x80, 0x00, 0x00, 0x07, 0x80, 0x00, 0x00,
    0x07, 0x80, 0x00, 0x00, 0x07, 0xC0, 0x00, 0x00, 0x03, 0xE0, 0x00, 0x00, 0x03, 0xF0, 0x00, 0x00, 0x01, 0xF8, 0x01, 0x80, 0x00, 0xFF, 0xBF, 0x80,
    0x00, 0x7F, 0xFF, 0x80, 0x00, 0x1F, 0xFF, 0x80, 0x00, 0x07, 0xFC, 0x00, 0x03, 0x00, 0x00, 0x00, 0x00, 0x00, 0x1F, 0xE0, 0x00, 0x01, 0xF0, 0x00,
    0x3F, 0xF0, 0x00, 0x1F, 0xFE, 0x00, 0x78, 0x78, 0x00, 0x7F, 0xFF, 0x80, 0x70, 0x38, 0x00, 0xFF, 0xFF, 0xC0, 0xE0, 0x1C, 0x01, 0xFF, 0x0F, 0xE0,
    0xE0, 0x1C, 0x03, 0xF8, 0x03, 0xC0, 0xE0, 0x1C, 0x07, 0xE0, 0x00, 0x80, 0xE0, 0x1C, 0x07, 0xC0, 0x00, 0x00, 0x60, 0x18, 0x0F, 0x80, 0x00, 0x00,
    0x70, 0x38, 0x0F, 0x80, 0x00, 0x00, 0x3E, 0xF0, 0x1F, 0x00, 0x00, 0x00, 0x1F, 0xE0, 0x1F, 0x00, 0x00, 0x00, 0x0F, 0xC0, 0x3E, 0x00, 0x00, 0x00,
    0x00, 0x00, 0x3E, 0x00, 0x00, 0x00, 0x00, 0x00, 0x3E, 0x00, 0x00, 0x00, 0x00, 0x00, 0x3E, 0x00, 0x00, 0x00, 0x00, 0x00, 0x3E, 0x00, 0x00, 0x00,
    0x00, 0x00, 0x3E, 0x00, 0x00, 0x00, 0x00, 0x00, 0x3E, 0x00, 0x00, 0x00, 0x00, 0x00, 0x3E, 0x00, 0x00, 0x00, 0x00, 0x00, 0x3E, 0x00, 0x00, 0x00,
    0x00, 0x00, 0x3E, 0x00, 0x00, 0x00, 0x00, 0x00, 0x3E, 0x00, 0x00, 0x00, 0x00, 0x00, 0x3E, 0x00, 0x00, 0x00, 0x00, 0x00, 0x3E, 0x00, 0x00, 0x00,
    0x00, 0x00, 0x1F, 0x00, 0x00, 0x00, 0x00, 0x00, 0x1F, 0x00, 0x00, 0x00, 0x00, 0x00, 0x1F, 0x80, 0x00, 0x00, 0x00, 0x00, 0x0F, 0x80, 0x00, 0x00,
    0x00, 0x00, 0x0F, 0xC0, 0x00, 0x40, 0x00, 0x00, 0x07, 0xE0, 0x00, 0xE0, 0x00, 0x00, 0x03, 0xF8, 0x03, 0xF0, 0x00, 0x00, 0x01, 0xFF, 0xBF, 0xE0,
    0x00, 0x00, 0x00, 0xFF, 0xFF, 0xC0, 0x00, 0x00, 0x00, 0x7F, 0xFF, 0x80, 0x00, 0x00, 0x00, 0x1F, 0xFE, 0x00, 0x00, 0x00, 0x00, 0x01, 0xF0, 0x00,
    0x03, 0x00, 0x00, 0x00, 0x00, 0x00, 0x1F, 0xE0, 0x00, 0x00, 0x00, 0x00, 0x3F, 0xF0, 0x0F, 0xFF, 0xFF, 0x80, 0x78, 0x70, 0x0F, 0xFF, 0xFF, 0x80,
    0xE0, 0x38, 0x0F, 0xFF, 0xFF, 0x80, 0xE0, 0x18, 0x0F, 0xFF, 0xFF, 0x80, 0xE0, 0x18, 0x0F, 0x80, 0x00, 0x00, 0xE0, 0x18, 0x0F, 0x80, 0x00, 0x00,
    0xE0, 0x18, 0x0F, 0x80, 0x00, 0x00, 0xE0, 0x38, 0x0F, 0x80, 0x00, 0x00, 0x70, 0x38, 0x0F, 0x80, 0x00, 0x00, 0x7D, 0xF0, 0x0F, 0x80, 0x00, 0x00,
    0x3F, 0xE0, 0x0F, 0x80, 0x00, 0x00, 0x0F, 0xC0, 0x0F, 0x80, 0x00, 0x00, 0x00, 0x00, 0x0F, 0x80, 0x00, 0x00, 0x00, 0x00, 0x0F, 0x80, 0x00, 0x00,
    0x00, 0x00, 0x0F, 0x80, 0x00, 0x00, 0x00, 0x00, 0x0F, 0xFF, 0xFC, 0x00, 0x00, 0x00, 0x0F, 0xFF, 0xFC, 0x00, 0x00, 0x00, 0x0F, 0xFF, 0xFC, 0x00,
    0x00, 0x00, 0x0F, 0xFF, 0xFC, 0x00, 0x00, 0x00, 0x0F, 0x80, 0x00, 0x00, 0x00, 0x00, 0x0F, 0x80, 0x00, 0x00, 0x00, 0x00, 0x0F, 0x80, 0x00, 0x00,
    0x00, 0x00, 0x0F, 0x80, 0x00, 0x00, 0x00, 0x00, 0x0F, 0x80, 0x00, 0x00, 0x00, 0x00, 0x0F, 0x80, 0x00, 0x00, 0x00, 0x00, 0x0F, 0x80, 0x00, 0x00,
    0x00, 0x00, 0x0F, 0x80, 0x00, 0x00, 0x00, 0x00, 0x0F, 0x80, 0x00, 0x00, 0x00, 0x00, 0x0F, 0x80, 0x00, 0x00, 0x00, 0x00, 0x0F, 0x80, 0x00, 0x00,
    0x00, 0x00, 0x0F, 0x80, 0x00, 0x00, 0x00, 0x00, 0x0F, 0x80, 0x00, 0x00, 0x00, 0x00, 0x0F, 0x80, 0x00, 0x00, 0x00, 0x00, 0x0F, 0x80, 0x00, 0x00,
    0x00, 0x00, 0x0F, 0x80, 0x00, 0x00, 0xFF, 0xF9, 0xE0, 0x0F, 0x80, 0xFF, 0xF9, 0xF0, 0x0F, 0x80, 0xFF, 0xF9, 0xF0, 0x1F, 0x80, 0x07, 0x01, 0xF0,
    0x1F, 0x80, 0x07, 0x01, 0xB8, 0x1F, 0x80, 0x07, 0x01, 0xB8, 0x3B, 0x80, 0x07, 0x01, 0xB8, 0x3B, 0x80, 0x07, 0x01, 0x9C, 0x33, 0x80, 0x07, 0x01,
    0x9C, 0x73, 0x80, 0x07, 0x01, 0x9C, 0x73, 0x80, 0x07, 0x01, 0x8E, 0x63, 0x80, 0x07, 0x01, 0x8E, 0xE3, 0x80, 0x07, 0x01, 0x8E, 0xE3, 0x80, 0x07,
    0x01, 0x87, 0xC3, 0x80, 0x07, 0x01, 0x87, 0xC3, 0x80, 0x07, 0x01, 0x87, 0x83, 0x80, 0x07, 0x01, 0x83, 0x83, 0x80, 0x00, 0x1C, 0x00, 0x00, 0x00,
    0x00, 0x00, 0x3E, 0x00, 0x00, 0x00, 0x00, 0x00, 0x3C, 0x00, 0x00, 0x00, 0x00, 0x00, 0x78, 0x00, 0x00, 0x00, 0x00, 0x00, 0xF0, 0x00, 0x00, 0x00,
    0x00, 0x03, 0xE0, 0x00, 0x00, 0x00, 0x00, 0x07, 0xC0, 0x00, 0x00, 0x00, 0x00, 0x0F, 0x80, 0x00, 0x00, 0x00, 0x00, 0x1F, 0x00, 0x00, 0x00, 0x00,
    0x00, 0x3F, 0xFF, 0xFF, 0xFF, 0xFF, 0xF0, 0xFF, 0xFF, 0xFF, 0xFF, 0xFF, 0xF0, 0x7F, 0xFF, 0xFF, 0xFF, 0xFF, 0xF0, 0x3E, 0x00, 0x00, 0x00, 0x00,
    0x00, 0x0F, 0x00, 0x00, 0x00, 0x00, 0x00, 0x07, 0xC0, 0x00, 0x00, 0x00, 0x00, 0x03, 0xE0, 0x00, 0x00, 0x00, 0x00, 0x01, 0xF0, 0x00, 0x00, 0x00,
    0x00, 0x00, 0xF8, 0x00, 0x00, 0x00, 0x00, 0x00, 0x78, 0x00, 0x00, 0x00, 0x00, 0x00, 0x3C, 0x00, 0x00, 0x00, 0x00, 0x00, 0x1E, 0x00, 0x00, 0x00,
    0x00, 0x00, 0x08, 0x00, 0x00, 0x00, 0x00, 0x00, 0x20, 0x00, 0x00, 0x30, 0x00, 0x00, 0x30, 0x00, 0x00, 0x78, 0x00, 0x00, 0xFC, 0x00, 0x01, 0xFE,
    0x00, 0x03, 0xFF, 0x00, 0x07, 0xFF, 0x80, 0x07, 0xFF, 0x80, 0x0F, 0x7B, 0xC0, 0x3E, 0x79, 0xF0, 0x7C, 0x78, 0xF8, 0xF8, 0x78, 0x7C, 0xF0, 0x78,
    0x3C, 0x60, 0x78, 0x18, 0x40, 0x78, 0x08, 0x00, 0x78, 0x00, 0x00, 0x78, 0x00, 0x00, 0x78, 0x00, 0x00, 0x78, 0x00, 0x00, 0x78, 0x00, 0x00, 0x78,
    0x00, 0x00, 0x78, 0x00, 0x00, 0x78, 0x00, 0x00, 0x78, 0x00, 0x00, 0x78, 0x00, 0x00, 0x78, 0x00, 0x00, 0x78, 0x00, 0x00, 0x78, 0x00, 0x00, 0x78,
    0x00, 0x00, 0x78, 0x00, 0x00, 0x78, 0x00, 0x00, 0x78, 0x00, 0x00, 0x78, 0x00, 0x00, 0x78, 0x00, 0x00, 0x78, 0x00, 0x00, 0x78, 0x00, 0x00, 0x78,
    0x00, 0x00, 0x78, 0x00, 0x00, 0x78, 0x00, 0x00, 0x78, 0x00, 0x00, 0x78, 0x00, 0x00, 0x78, 0x00, 0x00, 0x78, 0x00, 0x00, 0x78, 0x00, 0x00, 0x00,
    0x00, 0x03, 0x80, 0x00, 0x00, 0x00, 0x00, 0x07, 0xC0, 0x00, 0x00, 0x00, 0x00, 0x03, 0xE0, 0x00, 0x00, 0x00, 0x00, 0x01, 0xE0, 0x00, 0x00, 0x00,
    0x00, 0x00, 0xF0, 0x00, 0x00, 0x00, 0x00, 0x00, 0x7C, 0x00, 0x00, 0x00, 0x00, 0x00, 0x3E, 0x00, 0x00, 0x00, 0x00, 0x00, 0x1F, 0x00, 0x00, 0x00,
    0x00, 0x00, 0x0F, 0x80, 0xFF, 0xFF, 0xFF, 0xFF, 0xFF, 0xC0, 0xFF, 0xFF, 0xFF, 0xFF, 0xFF, 0xF0, 0xFF, 0xFF, 0xFF, 0xFF, 0xFF, 0xE0, 0x00, 0x00,
    0x00, 0x00, 0x07, 0xC0, 0x00, 0x00, 0x00, 0x00, 0x0F, 0x00, 0x00, 0x00, 0x00, 0x00, 0x3E, 0x00, 0x00, 0x00, 0x00, 0x00, 0x7C, 0x00, 0x00, 0x00,
    0x00, 0x00, 0xF8, 0x00, 0x00, 0x00, 0x00, 0x01, 0xF0, 0x00, 0x00, 0x00, 0x00, 0x01, 0xE0, 0x00, 0x00, 0x00, 0x00, 0x03, 0xC0, 0x00, 0x00, 0x00,
    0x00, 0x07, 0x80, 0x00, 0x00, 0x00, 0x00, 0x01, 0x00, 0x00, 0x00, 0x78, 0x00, 0x00, 0x78, 0x00, 0x00, 0x78, 0x00, 0x00, 0x78, 0x00, 0x00, 0x78,
    0x00, 0x00, 0x78, 0x00, 0x00, 0x78, 0x00, 0x00, 0x78, 0x00, 0x00, 0x78, 0x00, 0x00, 0x78, 0x00, 0x00, 0x78, 0x00, 0x00, 0x78, 0x00, 0x00, 0x78,
    0x00, 0x00, 0x78, 0x00, 0x00, 0x78, 0x00, 0x00, 0x78, 0x00, 0x00, 0x78, 0x00, 0x00, 0x78, 0x00, 0x00, 0x78, 0x00, 0x00, 0x78, 0x00, 0x00, 0x78,
    0x00, 0x00, 0x78, 0x00, 0x00, 0x78, 0x00, 0x00, 0x78, 0x00, 0x00, 0x78, 0x00, 0x00, 0x78, 0x00, 0x00, 0x78, 0x00, 0x00, 0x78, 0x00, 0x00, 0x78,
    0x00, 0x40, 0x78, 0x08, 0x70, 0x78, 0x38, 0xF8, 0x78, 0x7C, 0x7C, 0x78, 0xF8, 0x3E, 0x79, 0xF0, 0x1F, 0x7B, 0xE0, 0x0F, 0x7B, 0xC0, 0x07, 0xFF,
    0x80, 0x03, 0xFF, 0x00, 0x01, 0xFE, 0x00, 0x00, 0xFC, 0x00, 0x00, 0xFC, 0x00, 0x00, 0x78, 0x00, 0x00, 0x30, 0x00, 0x00, 0x20, 0x00, 0x00, 0x18,
    0x00, 0x01, 0x80, 0x00, 0x00, 0x1E, 0x00, 0x07, 0x80, 0x00, 0x00, 0x3C, 0x00, 0x03, 0xC0, 0x00, 0x00, 0x78, 0x00, 0x01, 0xE0, 0x00, 0x00, 0xF0,
    0x00, 0x00, 0xF0, 0x00, 0x01, 0xE0, 0x00, 0x00, 0x78, 0x00, 0x03, 0xC0, 0x00, 0x00, 0x3C, 0x00, 0x0F, 0x80, 0x00, 0x00, 0x1F, 0x00, 0x1F, 0x00,
    0x00, 0x00, 0x0F, 0x80, 0x3F, 0xFF, 0xFF, 0xFF, 0xFF, 0xC0, 0xFF, 0xFF, 0xFF, 0xFF, 0xFF, 0xF0, 0xFF, 0xFF, 0xFF, 0xFF, 0xFF, 0xF0, 0x3F, 0xFF,
    0xFF, 0xFF, 0xFF, 0xC0, 0x1F, 0x00, 0x00, 0x00, 0x0F, 0x80, 0x0F, 0x80, 0x00, 0x00, 0x1E, 0x00, 0x03, 0xC0, 0x00, 0x00, 0x3C, 0x00, 0x01, 0xE0,
    0x00, 0x00, 0x78, 0x00, 0x00, 0xF0, 0x00, 0x00, 0xF0, 0x00, 0x00, 0x78, 0x00, 0x01, 0xE0, 0x00, 0x00, 0x3C, 0x00, 0x03, 0xC0, 0x00, 0x00, 0x1E,
    0x00, 0x07, 0x80, 0x00, 0x00, 0x18, 0x00, 0x01, 0x80, 0x00, 0x01, 0xFE, 0x00, 0x00, 0x40, 0x07, 0xFF, 0x80, 0x00, 0xF0, 0x1F, 0xFF, 0xE0, 0x01,
    0xE0, 0x3F, 0x03, 0xF0, 0x03, 0xE0, 0x7C, 0x00, 0xFC, 0x0F, 0xC0, 0x78, 0x00, 0x7F, 0xFF, 0x80, 0xF0, 0x00, 0x1F, 0xFE, 0x00, 0x60, 0x00, 0x0F,
    0xFC, 0x00, 0x20, 0x00, 0x00, 0x80, 0x00, 0x00, 0x00, 0x00, 0x00, 0x00, 0x00, 0x00, 0x00, 0x00, 0x00, 0x00, 0xFC, 0x00, 0x00, 0x40, 0x07, 0xFF,
    0x00, 0x00, 0xE0, 0x0F, 0xFF, 0xC0, 0x01, 0xF0, 0x1F, 0x87, 0xF0, 0x03, 0xE0, 0x3E, 0x01, 0xF8, 0x07, 0xC0, 0x78, 0x00, 0x7F, 0xFF, 0x80, 0xF0,
    0x00, 0x3F, 0xFF, 0x00, 0x70, 0x00, 0x0F, 0xFC, 0x00, 0x20, 0x00, 0x03, 0xF0, 0x00, 0x00, 0x00, 0x06, 0x00, 0x00, 0x00, 0x00, 0x07, 0x80, 0x00,
    0x00, 0x00, 0x0F, 0x00, 0x00, 0x00, 0x00, 0x0F, 0x00, 0x00, 0x00, 0x00, 0x0E, 0x00, 0x00, 0x00, 0x00, 0x1E, 0x00, 0x00, 0x00, 0x00, 0x1E, 0x00,
    0x00, 0x00, 0x00, 0x1C, 0x00, 0x00, 0x00, 0x00, 0x3C, 0x00, 0x00, 0x00, 0x00, 0x38, 0x00, 0x00, 0xFF, 0xFF, 0xFF, 0xFF, 0xC0, 0xFF, 0xFF, 0xFF,
    0xFF, 0xC0, 0xFF, 0xFF, 0xFF, 0xFF, 0xC0, 0xFF, 0xFF, 0xFF, 0xFF, 0xC0, 0x00, 0x00, 0xF0, 0x00, 0x00, 0x00, 0x00, 0xE0, 0x00, 0x00, 0x00, 0x01,
    0xE0, 0x00, 0x00, 0x00, 0x01, 0xE0, 0x00, 0x00, 0x00, 0x01, 0xC0, 0x00, 0x00, 0x00, 0x03, 0xC0, 0x00, 0x00, 0x00, 0x03, 0xC0, 0x00, 0x00, 0xFF,
    0xFF, 0xFF, 0xFF, 0xC0, 0xFF, 0xFF, 0xFF, 0xFF, 0xC0, 0xFF, 0xFF, 0xFF, 0xFF, 0xC0, 0x00, 0x0F, 0x00, 0x00, 0x00, 0x00, 0x0F, 0x00, 0x00, 0x00,
    0x00, 0x0E, 0x00, 0x00, 0x00, 0x00, 0x1E, 0x00, 0x00, 0x00, 0x00, 0x1E, 0x00, 0x00, 0x00, 0x00, 0x1C, 0x00, 0x00, 0x00, 0x00, 0x3C, 0x00, 0x00,
    0x00, 0x00, 0x38, 0x00, 0x00, 0x00, 0x00, 0x78, 0x00, 0x00, 0x00, 0x00, 0x18, 0x00, 0x00, 0x00, 0x00, 0x00, 0x00, 0x00, 0x70, 0x00, 0x00, 0x00,
    0x01, 0xF8, 0x00, 0x00, 0x00, 0x0F, 0xF8, 0x00, 0x00, 0x00, 0x3F, 0xE0, 0x00, 0x00, 0x01, 0xFF, 0x00, 0x00, 0x00, 0x07, 0xFC, 0x00, 0x00, 0x00,
    0x3F, 0xE0, 0x00, 0x00, 0x00, 0xFF, 0x80, 0x00, 0x00, 0x07, 0xFC, 0x00, 0x00, 0x00, 0x1F, 0xF0, 0x00, 0x00, 0x00, 0x7F, 0x80, 0x00, 0x00, 0x03,
    0xFE, 0x00, 0x00, 0x00, 0x0F, 0xF0, 0x00, 0x00, 0x00, 0x7F, 0xC0, 0x00, 0x00, 0x00, 0xFF, 0xC0, 0x00, 0x00, 0x00, 0x1F, 0xF0, 0x00, 0x00, 0x00,
    0x03, 0xFC, 0x00, 0x00, 0x00, 0x00, 0xFF, 0x80, 0x00, 0x00, 0x00, 0x1F, 0xE0, 0x00, 0x00, 0x00, 0x07, 0xFC, 0x00, 0x00, 0x00, 0x00, 0xFF, 0x00,
    0x00, 0x00, 0x00, 0x3F, 0xE0, 0x00, 0x00, 0x00, 0x0F, 0xF8, 0x00, 0x00, 0x00, 0x01, 0xFF, 0x00, 0x00, 0x00, 0x00, 0x7F, 0xC0, 0x00, 0x00, 0x00,
    0x0F, 0xF8, 0x00, 0x00, 0x00, 0x03, 0xF8, 0x00, 0x00, 0x00, 0x00, 0x70, 0x00, 0x00, 0x00, 0x00, 0x10, 0x00, 0x00, 0x00, 0x00, 0x00, 0x00, 0x00,
    0x00, 0x00, 0x00, 0x00, 0x00, 0x00, 0x00, 0x00, 0x00, 0x00, 0x00, 0x00, 0x00, 0x7F, 0xFF, 0xFF, 0xFF, 0xF8, 0x7F, 0xFF, 0xFF, 0xFF, 0xF8, 0x7F,
    0xFF, 0xFF, 0xFF, 0xF8, 0x70, 0x00, 0x00, 0x00, 0x00, 0xFC, 0x00, 0x00, 0x00, 0x00, 0xFF, 0x80, 0x00, 0x00, 0x00, 0x3F, 0xE0, 0x00, 0x00, 0x00,
    0x07, 0xFC, 0x00, 0x00, 0x00, 0x01, 0xFF, 0x00, 0x00, 0x00, 0x00, 0x3F, 0xE0, 0x00, 0x00, 0x00, 0x0F, 0xF8, 0x00, 0x00, 0x00, 0x01, 0xFF, 0x00,
    0x00, 0x00, 0x00, 0x7F, 0xC0, 0x00, 0x00, 0x00, 0x0F, 0xF0, 0x00, 0x00, 0x00, 0x03, 0xFE, 0x00, 0x00, 0x00, 0x00, 0x7F, 0x80, 0x00, 0x00, 0x00,
    0x1F, 0xF0, 0x00, 0x00, 0x00, 0x1F, 0xF8, 0x00, 0x00, 0x00, 0x7F, 0xC0, 0x00, 0x00, 0x01, 0xFE, 0x00, 0x00, 0x00, 0x0F, 0xF8, 0x00, 0x00, 0x00,
    0x3F, 0xC0, 0x00, 0x00, 0x01, 0xFF, 0x00, 0x00, 0x00, 0x07, 0xF8, 0x00, 0x00, 0x00, 0x3F, 0xE0, 0x00, 0x00, 0x00, 0xFF, 0x80, 0x00, 0x00, 0x07,
    0xFC, 0x00, 0x00, 0x00, 0x1F, 0xF0, 0x00, 0x00, 0x00, 0xFF, 0x80, 0x00, 0x00, 0x00, 0xFE, 0x00, 0x00, 0x00, 0x00, 0x70, 0x00, 0x00, 0x00, 0x00,
    0x40, 0x00, 0x00, 0x00, 0x00, 0x00, 0x00, 0x00, 0x00, 0x00, 0x00, 0x00, 0x00, 0x00, 0x00, 0x00, 0x00, 0x00, 0x00, 0x00, 0x00, 0x00, 0x00, 0x00,
    0x00, 0xFF, 0xFF, 0xFF, 0xFF, 0xF0, 0xFF, 0xFF, 0xFF, 0xFF, 0xF0, 0xFF, 0xFF, 0xFF, 0xFF, 0xF0, 0x00, 0x00, 0x06, 0x00, 0x00, 0x00, 0x00, 0x01,
    0xFF, 0xF8, 0x00, 0x00, 0x00, 0x07, 0x80, 0x1E, 0x00, 0x00, 0x00, 0x1C, 0x00, 0x03, 0x80, 0x00, 0x00, 0x70, 0x00, 0x00, 0xE0, 0x00, 0x00, 0xC0,
    0x00, 0x00, 0x30, 0x00, 0x01, 0x80, 0x00, 0x00, 0x18, 0x00, 0x03, 0x00, 0x00, 0x00, 0x0C, 0x00, 0x06, 0x00, 0x00, 0x00, 0x06, 0x00, 0x0C, 0x00,
    0x00, 0x00, 0x03, 0x00, 0x18, 0x00, 0x07, 0x80, 0x01, 0x80, 0x10, 0x00, 0x3F, 0x80, 0x00, 0x80, 0x30, 0x00, 0xFF, 0x80, 0x00, 0xC0, 0x20, 0x00,
    0xFF, 0x80, 0x00, 0x40, 0x60, 0x00, 0xFF, 0x80, 0x00, 0x60, 0x40, 0x00, 0x07, 0x80, 0x00, 0x20, 0xC0, 0x00, 0x07, 0x80, 0x00, 0x20, 0xC0, 0x00,
    0x07, 0x80, 0x00, 0x30, 0xC0, 0x00, 0x07, 0x80, 0x00, 0x30, 0x80, 0x00, 0x07, 0x80, 0x00, 0x10, 0x80, 0x00, 0x07, 0x80, 0x00, 0x10, 0x80, 0x00,
    0x07, 0x80, 0x00, 0x10, 0x80, 0x00, 0x07, 0x80, 0x00, 0x10, 0x80, 0x00, 0x07, 0x80, 0x00, 0x10, 0x80, 0x00, 0x07, 0x80, 0x00, 0x10, 0x80, 0x00,
    0x07, 0x80, 0x00, 0x10, 0x80, 0x00, 0x07, 0x80, 0x00, 0x30, 0xC0, 0x00, 0x07, 0x80, 0x00, 0x30, 0xC0, 0x00, 0x07, 0x80, 0x00, 0x30, 0x40, 0x00,
    0x07, 0x80, 0x00, 0x20, 0x60, 0x00, 0x07, 0x80, 0x00, 0x60, 0x60, 0x00, 0x07, 0x80, 0x00, 0x60, 0x30, 0x00, 0x07, 0x80, 0x00, 0xC0, 0x30, 0x00,
    0x07, 0x80, 0x00, 0xC0, 0x18, 0x00, 0x07, 0x80, 0x01, 0x80, 0x08, 0x00, 0x00, 0x00, 0x03, 0x00, 0x0C, 0x00, 0x00, 0x00, 0x03, 0x00, 0x06, 0x00,
    0x00, 0x00, 0x06, 0x00, 0x03, 0x00, 0x00, 0x00, 0x0C, 0x00, 0x01, 0xC0, 0x00, 0x00, 0x38, 0x00, 0x00, 0xE0, 0x00, 0x00, 0x70, 0x00, 0x00, 0x38,
    0x00, 0x01, 0xC0, 0x00, 0x00, 0x1E, 0x00, 0x07, 0x00, 0x00, 0x00, 0x03, 0xF9, 0xFC, 0x00, 0x00, 0x00, 0x00, 0x7F, 0xE0, 0x00, 0x00, 0x00, 0x00,
    0x06, 0x00, 0x00, 0x00, 0x00, 0x01, 0xFF, 0xF8, 0x00, 0x00, 0x00, 0x07, 0x80, 0x1E, 0x00, 0x00, 0x00, 0x1C, 0x00, 0x03, 0x80, 0x00, 0x00, 0x70,
    0x00, 0x00, 0xE0, 0x00, 0x00, 0xC0, 0x00, 0x00, 0x30, 0x00, 0x01, 0x80, 0x00, 0x00, 0x18, 0x00, 0x03, 0x00, 0x00, 0x00, 0x0C, 0x00, 0x06, 0x00,
    0x00, 0x00, 0x06, 0x00, 0x0C, 0x00, 0x06, 0x00, 0x03, 0x00, 0x18, 0x00, 0x7F, 0xC0, 0x01, 0x80, 0x10, 0x01, 0xFF, 0xF0, 0x00, 0x80, 0x30, 0x03,
    0xFF, 0xF8, 0x00, 0xC0, 0x20, 0x07, 0xC0, 0x78, 0x00, 0x40, 0x60, 0x01, 0x80, 0x3C, 0x00, 0x60, 0x40, 0x00, 0x00, 0x3C, 0x00, 0x20, 0xC0, 0x00,
    0x00, 0x3C, 0x00, 0x20, 0xC0, 0x00, 0x00, 0x3C, 0x00, 0x30, 0xC0, 0x00, 0x00, 0x3C, 0x00, 0x30, 0x80, 0x00, 0x00, 0x3C, 0x00, 0x10, 0x80, 0x00,
    0x00, 0x78, 0x00, 0x10, 0x80, 0x00, 0x00, 0x78, 0x00, 0x10, 0x80, 0x00, 0x00, 0xF0, 0x00, 0x10, 0x80, 0x00, 0x01, 0xE0, 0x00, 0x10, 0x80, 0x00,
    0x03, 0xE0, 0x00, 0x10, 0x80, 0x00, 0x07, 0xC0, 0x00, 0x10, 0x80, 0x00, 0x0F, 0x80, 0x00, 0x30, 0xC0, 0x00, 0x1F, 0x00, 0x00, 0x30, 0xC0, 0x00,
    0x3E, 0x00, 0x00, 0x30, 0x40, 0x00, 0x7C, 0x00, 0x00, 0x20, 0x60, 0x00, 0xF8, 0x00, 0x00, 0x60, 0x60, 0x01, 0xF0, 0x00, 0x00, 0x60, 0x30, 0x03,
    0xFF, 0xFE, 0x00, 0xC0, 0x30, 0x03, 0xFF, 0xFE, 0x00, 0xC0, 0x18, 0x03, 0xFF, 0xFE, 0x01, 0x80, 0x08, 0x00, 0x00, 0x00, 0x03, 0x00, 0x0C, 0x00,
    0x00, 0x00, 0x03, 0x00, 0x06, 0x00, 0x00, 0x00, 0x06, 0x00, 0x03, 0x00, 0x00, 0x00, 0x0C, 0x00, 0x01, 0xC0, 0x00, 0x00, 0x38, 0x00, 0x00, 0xE0,
    0x00, 0x00, 0x70, 0x00, 0x00, 0x38, 0x00, 0x01, 0xC0, 0x00, 0x00, 0x1E, 0x00, 0x07, 0x00, 0x00, 0x00, 0x03, 0xF9, 0xFC, 0x00, 0x00, 0x00, 0x00,
    0x7F, 0xE0, 0x00, 0x00, 0x00, 0x00, 0x06, 0x00, 0x00, 0x00, 0x00, 0x01, 0xFF, 0xF8, 0x00, 0x00, 0x00, 0x07, 0x80, 0x1E, 0x00, 0x00, 0x00, 0x1C,
    0x00, 0x03, 0x80, 0x00, 0x00, 0x70, 0x00, 0x00, 0xE0, 0x00, 0x00, 0xC0, 0x00, 0x00, 0x30, 0x00, 0x01, 0x80, 0x00, 0x00, 0x18, 0x00, 0x03, 0x00,
    0x00, 0x00, 0x0C, 0x00, 0x06, 0x00, 0x00, 0x00, 0x06, 0x00, 0x0C, 0x00, 0x06, 0x00, 0x03, 0x00, 0x18, 0x00, 0x7F, 0xE0, 0x01, 0x80, 0x10, 0x01,
    0xFF, 0xF0, 0x00, 0x80, 0x30, 0x03, 0xFF, 0xF8, 0x00, 0xC0, 0x20, 0x03, 0xC0, 0x7C, 0x00, 0x40, 0x60, 0x01, 0x00, 0x3C, 0x00, 0x60, 0x40, 0x00,
    0x00, 0x3C, 0x00, 0x20, 0xC0, 0x00, 0x00, 0x3C, 0x00, 0x20, 0xC0, 0x00, 0x00, 0x3C, 0x00, 0x30, 0xC0, 0x00, 0x00, 0x78, 0x00, 0x30, 0x80, 0x00,
    0x00, 0xF8, 0x00, 0x10, 0x80, 0x00, 0x1F, 0xF0, 0x00, 0x10, 0x80, 0x00, 0x3F, 0xC0, 0x00, 0x10, 0x80, 0x00, 0x3F, 0xE0, 0x00, 0x10, 0x80, 0x00,
    0x3F, 0xF8, 0x00, 0x10, 0x80, 0x00, 0x00, 0x7C, 0x00, 0x10, 0x80, 0x00, 0x00, 0x3C, 0x00, 0x10, 0x80, 0x00, 0x00, 0x1E, 0x00, 0x30, 0xC0, 0x00,
    0x00, 0x1E, 0x00, 0x30, 0xC0, 0x00, 0x00, 0x1E, 0x00, 0x30, 0x40, 0x02, 0x00, 0x1E, 0x00, 0x20, 0x60, 0x03, 0x00, 0x3E, 0x00, 0x60, 0x60, 0x07,
    0xC0, 0x7C, 0x00, 0x60, 0x30, 0x07, 0xFF, 0xFC, 0x00, 0xC0, 0x30, 0x03, 0xFF, 0xF0, 0x00, 0xC0, 0x18, 0x00, 0xFF, 0xE0, 0x01, 0x80, 0x08, 0x00,
    0x04, 0x00, 0x03, 0x00, 0x0C, 0x00, 0x00, 0x00, 0x03, 0x00, 0x06, 0x00, 0x00, 0x00, 0x06, 0x00, 0x03, 0x00, 0x00, 0x00, 0x0C, 0x00, 0x01, 0xC0,
    0x00, 0x00, 0x38, 0x00, 0x00, 0xE0, 0x00, 0x00, 0x70, 0x00, 0x00, 0x38, 0x00, 0x01, 0xC0, 0x00, 0x00, 0x1E, 0x00, 0x07, 0x00, 0x00, 0x00, 0x03,
    0xF9, 0xFC, 0x00, 0x00, 0x00, 0x00, 0x7F, 0xE0, 0x00, 0x00, 0x00, 0x00, 0x06, 0x00, 0x00, 0x00, 0x00, 0x01, 0xFF, 0xF8, 0x00, 0x00, 0x00, 0x07,
    0x80, 0x1E, 0x00, 0x00, 0x00, 0x1C, 0x00, 0x03, 0x80, 0x00, 0x00, 0x70, 0x00, 0x00, 0xE0, 0x00, 0x00, 0xC0, 0x00, 0x00, 0x30, 0x00, 0x01, 0x80,
    0x00, 0x00, 0x18, 0x00, 0x03, 0x00, 0x00, 0x00, 0x0C, 0x00, 0x06, 0x00, 0x00, 0x00, 0x06, 0x00, 0x0C, 0x00, 0x00, 0x00, 0x03, 0x00, 0x18, 0x00,
    0x03, 0xE0, 0x01, 0x80, 0x10, 0x00, 0x07, 0xE0, 0x00, 0x80, 0x30, 0x00, 0x07, 0xE0, 0x00, 0xC0, 0x20, 0x00, 0x0F, 0xE0, 0x00, 0x40, 0x60, 0x00,
    0x1F, 0xE0, 0x00, 0x60, 0x40, 0x00, 0x1D, 0xE0, 0x00, 0x20, 0xC0, 0x00, 0x3D, 0xE0, 0x00, 0x20, 0xC0, 0x00, 0x79, 0xE0, 0x00, 0x30, 0xC0, 0x00,
    0xF1, 0xE0, 0x00, 0x30, 0x80, 0x00, 0xE1, 0xE0, 0x00, 0x10, 0x80, 0x01, 0xE1, 0xE0, 0x00, 0x10, 0x80, 0x03, 0xC1, 0xE0, 0x00, 0x10, 0x80, 0x07,
    0x81, 0xE0, 0x00, 0x10, 0x80, 0x07, 0x01, 0xE0, 0x00, 0x10, 0x80, 0x0F, 0x01, 0xE0, 0x00, 0x10, 0x80, 0x1F, 0xFF, 0xFE, 0x00, 0x10, 0x80, 0x1F,
    0xFF, 0xFE, 0x00, 0x30, 0xC0, 0x1F, 0xFF, 0xFE, 0x00, 0x30, 0xC0, 0x00, 0x01, 0xE0, 0x00, 0x30, 0x40, 0x00, 0x01, 0xE0, 0x00, 0x20, 0x60, 0x00,
    0x01, 0xE0, 0x00, 0x60, 0x60, 0x00, 0x01, 0xE0, 0x00, 0x60, 0x30, 0x00, 0x01, 0xE0, 0x00, 0xC0, 0x30, 0x00, 0x01, 0xE0, 0x00, 0xC0, 0x18, 0x00,
    0x01, 0xE0, 0x01, 0x80, 0x08, 0x00, 0x00, 0x00, 0x03, 0x00, 0x0C, 0x00, 0x00, 0x00, 0x03, 0x00, 0x06, 0x00, 0x00, 0x00, 0x06, 0x00, 0x03, 0x00,
    0x00, 0x00, 0x0C, 0x00, 0x01, 0xC0, 0x00, 0x00, 0x38, 0x00, 0x00, 0xE0, 0x00, 0x00, 0x70, 0x00, 0x00, 0x38, 0x00, 0x01, 0xC0, 0x00, 0x00, 0x1E,
    0x00, 0x07, 0x00, 0x00, 0x00, 0x03, 0xF9, 0xFC, 0x00, 0x00, 0x00, 0x00, 0x7F, 0xE0, 0x00, 0x00, 0x00, 0x00, 0x06, 0x00, 0x00, 0x00, 0x00, 0x01,
    0xFF, 0xF8, 0x00, 0x00, 0x00, 0x07, 0x80, 0x1E, 0x00, 0x00, 0x00, 0x1C, 0x00, 0x03, 0x80, 0x00, 0x00, 0x70, 0x00, 0x00, 0xE0, 0x00, 0x00, 0xC0,
    0x00, 0x00, 0x30, 0x00, 0x01, 0x80, 0x00, 0x00, 0x18, 0x00, 0x03, 0x00, 0x00, 0x00, 0x0C, 0x00, 0x06, 0x00, 0x00, 0x00, 0x06, 0x00, 0x0C, 0x00,
    0x00, 0x00, 0x03, 0x00, 0x18, 0x00, 0xFF, 0xFC, 0x01, 0x80, 0x10, 0x00, 0xFF, 0xFC, 0x00, 0x80, 0x30, 0x00, 0xFF, 0xFC, 0x00, 0xC0, 0x20, 0x00,
    0xE0, 0x00, 0x00, 0x40, 0x60, 0x00, 0xE0, 0x00, 0x00, 0x60, 0x40, 0x00, 0xE0, 0x00, 0x00, 0x20, 0xC0, 0x00, 0xE0, 0x00, 0x00, 0x20, 0xC0, 0x01,
    0xE0, 0x00, 0x00, 0x30, 0xC0, 0x01, 0xE0, 0x00, 0x00, 0x30, 0x80, 0x01, 0xEF, 0xC0, 0x00, 0x10, 0x80, 0x01, 0xFF, 0xF0, 0x00, 0x10, 0x80, 0x01,
    0xFF, 0xF8, 0x00, 0x10, 0x80, 0x01, 0xE0, 0x7C, 0x00, 0x10, 0x80, 0x00, 0x40, 0x3E, 0x00, 0x10, 0x80, 0x00, 0x00, 0x1E, 0x00, 0x10, 0x80, 0x00,
    0x00, 0x1E, 0x00, 0x10, 0x80, 0x00, 0x00, 0x1E, 0x00, 0x30, 0xC0, 0x00, 0x00, 0x1E, 0x00, 0x30, 0xC0, 0x00, 0x00, 0x1E, 0x00, 0x30, 0x40, 0x02,
    0x00, 0x1E, 0x00, 0x20, 0x60, 0x03, 0x00, 0x3E, 0x00, 0x60, 0x60, 0x07, 0xC0, 0x7C, 0x00, 0x60, 0x30, 0x07, 0xFF, 0xF8, 0x00, 0xC0, 0x30, 0x01,
    0xFF, 0xF0, 0x00, 0xC0, 0x18, 0x00, 0x7F, 0xC0, 0x01, 0x80, 0x08, 0x00, 0x00, 0x00, 0x03, 0x00, 0x0C, 0x00, 0x00, 0x00, 0x03, 0x00, 0x06, 0x00,
    0x00, 0x00, 0x06, 0x00, 0x03, 0x00, 0x00, 0x00, 0x0C, 0x00, 0x01, 0xC0, 0x00, 0x00, 0x38, 0x00, 0x00, 0xE0, 0x00, 0x00, 0x70, 0x00, 0x00, 0x38,
    0x00, 0x01, 0xC0, 0x00, 0x00, 0x1E, 0x00, 0x07, 0x00, 0x00, 0x00, 0x03, 0xF9, 0xFC, 0x00, 0x00, 0x00, 0x00, 0x7F, 0xE0, 0x00, 0x00, 0x00, 0x00,
    0x06, 0x00, 0x00, 0x00, 0x00, 0x01, 0xFF, 0xF8, 0x00, 0x00, 0x00, 0x07, 0x80, 0x1E, 0x00, 0x00, 0x00, 0x1C, 0x00, 0x03, 0x80, 0x00, 0x00, 0x70,
    0x00, 0x00, 0xE0, 0x00, 0x00, 0xC0, 0x00, 0x00, 0x30, 0x00, 0x01, 0x80, 0x00, 0x00, 0x18, 0x00, 0x03, 0x00, 0x00, 0x00, 0x0C, 0x00, 0x06, 0x00,
    0x00, 0x00, 0x06, 0x00, 0x0C, 0x00, 0x01, 0x00, 0x03, 0x00, 0x18, 0x00, 0x3F, 0xF0, 0x01, 0x80, 0x10, 0x00, 0x7F, 0xF8, 0x00, 0x80, 0x30, 0x00,
    0xFF, 0xFC, 0x00, 0xC0, 0x20, 0x01, 0xF0, 0x38, 0x00, 0x40, 0x60, 0x03, 0xE0, 0x10, 0x00, 0x60, 0x40, 0x03, 0xC0, 0x00, 0x00, 0x20, 0xC0, 0x07,
    0x80, 0x00, 0x00, 0x20, 0xC0, 0x07, 0x80, 0x00, 0x00, 0x30, 0xC0, 0x07, 0x00, 0x00, 0x00, 0x30, 0x80, 0x0F, 0x00, 0x00, 0x00, 0x10, 0x80, 0x0F,
    0x1F, 0xE0, 0x00, 0x10, 0x80, 0x0F, 0x7F, 0xF0, 0x00, 0x10, 0x80, 0x0F, 0xFF, 0xF8, 0x00, 0x10, 0x80, 0x0F, 0xC0, 0x7C, 0x00, 0x10, 0x80, 0x0F,
    0x80, 0x3C, 0x00, 0x10, 0x80, 0x0F, 0x00, 0x3C, 0x00, 0x10, 0x80, 0x0F, 0x00, 0x1C, 0x00, 0x30, 0xC0, 0x07, 0x00, 0x1C, 0x00, 0x30, 0xC0, 0x07,
    0x80, 0x1C, 0x00, 0x30, 0x40, 0x07, 0x80, 0x3C, 0x00, 0x20, 0x60, 0x03, 0xC0, 0x3C, 0x00, 0x60, 0x60, 0x03, 0xE0, 0x78, 0x00, 0x60, 0x30, 0x01,
    0xFF, 0xF8, 0x00, 0xC0, 0x30, 0x00, 0xFF, 0xF0, 0x00, 0xC0, 0x18, 0x00, 0x3F, 0xC0, 0x01, 0x80, 0x08, 0x00, 0x06, 0x00, 0x03, 0x00, 0x0C, 0x00,
    0x00, 0x00, 0x03, 0x00, 0x06, 0x00, 0x00, 0x00, 0x06, 0x00, 0x03, 0x00, 0x00, 0x00, 0x0C, 0x00, 0x01, 0xC0, 0x00, 0x00, 0x38, 0x00, 0x00, 0xE0,
    0x00, 0x00, 0x70, 0x00, 0x00, 0x38, 0x00, 0x01, 0xC0, 0x00, 0x00, 0x1E, 0x00, 0x07, 0x00, 0x00, 0x00, 0x03, 0xF9, 0xFC, 0x00, 0x00, 0x00, 0x00,
    0x7F, 0xE0, 0x00, 0x00, 0x00, 0x00, 0x06, 0x00, 0x00, 0x00, 0x00, 0x01, 0xFF, 0xF8, 0x00, 0x00, 0x00, 0x07, 0x80, 0x1E, 0x00, 0x00, 0x00, 0x1C,
    0x00, 0x03, 0x80, 0x00, 0x00, 0x70, 0x00, 0x00, 0xE0, 0x00, 0x00, 0xC0, 0x00, 0x00, 0x30, 0x00, 0x01, 0x80, 0x00, 0x00, 0x18, 0x00, 0x03, 0x00,
    0x00, 0x00, 0x0C, 0x00, 0x06, 0x00, 0x00, 0x00, 0x06, 0x00, 0x0C, 0x00, 0x00, 0x00, 0x03, 0x00, 0x18, 0x07, 0xFF, 0xFE, 0x01, 0x80, 0x10, 0x07,
    0xFF, 0xFE, 0x00, 0x80, 0x30, 0x07, 0xFF, 0xFE, 0x00, 0xC0, 0x20, 0x00, 0x00, 0x3C, 0x00, 0x40, 0x60, 0x00, 0x00, 0x78, 0x00, 0x60, 0x40, 0x00,
    0x00, 0x70, 0x00, 0x20, 0xC0, 0x00, 0x00, 0xF0, 0x00, 0x20, 0xC0, 0x00, 0x01, 0xE0, 0x00, 0x30, 0xC0, 0x00, 0x01, 0xC0, 0x00, 0x30, 0x80, 0x00,
    0x03, 0xC0, 0x00, 0x10, 0x80, 0x00, 0x03, 0x80, 0x00, 0x10, 0x80, 0x00, 0x07, 0x80, 0x00, 0x10, 0x80, 0x00, 0x07, 0x80, 0x00, 0x10, 0x80, 0x00,
    0x07, 0x00, 0x00, 0x10, 0x80, 0x00, 0x0F, 0x00, 0x00, 0x10, 0x80, 0x00, 0x0F, 0x00, 0x00, 0x10, 0x80, 0x00, 0x0E, 0x00, 0x00, 0x30, 0xC0, 0x00,
    0x1E, 0x00, 0x00, 0x30, 0xC0, 0x00, 0x1E, 0x00, 0x00, 0x30, 0x40, 0x00, 0x1E, 0x00, 0x00, 0x20, 0x60, 0x00, 0x1E, 0x00, 0x00, 0x60, 0x60, 0x00,
    0x1E, 0x00, 0x00, 0x60, 0x30, 0x00, 0x1E, 0x00, 0x00, 0xC0, 0x30, 0x00, 0x1E, 0x00, 0x00, 0xC0, 0x18, 0x00, 0x1E, 0x00, 0x01, 0x80, 0x08, 0x00,
    0x00, 0x00, 0x03, 0x00, 0x0C, 0x00, 0x00, 0x00, 0x03, 0x00, 0x06, 0x00, 0x00, 0x00, 0x06, 0x00, 0x03, 0x00, 0x00, 0x00, 0x0C, 0x00, 0x01, 0xC0,
    0x00, 0x00, 0x38, 0x00, 0x00, 0xE0, 0x00, 0x00, 0x70, 0x00, 0x00, 0x38, 0x00, 0x01, 0xC0, 0x00, 0x00, 0x1E, 0x00, 0x07, 0x00, 0x00, 0x00, 0x03,
    0xF9, 0xFC, 0x00, 0x00, 0x00, 0x00, 0x7F, 0xE0, 0x00, 0x00, 0x00, 0x00, 0x06, 0x00, 0x00, 0x00, 0x00, 0x01, 0xFF, 0xF8, 0x00, 0x00, 0x00, 0x07,
    0x80, 0x1E, 0x00, 0x00, 0x00, 0x1C, 0x00, 0x03, 0x80, 0x00, 0x00, 0x70, 0x00, 0x00, 0xE0, 0x00, 0x00, 0xC0, 0x00, 0x00, 0x30, 0x00, 0x01, 0x80,
    0x00, 0x00, 0x18, 0x00, 0x03, 0x00, 0x00, 0x00, 0x0C, 0x00, 0x06, 0x00, 0x00, 0x00, 0x06, 0x00, 0x0C, 0x00, 0x06, 0x00, 0x03, 0x00, 0x18, 0x00,
    0x3F, 0xE0, 0x01, 0x80, 0x10, 0x00, 0xFF, 0xF0, 0x00, 0x80, 0x30, 0x01, 0xF9, 0xF8, 0x00, 0xC0, 0x20, 0x01, 0xE0, 0x7C, 0x00, 0x40, 0x60, 0x03,
    0xC0, 0x3C, 0x00, 0x60, 0x40, 0x03, 0xC0, 0x1C, 0x00, 0x20, 0xC0, 0x03, 0xC0, 0x1C, 0x00, 0x20, 0xC0, 0x03, 0xC0, 0x1C, 0x00, 0x30, 0xC0, 0x01,
    0xE0, 0x3C, 0x00, 0x30, 0x80, 0x01, 0xF0, 0x78, 0x00, 0x10, 0x80, 0x00, 0xFC, 0x70, 0x00, 0x10, 0x80, 0x00, 0x7F, 0xE0, 0x00, 0x10, 0x80, 0x00,
    0x7F, 0xE0, 0x00, 0x10, 0x80, 0x00, 0xF7, 0xF0, 0x00, 0x10, 0x80, 0x03, 0xC0, 0xF8, 0x00, 0x10, 0x80, 0x03, 0x80, 0x3C, 0x00, 0x10, 0x80, 0x07,
    0x80, 0x1E, 0x00, 0x30, 0xC0, 0x07, 0x00, 0x1E, 0x00, 0x30, 0xC0, 0x07, 0x00, 0x1E, 0x00, 0x30, 0x40, 0x07, 0x80, 0x1E, 0x00, 0x20, 0x60, 0x07,
    0x80, 0x1E, 0x00, 0x60, 0x60, 0x07, 0xC0, 0x3C, 0x00, 0x60, 0x30, 0x03, 0xF9, 0xFC, 0x00, 0xC0, 0x30, 0x01, 0xFF, 0xF8, 0x00, 0xC0, 0x18, 0x00,
    0x7F, 0xE0, 0x01, 0x80, 0x08, 0x00, 0x06, 0x00, 0x03, 0x00, 0x0C, 0x00, 0x00, 0x00, 0x03, 0x00, 0x06, 0x00, 0x00, 0x00, 0x06, 0x00, 0x03, 0x00,
    0x00, 0x00, 0x0C, 0x00, 0x01, 0xC0, 0x00, 0x00, 0x38, 0x00, 0x00, 0xE0, 0x00, 0x00, 0x70, 0x00, 0x00, 0x38, 0x00, 0x01, 0xC0, 0x00, 0x00, 0x1E,
    0x00, 0x07, 0x00, 0x00, 0x00, 0x03, 0xF9, 0xFC, 0x00, 0x00, 0x00, 0x00, 0x7F, 0xE0, 0x00, 0x00, 0x00, 0x00, 0x06, 0x00, 0x00, 0x00, 0x00, 0x01,
    0xFF, 0xF8, 0x00, 0x00, 0x00, 0x07, 0x80, 0x1E, 0x00, 0x00, 0x00, 0x1C, 0x00, 0x03, 0x80, 0x00, 0x00, 0x70, 0x00, 0x00, 0xE0, 0x00, 0x00, 0xC0,
    0x00, 0x00, 0x30, 0x00, 0x01, 0x80, 0x00, 0x00, 0x18, 0x00, 0x03, 0x00, 0x00, 0x00, 0x0C, 0x00, 0x06, 0x00, 0x00, 0x00, 0x06, 0x00, 0x0C, 0x00,
    0x04, 0x00, 0x03, 0x00, 0x18, 0x00, 0x3F, 0xC0, 0x01, 0x80, 0x10, 0x00, 0xFF, 0xF0, 0x00, 0x80, 0x30, 0x01, 0xFF, 0xF8, 0x00, 0xC0, 0x20, 0x01,
    0xE0, 0x7C, 0x00, 0x40, 0x60, 0x03, 0xC0, 0x3C, 0x00, 0x60, 0x40, 0x03, 0xC0, 0x1E, 0x00, 0x20, 0xC0, 0x03, 0x80, 0x1E, 0x00, 0x20, 0xC0, 0x07,
    0x80, 0x1E, 0x00, 0x30, 0xC0, 0x03, 0x80, 0x0E, 0x00, 0x30, 0x80, 0x03, 0xC0, 0x0F, 0x00, 0x10, 0x80, 0x03, 0xC0, 0x1F, 0x00, 0x10, 0x80, 0x03,
    0xE0, 0x7F, 0x00, 0x10, 0x80, 0x01, 0xFF, 0xFF, 0x00, 0x10, 0x80, 0x00, 0xFF, 0xEF, 0x00, 0x10, 0x80, 0x00, 0x7F, 0x8F, 0x00, 0x10, 0x80, 0x00,
    0x00, 0x0E, 0x00, 0x10, 0x80, 0x00, 0x00, 0x1E, 0x00, 0x30, 0xC0, 0x00, 0x00, 0x1E, 0x00, 0x30, 0xC0, 0x00, 0x00, 0x1E, 0x00, 0x30, 0x40, 0x00,
    0x00, 0x3C, 0x00, 0x20, 0x60, 0x00, 0x80, 0x7C, 0x00, 0x60, 0x60, 0x01, 0xC0, 0xF8, 0x00, 0x60, 0x30, 0x03, 0xFF, 0xF0, 0x00, 0xC0, 0x30, 0x01,
    0xFF, 0xE0, 0x00, 0xC0, 0x18, 0x00, 0xFF, 0x80, 0x01, 0x80, 0x08, 0x00, 0x08, 0x00, 0x03, 0x00, 0x0C, 0x00, 0x00, 0x00, 0x03, 0x00, 0x06, 0x00,
    0x00, 0x00, 0x06, 0x00, 0x03, 0x00, 0x00, 0x00, 0x0C, 0x00, 0x01, 0xC0, 0x00, 0x00, 0x38, 0x00, 0x00, 0xE0, 0x00, 0x00, 0x70, 0x00, 0x00, 0x38,
    0x00, 0x01, 0xC0, 0x00, 0x00, 0x1E, 0x00, 0x07, 0x00, 0x00, 0x00, 0x03, 0xF9, 0xFC, 0x00, 0x00, 0x00, 0x00, 0x7F, 0xE0, 0x00, 0x00, 0x00, 0x00,
    0x06, 0x00, 0x00, 0x00, 0x00, 0x01, 0xFF, 0xF8, 0x00, 0x00, 0x00, 0x07, 0x80, 0x1E, 0x00, 0x00, 0x00, 0x1C, 0x00, 0x03, 0x80, 0x00, 0x00, 0x70,
    0x00, 0x00, 0xE0, 0x00, 0x00, 0xC0, 0x00, 0x00, 0x30, 0x00, 0x01, 0x80, 0x00, 0x00, 0x18, 0x00, 0x03, 0x00, 0x00, 0x00, 0x0C, 0x00, 0x06, 0x00,
    0x00, 0x00, 0x06, 0x00, 0x0C, 0x00, 0x00, 0x18, 0x03, 0x00, 0x18, 0x0F, 0x00, 0x7F, 0x01, 0x80, 0x10, 0x3F, 0x01, 0xFF, 0x80, 0x80, 0x30, 0xFF,
    0x01, 0xFF, 0x80, 0xC0, 0x20, 0xFF, 0x03, 0xC3, 0xC0, 0x40, 0x60, 0xFF, 0x03, 0x81, 0xE0, 0x60, 0x40, 0x0F, 0x07, 0x81, 0xE0, 0x20, 0xC0, 0x0F,
    0x07, 0x81, 0xE0, 0x20, 0xC0, 0x0F, 0x07, 0x00, 0xE0, 0x30, 0xC0, 0x0F, 0x07, 0x00, 0xF0, 0x30, 0x80, 0x0F, 0x0F, 0x00, 0xF0, 0x10, 0x80, 0x0F,
    0x0F, 0x00, 0xF0, 0x10, 0x80, 0x0F, 0x0F, 0x00, 0xF0, 0x10, 0x80, 0x0F, 0x0F, 0x00, 0xF0, 0x10, 0x80, 0x0F, 0x0F, 0x00, 0xF0, 0x10, 0x80, 0x0F,
    0x0F, 0x00, 0xF0, 0x10, 0x80, 0x0F, 0x0F, 0x00, 0xF0, 0x10, 0x80, 0x0F, 0x07, 0x00, 0xF0, 0x30, 0xC0, 0x0F, 0x07, 0x80, 0xE0, 0x30, 0xC0, 0x0F,
    0x07, 0x81, 0xE0, 0x30, 0x40, 0x0F, 0x07, 0x81, 0xE0, 0x20, 0x60, 0x0F, 0x03, 0xC1, 0xC0, 0x60, 0x60, 0x0F, 0x03, 0xC3, 0xC0, 0x60, 0x30, 0x0F,
    0x01, 0xFF, 0x80, 0xC0, 0x30, 0x0F, 0x00, 0xFF, 0x80, 0xC0, 0x18, 0x0F, 0x00, 0x7F, 0x01, 0x80, 0x08, 0x00, 0x00, 0x08, 0x03, 0x00, 0x0C, 0x00,
    0x00, 0x00, 0x03, 0x00, 0x06, 0x00, 0x00, 0x00, 0x06, 0x00, 0x03, 0x00, 0x00, 0x00, 0x0C, 0x00, 0x01, 0xC0, 0x00, 0x00, 0x38, 0x00, 0x00, 0xE0,
    0x00, 0x00, 0x70, 0x00, 0x00, 0x38, 0x00, 0x01, 0xC0, 0x00, 0x00, 0x1E, 0x00, 0x07, 0x00, 0x00, 0x00, 0x03, 0xF9, 0xFC, 0x00, 0x00, 0x00, 0x00,
    0x7F, 0xE0, 0x00, 0x00, 0x00, 0x00, 0x06, 0x00, 0x00, 0x00, 0x00, 0x01, 0xFF, 0xF8, 0x00, 0x00, 0x00, 0x07, 0x80, 0x1E, 0x00, 0x00, 0x00, 0x1C,
    0x00, 0x03, 0x80, 0x00, 0x00, 0x70, 0x00, 0x00, 0xE0, 0x00, 0x00, 0xC0, 0x00, 0x00, 0x30, 0x00, 0x01, 0x80, 0x00, 0x00, 0x18, 0x00, 0x03, 0x00,
    0x00, 0x00, 0x0C, 0x00, 0x06, 0x00, 0x00, 0x00, 0x06, 0x00, 0x0C, 0x00, 0x00, 0x00, 0x03, 0x00, 0x18, 0x03, 0xC0, 0x1E, 0x01, 0x80, 0x10, 0x0F,
    0xC0, 0x7E, 0x00, 0x80, 0x30, 0x3F, 0xC1, 0xFE, 0x00, 0xC0, 0x20, 0x3F, 0xC1, 0xFE, 0x00, 0x40, 0x60, 0x3F, 0xC1, 0xFE, 0x00, 0x60, 0x40, 0x03,
    0xC0, 0x1E, 0x00, 0x20, 0xC0, 0x03, 0xC0, 0x1E, 0x00, 0x20, 0xC0, 0x03, 0xC0, 0x1E, 0x00, 0x30, 0xC0, 0x03, 0xC0, 0x1E, 0x00, 0x30, 0x80, 0x03,
    0xC0, 0x1E, 0x00, 0x10, 0x80, 0x03, 0xC0, 0x1E, 0x00, 0x10, 0x80, 0x03, 0xC0, 0x1E, 0x00, 0x10, 0x80, 0x03, 0xC0, 0x1E, 0x00, 0x10, 0x80, 0x03,
    0xC0, 0x1E, 0x00, 0x10, 0x80, 0x03, 0xC0, 0x1E, 0x00, 0x10, 0x80, 0x03, 0xC0, 0x1E, 0x00, 0x10, 0x80, 0x03, 0xC0, 0x1E, 0x00, 0x30, 0xC0, 0x03,
    0xC0, 0x1E, 0x00, 0x30, 0xC0, 0x03, 0xC0, 0x1E, 0x00, 0x30, 0x40, 0x03, 0xC0, 0x1E, 0x00, 0x20, 0x60, 0x03, 0xC0, 0x1E, 0x00, 0x60, 0x60, 0x03,
    0xC0, 0x1E, 0x00, 0x60, 0x30, 0x03, 0xC0, 0x1E, 0x00, 0xC0, 0x30, 0x03, 0xC0, 0x1E, 0x00, 0xC0, 0x18, 0x03, 0xC0, 0x1E, 0x01, 0x80, 0x08, 0x00,
    0x00, 0x00, 0x03, 0x00, 0x0C, 0x00, 0x00, 0x00, 0x03, 0x00, 0x06, 0x00, 0x00, 0x00, 0x06, 0x00, 0x03, 0x00, 0x00, 0x00, 0x0C, 0x00, 0x01, 0xC0,
    0x00, 0x00, 0x38, 0x00, 0x00, 0xE0, 0x00, 0x00, 0x70, 0x00, 0x00, 0x38, 0x00, 0x01, 0xC0, 0x00, 0x00, 0x1E, 0x00, 0x07, 0x00, 0x00, 0x00, 0x03,
    0xF9, 0xFC, 0x00, 0x00, 0x00, 0x00, 0x7F, 0xE0, 0x00, 0x00, 0x00, 0x00, 0x06, 0x00, 0x00, 0x00, 0x00, 0x01, 0xFF, 0xF8, 0x00, 0x00, 0x00, 0x07,
    0x80, 0x1E, 0x00, 0x00, 0x00, 0x1C, 0x00, 0x03, 0x80, 0x00, 0x00, 0x70, 0x00, 0x00, 0xE0, 0x00, 0x00, 0xC0, 0x00, 0x00, 0x30, 0x00, 0x01, 0x80,
    0x00, 0x00, 0x18, 0x00, 0x03, 0x00, 0x00, 0x00, 0x0C, 0x00, 0x06, 0x00, 0x00, 0x00, 0x06, 0x00, 0x0C, 0x00, 0x00, 0x10, 0x03, 0x00, 0x18, 0x0F,
    0x01, 0xFE, 0x01, 0x80, 0x10, 0x3F, 0x03, 0xFF, 0x00, 0x80, 0x30, 0xFF, 0x07, 0xFF, 0x80, 0xC0, 0x20, 0xFF, 0x0F, 0x07, 0x80, 0x40, 0x60, 0xFF,
    0x02, 0x03, 0xC0, 0x60, 0x40, 0x0F, 0x00, 0x03, 0xC0, 0x20, 0xC0, 0x0F, 0x00, 0x03, 0xC0, 0x20, 0xC0, 0x0F, 0x00, 0x03, 0xC0, 0x30, 0xC0, 0x0F,
    0x00, 0x03, 0xC0, 0x30, 0x80, 0x0F, 0x00, 0x03, 0xC0, 0x10, 0x80, 0x0F, 0x00, 0x03, 0x80, 0x10, 0x80, 0x0F, 0x00, 0x07, 0x80, 0x10, 0x80, 0x0F,
    0x00, 0x07, 0x00, 0x10, 0x80, 0x0F, 0x00, 0x0F, 0x00, 0x10, 0x80, 0x0F, 0x00, 0x1E, 0x00, 0x10, 0x80, 0x0F, 0x00, 0x1E, 0x00, 0x10, 0x80, 0x0F,
    0x00, 0x3C, 0x00, 0x30, 0xC0, 0x0F, 0x00, 0x78, 0x00, 0x30, 0xC0, 0x0F, 0x00, 0xF0, 0x00, 0x30, 0x40, 0x0F, 0x01, 0xF0, 0x00, 0x20, 0x60, 0x0F,
    0x01, 0xE0, 0x00, 0x60, 0x60, 0x0F, 0x03, 0xC0, 0x00, 0x60, 0x30, 0x0F, 0x07, 0xFF, 0xE0, 0xC0, 0x30, 0x0F, 0x07, 0xFF, 0xE0, 0xC0, 0x18, 0x0F,
    0x07, 0xFF, 0xE1, 0x80, 0x08, 0x00, 0x00, 0x00, 0x03, 0x00, 0x0C, 0x00, 0x00, 0x00, 0x03, 0x00, 0x06, 0x00, 0x00, 0x00, 0x06, 0x00, 0x03, 0x00,
    0x00, 0x00, 0x0C, 0x00, 0x01, 0xC0, 0x00, 0x00, 0x38, 0x00, 0x00, 0xE0, 0x00, 0x00, 0x70, 0x00, 0x00, 0x38, 0x00, 0x01, 0xC0, 0x00, 0x00, 0x1E,
    0x00, 0x07, 0x00, 0x00, 0x00, 0x03, 0xF9, 0xFC, 0x00, 0x00, 0x00, 0x00, 0x7F, 0xE0, 0x00, 0x00, 0x00, 0x00, 0x06, 0x00, 0x00, 0x00, 0x00, 0x01,
    0xFF, 0xF8, 0x00, 0x00, 0x00, 0x07, 0x80, 0x1E, 0x00, 0x00, 0x00, 0x1C, 0x00, 0x03, 0x80, 0x00, 0x00, 0x70, 0x00, 0x00, 0xE0, 0x00, 0x00, 0xC0,
    0x00, 0x00, 0x30, 0x00, 0x01, 0x80, 0x00, 0x00, 0x18, 0x00, 0x03, 0x00, 0x00, 0x00, 0x0C, 0x00, 0x06, 0x00, 0x00, 0x00, 0x06, 0x00, 0x0C, 0x00,
    0x00, 0x10, 0x03, 0x00, 0x18, 0x0F, 0x01, 0xFE, 0x01, 0x80, 0x10, 0x3F, 0x03, 0xFF, 0x80, 0x80, 0x30, 0xFF, 0x07, 0xFF, 0x80, 0xC0, 0x20, 0xFF,
    0x03, 0x07, 0xC0, 0x40, 0x60, 0xFF, 0x02, 0x03, 0xC0, 0x60, 0x40, 0x0F, 0x00, 0x03, 0xC0, 0x20, 0xC0, 0x0F, 0x00, 0x03, 0xC0, 0x20, 0xC0, 0x0F,
    0x00, 0x03, 0xC0, 0x30, 0xC0, 0x0F, 0x00, 0x03, 0xC0, 0x30, 0x80, 0x0F, 0x00, 0x07, 0x80, 0x10, 0x80, 0x0F, 0x00, 0x7F, 0x00, 0x10, 0x80, 0x0F,
    0x00, 0x7E, 0x00, 0x10, 0x80, 0x0F, 0x00, 0x7F, 0x00, 0x10, 0x80, 0x0F, 0x00, 0x7F, 0x80, 0x10, 0x80, 0x0F, 0x00, 0x07, 0xC0, 0x10, 0x80, 0x0F,
    0x00, 0x03, 0xC0, 0x10, 0x80, 0x0F, 0x00, 0x01, 0xE0, 0x30, 0xC0, 0x0F, 0x00, 0x01, 0xE0, 0x30, 0xC0, 0x0F, 0x00, 0x01, 0xE0, 0x30, 0x40, 0x0F,
    0x00, 0x01, 0xE0, 0x20, 0x60, 0x0F, 0x06, 0x01, 0xE0, 0x60, 0x60, 0x0F, 0x07, 0x03, 0xC0, 0x60, 0x30, 0x0F, 0x0F, 0xFF, 0xC0, 0xC0, 0x30, 0x0F,
    0x07, 0xFF, 0x80, 0xC0, 0x18, 0x0F, 0x01, 0xFE, 0x01, 0x80, 0x08, 0x00, 0x00, 0x30, 0x03, 0x00, 0x0C, 0x00, 0x00, 0x00, 0x03, 0x00, 0x06, 0x00,
    0x00, 0x00, 0x06, 0x00, 0x03, 0x00, 0x00, 0x00, 0x0C, 0x00, 0x01, 0xC0, 0x00, 0x00, 0x38, 0x00, 0x00, 0xE0, 0x00, 0x00, 0x70, 0x00, 0x00, 0x38,
    0x00, 0x01, 0xC0, 0x00, 0x00, 0x1E, 0x00, 0x07, 0x00, 0x00, 0x00, 0x03, 0xF9, 0xFC, 0x00, 0x00, 0x00, 0x00, 0x7F, 0xE0, 0x00, 0x00, 0x00, 0x00,
    0x06, 0x00, 0x00, 0x00, 0x00, 0x01, 0xFF, 0xF8, 0x00, 0x00, 0x00, 0x07, 0x80, 0x1E, 0x00, 0x00, 0x00, 0x1C, 0x00, 0x03, 0x80, 0x00, 0x00, 0x70,
    0x00, 0x00, 0xE0, 0x00, 0x00, 0xC0, 0x00, 0x00, 0x30, 0x00, 0x01, 0x80, 0x00, 0x00, 0x18, 0x00, 0x03, 0x00, 0x00, 0x00, 0x0C, 0x00, 0x06, 0x00,
    0x00, 0x00, 0x06, 0x00, 0x0C, 0x00, 0x00, 0x00, 0x03, 0x00, 0x18, 0x0F, 0x00, 0x0F, 0x81, 0x80, 0x10, 0x3F, 0x00, 0x0F, 0x80, 0x80, 0x30, 0xFF,
    0x00, 0x1F, 0x80, 0xC0, 0x20, 0xFF, 0x00, 0x1F, 0x80, 0x40, 0x60, 0xFF, 0x00, 0x3F, 0x80, 0x60, 0x40, 0x0F, 0x00, 0x7F, 0x80, 0x20, 0xC0, 0x0F,
    0x00, 0x77, 0x80, 0x20, 0xC0, 0x0F, 0x00, 0xF7, 0x80, 0x30, 0xC0, 0x0F, 0x00, 0xE7, 0x80, 0x30, 0x80, 0x0F, 0x01, 0xC7, 0x80, 0x10, 0x80, 0x0F,
    0x01, 0xC7, 0x80, 0x10, 0x80, 0x0F, 0x03, 0x87, 0x80, 0x10, 0x80, 0x0F, 0x07, 0x87, 0x80, 0x10, 0x80, 0x0F, 0x07, 0x07, 0x80, 0x10, 0x80, 0x0F,
    0x0F, 0x07, 0x80, 0x10, 0x80, 0x0F, 0x0F, 0xFF, 0xF0, 0x10, 0x80, 0x0F, 0x0F, 0xFF, 0xF0, 0x30, 0xC0, 0x0F, 0x0F, 0xFF, 0xF0, 0x30, 0xC0, 0x0F,
    0x00, 0x07, 0x80, 0x30, 0x40, 0x0F, 0x00, 0x07, 0x80, 0x20, 0x60, 0x0F, 0x00, 0x07, 0x80, 0x60, 0x60, 0x0F, 0x00, 0x07, 0x80, 0x60, 0x30, 0x0F,
    0x00, 0x07, 0x80, 0xC0, 0x30, 0x0F, 0x00, 0x07, 0x80, 0xC0, 0x18, 0x0F, 0x00, 0x07, 0x81, 0x80, 0x08, 0x00, 0x00, 0x00, 0x03, 0x00, 0x0C, 0x00,
    0x00, 0x00, 0x03, 0x00, 0x06, 0x00, 0x00, 0x00, 0x06, 0x00, 0x03, 0x00, 0x00, 0x00, 0x0C, 0x00, 0x01, 0xC0, 0x00, 0x00, 0x38, 0x00, 0x00, 0xE0,
    0x00, 0x00, 0x70, 0x00, 0x00, 0x38, 0x00, 0x01, 0xC0, 0x00, 0x00, 0x1E, 0x00, 0x07, 0x00, 0x00, 0x00, 0x03, 0xF9, 0xFC, 0x00, 0x00, 0x00, 0x00,
    0x7F, 0xE0, 0x00, 0x00, 0x00, 0x00, 0x06, 0x00, 0x00, 0x00, 0x00, 0x01, 0xFF, 0xF8, 0x00, 0x00, 0x00, 0x07, 0x80, 0x1E, 0x00, 0x00, 0x00, 0x1C,
    0x00, 0x03, 0x80, 0x00, 0x00, 0x70, 0x00, 0x00, 0xE0, 0x00, 0x00, 0xC0, 0x00, 0x00, 0x30, 0x00, 0x01, 0x80, 0x00, 0x00, 0x18, 0x00, 0x03, 0x00,
    0x00, 0x00, 0x0C, 0x00, 0x06, 0x00, 0x00, 0x00, 0x06, 0x00, 0x0C, 0x00, 0x00, 0x00, 0x03, 0x00, 0x18, 0x0F, 0x01, 0xFF, 0xC1, 0x80, 0x10, 0x3F,
    0x01, 0xFF, 0xC0, 0x80, 0x30, 0xFF, 0x03, 0xFF, 0xC0, 0xC0, 0x20, 0xFF, 0x03, 0xC0, 0x00, 0x40, 0x60, 0xFF, 0x03, 0xC0, 0x00, 0x60, 0x40, 0x0F,
    0x03, 0xC0, 0x00, 0x20, 0xC0, 0x0F, 0x03, 0xC0, 0x00, 0x20, 0xC0, 0x0F, 0x03, 0xC0, 0x00, 0x30, 0xC0, 0x0F, 0x03, 0x80, 0x00, 0x30, 0x80, 0x0F,
    0x03, 0x9E, 0x00, 0x10, 0x80, 0x0F, 0x03, 0xFF, 0x80, 0x10, 0x80, 0x0F, 0x03, 0xFF, 0xC0, 0x10, 0x80, 0x0F, 0x03, 0x87, 0xC0, 0x10, 0x80, 0x0F,
    0x01, 0x03, 0xE0, 0x10, 0x80, 0x0F, 0x00, 0x01, 0xE0, 0x10, 0x80, 0x0F, 0x00, 0x01, 0xE0, 0x10, 0x80, 0x0F, 0x00, 0x01, 0xE0, 0x30, 0xC0, 0x0F,
    0x00, 0x01, 0xE0, 0x30, 0xC0, 0x0F, 0x00, 0x01, 0xE0, 0x30, 0x40, 0x0F, 0x00, 0x01, 0xE0, 0x20, 0x60, 0x0F, 0x06, 0x03, 0xE0, 0x60, 0x60, 0x0F,
    0x07, 0x03, 0xC0, 0x60, 0x30, 0x0F, 0x0F, 0xFF, 0x80, 0xC0, 0x30, 0x0F, 0x03, 0xFF, 0x80, 0xC0, 0x18, 0x0F, 0x01, 0xFE, 0x01, 0x80, 0x08, 0x00,
    0x00, 0x00, 0x03, 0x00, 0x0C, 0x00, 0x00, 0x00, 0x03, 0x00, 0x06, 0x00, 0x00, 0x00, 0x06, 0x00, 0x03, 0x00, 0x00, 0x00, 0x0C, 0x00, 0x01, 0xC0,
    0x00, 0x00, 0x38, 0x00, 0x00, 0xE0, 0x00, 0x00, 0x70, 0x00, 0x00, 0x38, 0x00, 0x01, 0xC0, 0x00, 0x00, 0x1E, 0x00, 0x07, 0x00, 0x00, 0x00, 0x03,
    0xF9, 0xFC, 0x00, 0x00, 0x00, 0x00, 0x7F, 0xE0, 0x00, 0x00, 0x00, 0x00, 0x06, 0x00, 0x00, 0x00, 0x00, 0x01, 0xFF, 0xF8, 0x00, 0x00, 0x00, 0x07,
    0x80, 0x1E, 0x00, 0x00, 0x00, 0x1C, 0x00, 0x03, 0x80, 0x00, 0x00, 0x70, 0x00, 0x00, 0xE0, 0x00, 0x00, 0xC0, 0x00, 0x00, 0x30, 0x00, 0x01, 0x80,
    0x00, 0x00, 0x18, 0x00, 0x03, 0x00, 0x00, 0x00, 0x0C, 0x00, 0x06, 0x00, 0x00, 0x00, 0x06, 0x00, 0x0C, 0x00, 0x00, 0x04, 0x03, 0x00, 0x18, 0x0F,
    0x00, 0x3F, 0x81, 0x80, 0x10, 0x3F, 0x00, 0xFF, 0xC0, 0x80, 0x30, 0xFF, 0x01, 0xFF, 0xE0, 0xC0, 0x20, 0xFF, 0x01, 0xE0, 0xC0, 0x40, 0x60, 0xFF,
    0x03, 0xC0, 0x80, 0x60, 0x40, 0x0F, 0x03, 0x80, 0x00, 0x20, 0xC0, 0x0F, 0x07, 0x80, 0x00, 0x20, 0xC0, 0x0F, 0x07, 0x80, 0x00, 0x30, 0xC0, 0x0F,
    0x07, 0x00, 0x00, 0x30, 0x80, 0x0F, 0x07, 0x00, 0x00, 0x10, 0x80, 0x0F, 0x07, 0x3F, 0x00, 0x10, 0x80, 0x0F, 0x07, 0x7F, 0xC0, 0x10, 0x80, 0x0F,
    0x07, 0xFF, 0xC0, 0x10, 0x80, 0x0F, 0x07, 0xC1, 0xE0, 0x10, 0x80, 0x0F, 0x07, 0x81, 0xE0, 0x10, 0x80, 0x0F, 0x07, 0x00, 0xE0, 0x10, 0x80, 0x0F,
    0x07, 0x00, 0xE0, 0x30, 0xC0, 0x0F, 0x07, 0x00, 0xE0, 0x30, 0xC0, 0x0F, 0x07, 0x80, 0xE0, 0x30, 0x40, 0x0F, 0x07, 0x80, 0xE0, 0x20, 0x60, 0x0F,
    0x03, 0x81, 0xE0, 0x60, 0x60, 0x0F, 0x03, 0xC1, 0xC0, 0x60, 0x30, 0x0F, 0x01, 0xFF, 0xC0, 0xC0, 0x30, 0x0F, 0x00, 0xFF, 0x80, 0xC0, 0x18, 0x0F,
    0x00, 0x7F, 0x01, 0x80, 0x08, 0x00, 0x00, 0x08, 0x03, 0x00, 0x0C, 0x00, 0x00, 0x00, 0x03, 0x00, 0x06, 0x00, 0x00, 0x00, 0x06, 0x00, 0x03, 0x00,
    0x00, 0x00, 0x0C, 0x00, 0x01, 0xC0, 0x00, 0x00, 0x38, 0x00, 0x00, 0xE0, 0x00, 0x00, 0x70, 0x00, 0x00, 0x38, 0x00, 0x01, 0xC0, 0x00, 0x00, 0x1E,
    0x00, 0x07, 0x00, 0x00, 0x00, 0x03, 0xF9, 0xFC, 0x00, 0x00, 0x00, 0x00, 0x7F, 0xE0, 0x00, 0x00, 0x00, 0x00, 0x06, 0x00, 0x00, 0x00, 0x00, 0x01,
    0xFF, 0xF8, 0x00, 0x00, 0x00, 0x07, 0x80, 0x1E, 0x00, 0x00, 0x00, 0x1C, 0x00, 0x03, 0x80, 0x00, 0x00, 0x70, 0x00, 0x00, 0xE0, 0x00, 0x00, 0xC0,
    0x00, 0x00, 0x30, 0x00, 0x01, 0x80, 0x00, 0x00, 0x18, 0x00, 0x03, 0x00, 0x00, 0x00, 0x0C, 0x00, 0x06, 0x00, 0x00, 0x00, 0x06, 0x00, 0x0C, 0x00,
    0x00, 0x00, 0x03, 0x00, 0x18, 0x0F, 0x07, 0xFF, 0xE1, 0x80, 0x10, 0x3F, 0x07, 0xFF, 0xE0, 0x80, 0x30, 0xFF, 0x07, 0xFF, 0xE0, 0xC0, 0x20, 0xFF,
    0x00, 0x01, 0xE0, 0x40, 0x60, 0xFF, 0x00, 0x03, 0xC0, 0x60, 0x40, 0x0F, 0x00, 0x03, 0x80, 0x20, 0xC0, 0x0F, 0x00, 0x07, 0x80, 0x20, 0xC0, 0x0F,
    0x00, 0x07, 0x00, 0x30, 0xC0, 0x0F, 0x00, 0x0F, 0x00, 0x30, 0x80, 0x0F, 0x00, 0x0E, 0x00, 0x10, 0x80, 0x0F, 0x00, 0x1E, 0x00, 0x10, 0x80, 0x0F,
    0x00, 0x1E, 0x00, 0x10, 0x80, 0x0F, 0x00, 0x1C, 0x00, 0x10, 0x80, 0x0F, 0x00, 0x1C, 0x00, 0x10, 0x80, 0x0F, 0x00, 0x3C, 0x00, 0x10, 0x80, 0x0F,
    0x00, 0x3C, 0x00, 0x10, 0x80, 0x0F, 0x00, 0x38, 0x00, 0x30, 0xC0, 0x0F, 0x00, 0x38, 0x00, 0x30, 0xC0, 0x0F, 0x00, 0x38, 0x00, 0x30, 0x40, 0x0F,
    0x00, 0x78, 0x00, 0x20, 0x60, 0x0F, 0x00, 0x78, 0x00, 0x60, 0x60, 0x0F, 0x00, 0x78, 0x00, 0x60, 0x30, 0x0F, 0x00, 0x78, 0x00, 0xC0, 0x30, 0x0F,
    0x00, 0x78, 0x00, 0xC0, 0x18, 0x0F, 0x00, 0x78, 0x01, 0x80, 0x08, 0x00, 0x00, 0x00, 0x03, 0x00, 0x0C, 0x00, 0x00, 0x00, 0x03, 0x00, 0x06, 0x00,
    0x00, 0x00, 0x06, 0x00, 0x03, 0x00, 0x00, 0x00, 0x0C, 0x00, 0x01, 0xC0, 0x00, 0x00, 0x38, 0x00, 0x00, 0xE0, 0x00, 0x00, 0x70, 0x00, 0x00, 0x38,
    0x00, 0x01, 0xC0, 0x00, 0x00, 0x1E, 0x00, 0x07, 0x00, 0x00, 0x00, 0x03, 0xF9, 0xFC, 0x00, 0x00, 0x00, 0x00, 0x7F, 0xE0, 0x00, 0x00, 0x00, 0x00,
    0x06, 0x00, 0x00, 0x00, 0x00, 0x01, 0xFF, 0xF8, 0x00, 0x00, 0x00, 0x07, 0x80, 0x1E, 0x00, 0x00, 0x00, 0x1C, 0x00, 0x03, 0x80, 0x00, 0x00, 0x70,
    0x00, 0x00, 0xE0, 0x00, 0x00, 0xC0, 0x00, 0x00, 0x30, 0x00, 0x01, 0x80, 0x00, 0x00, 0x18, 0x00, 0x03, 0x00, 0x00, 0x00, 0x0C, 0x00, 0x06, 0x00,
    0x00, 0x00, 0x06, 0x00, 0x0C, 0x00, 0x00, 0x08, 0x03, 0x00, 0x18, 0x0F, 0x00, 0x7F, 0x01, 0x80, 0x10, 0x3F, 0x00, 0xFF, 0xC0, 0x80, 0x30, 0xFF,
    0x01, 0xE7, 0xC0, 0xC0, 0x20, 0xFF, 0x03, 0xC1, 0xE0, 0x40, 0x60, 0xFF, 0x03, 0x80, 0xE0, 0x60, 0x40, 0x0F, 0x03, 0x80, 0xE0, 0x20, 0xC0, 0x0F,
    0x03, 0x80, 0xE0, 0x20, 0xC0, 0x0F, 0x03, 0x80, 0xE0, 0x30, 0xC0, 0x0F, 0x03, 0xC0, 0xE0, 0x30, 0x80, 0x0F, 0x01, 0xE1, 0xC0, 0x10, 0x80, 0x0F,
    0x00, 0xF9, 0xC0, 0x10, 0x80, 0x0F, 0x00, 0x7F, 0x80, 0x10, 0x80, 0x0F, 0x00, 0xFF, 0x80, 0x10, 0x80, 0x0F, 0x01, 0xEF, 0xC0, 0x10, 0x80, 0x0F,
    0x03, 0xC3, 0xE0, 0x10, 0x80, 0x0F, 0x03, 0x81, 0xE0, 0x10, 0x80, 0x0F, 0x07, 0x80, 0xF0, 0x30, 0xC0, 0x0F, 0x07, 0x00, 0xF0, 0x30, 0xC0, 0x0F,
    0x07, 0x00, 0x70, 0x30, 0x40, 0x0F, 0x07, 0x80, 0x70, 0x20, 0x60, 0x0F, 0x07, 0x80, 0xF0, 0x60, 0x60, 0x0F, 0x03, 0xC0, 0xE0, 0x60, 0x30, 0x0F,
    0x03, 0xF7, 0xE0, 0xC0, 0x30, 0x0F, 0x01, 0xFF, 0xC0, 0xC0, 0x18, 0x0F, 0x00, 0xFF, 0x81, 0x80, 0x08, 0x00, 0x00, 0x08, 0x03, 0x00, 0x0C, 0x00,
    0x00, 0x00, 0x03, 0x00, 0x06, 0x00, 0x00, 0x00, 0x06, 0x00, 0x03, 0x00, 0x00, 0x00, 0x0C, 0x00, 0x01, 0xC0, 0x00, 0x00, 0x38, 0x00, 0x00, 0xE0,
    0x00, 0x00, 0x70, 0x00, 0x00, 0x38, 0x00, 0x01, 0xC0, 0x00, 0x00, 0x1E, 0x00, 0x07, 0x00, 0x00, 0x00, 0x03, 0xF9, 0xFC, 0x00, 0x00, 0x00, 0x00,
    0x7F, 0xE0, 0x00, 0x00, 0x00, 0x00, 0x06, 0x00, 0x00, 0x00, 0x00, 0x01, 0xFF, 0xF8, 0x00, 0x00, 0x00, 0x07, 0x80, 0x1E, 0x00, 0x00, 0x00, 0x1C,
    0x00, 0x03, 0x80, 0x00, 0x00, 0x70, 0x00, 0x00, 0xE0, 0x00, 0x00, 0xC0, 0x00, 0x00, 0x30, 0x00, 0x01, 0x80, 0x00, 0x00, 0x18, 0x00, 0x03, 0x00,
    0x00, 0x00, 0x0C, 0x00, 0x06, 0x00, 0x00, 0x00, 0x06, 0x00, 0x0C, 0x00, 0x00, 0x10, 0x03, 0x00, 0x18, 0x0F, 0x00, 0xFE, 0x01, 0x80, 0x10, 0x3F,
    0x01, 0xFF, 0x80, 0x80, 0x30, 0xFF, 0x03, 0xFF, 0x80, 0xC0, 0x20, 0xFF, 0x03, 0xC3, 0xC0, 0x40, 0x60, 0xFF, 0x07, 0x81, 0xC0, 0x60, 0x40, 0x0F,
    0x07, 0x81, 0xE0, 0x20, 0xC0, 0x0F, 0x07, 0x00, 0xE0, 0x20, 0xC0, 0x0F, 0x07, 0x00, 0xE0, 0x30, 0xC0, 0x0F, 0x07, 0x00, 0xE0, 0x30, 0x80, 0x0F,
    0x07, 0x80, 0xF0, 0x10, 0x80, 0x0F, 0x07, 0x81, 0xF0, 0x10, 0x80, 0x0F, 0x07, 0xC3, 0xF0, 0x10, 0x80, 0x0F, 0x03, 0xFF, 0xF0, 0x10, 0x80, 0x0F,
    0x01, 0xFE, 0xF0, 0x10, 0x80, 0x0F, 0x00, 0xFC, 0xF0, 0x10, 0x80, 0x0F, 0x00, 0x00, 0xE0, 0x10, 0x80, 0x0F, 0x00, 0x00, 0xE0, 0x30, 0xC0, 0x0F,
    0x00, 0x00, 0xE0, 0x30, 0xC0, 0x0F, 0x00, 0x01, 0xE0, 0x30, 0x40, 0x0F, 0x00, 0x01, 0xC0, 0x20, 0x60, 0x0F, 0x01, 0x03, 0xC0, 0x60, 0x60, 0x0F,
    0x03, 0x87, 0xC0, 0x60, 0x30, 0x0F, 0x07, 0xFF, 0x80, 0xC0, 0x30, 0x0F, 0x03, 0xFF, 0x00, 0xC0, 0x18, 0x0F, 0x01, 0xFE, 0x01, 0x80, 0x08, 0x00,
    0x00, 0x30, 0x03, 0x00, 0x0C, 0x00, 0x00, 0x00, 0x03, 0x00, 0x06, 0x00, 0x00, 0x00, 0x06, 0x00, 0x03, 0x00, 0x00, 0x00, 0x0C, 0x00, 0x01, 0xC0,
    0x00, 0x00, 0x38, 0x00, 0x00, 0xE0, 0x00, 0x00, 0x70, 0x00, 0x00, 0x38, 0x00, 0x01, 0xC0, 0x00, 0x00, 0x1E, 0x00, 0x07, 0x00, 0x00, 0x00, 0x03,
    0xF9, 0xFC, 0x00, 0x00, 0x00, 0x00, 0x7F, 0xE0, 0x00, 0x00, 0x00, 0x00, 0x06, 0x00, 0x00, 0x00, 0x00, 0x01, 0xFF, 0xF8, 0x00, 0x00, 0x00, 0x07,
    0x80, 0x1E, 0x00, 0x00, 0x00, 0x1C, 0x00, 0x03, 0x80, 0x00, 0x00, 0x70, 0x00, 0x00, 0xE0, 0x00, 0x00, 0xC0, 0x00, 0x00, 0x30, 0x00, 0x01, 0x80,
    0x00, 0x00, 0x18, 0x00, 0x03, 0x00, 0x00, 0x00, 0x0C, 0x00, 0x06, 0x00, 0x00, 0x00, 0x06, 0x00, 0x0C, 0x02, 0x00, 0x02, 0x03, 0x00, 0x18, 0x1F,
    0xC0, 0x1F, 0xC1, 0x80, 0x10, 0x7F, 0xE0, 0x3F, 0xE0, 0x80, 0x30, 0xFF, 0xF0, 0x7F, 0xF0, 0xC0, 0x20, 0xE0, 0xF0, 0xF0, 0xF0, 0x40, 0x60, 0x40,
    0x78, 0xF0, 0x78, 0x60, 0x40, 0x00, 0x78, 0xE0, 0x78, 0x20, 0xC0, 0x00, 0x79, 0xE0, 0x38, 0x20, 0xC0, 0x00, 0x79, 0xE0, 0x3C, 0x30, 0xC0, 0x00,
    0x79, 0xE0, 0x3C, 0x30, 0x80, 0x00, 0x79, 0xE0, 0x3C, 0x10, 0x80, 0x00, 0x71, 0xC0, 0x3C, 0x10, 0x80, 0x00, 0xF1, 0xC0, 0x3C, 0x10, 0x80, 0x00,
    0xF1, 0xC0, 0x3C, 0x10, 0x80, 0x01, 0xE1, 0xC0, 0x3C, 0x10, 0x80, 0x03, 0xC1, 0xC0, 0x3C, 0x10, 0x80, 0x03, 0xC1, 0xE0, 0x3C, 0x10, 0x80, 0x07,
    0x81, 0xE0, 0x3C, 0x30, 0xC0, 0x0F, 0x01, 0xE0, 0x3C, 0x30, 0xC0, 0x1E, 0x01, 0xE0, 0x38, 0x30, 0x40, 0x3E, 0x00, 0xE0, 0x78, 0x20, 0x60, 0x3C,
    0x00, 0xF0, 0x78, 0x60, 0x60, 0x78, 0x00, 0xF8, 0xF0, 0x60, 0x30, 0xFF, 0xFC, 0x7F, 0xF0, 0xC0, 0x30, 0xFF, 0xFC, 0x3F, 0xE0, 0xC0, 0x18, 0xFF,
    0xFC, 0x1F, 0xC1, 0x80, 0x08, 0x00, 0x00, 0x02, 0x03, 0x00, 0x0C, 0x00, 0x00, 0x00, 0x03, 0x00, 0x06, 0x00, 0x00, 0x00, 0x06, 0x00, 0x03, 0x00,
    0x00, 0x00, 0x0C, 0x00, 0x01, 0xC0, 0x00, 0x00, 0x38, 0x00, 0x00, 0xE0, 0x00, 0x00, 0x70, 0x00, 0x00, 0x38, 0x00, 0x01, 0xC0, 0x00, 0x00, 0x1E,
    0x00, 0x07, 0x00, 0x00, 0x00, 0x03, 0xF9, 0xFC, 0x00, 0x00, 0x00, 0x00, 0x7F, 0xE0, 0x00, 0x00, 0xFF, 0xFF, 0xFF, 0xFF, 0xFF, 0xFF, 0xFF, 0xFF,
    0xFF, 0xFF, 0xFF, 0xFF, 0xC0, 0xC0, 0xC0, 0xC0, 0xC0, 0xC0, 0xC0, 0xC0, 0xC0, 0xC0, 0xC0, 0xC0, 0xC0, 0xC0, 0xC0, 0xC0, 0xC0, 0xC0, 0xC0, 0xC0,
    0xC0, 0xC0, 0xC0, 0xC0, 0xC0, 0xC0, 0xC0, 0xC0, 0xC0, 0xC0, 0xC0, 0xC0, 0xC0, 0xC0, 0xC0, 0xC0, 0xC0, 0xC0, 0xC0, 0xC0, 0xC0, 0xC0, 0xC0, 0xC0,
    0xC0, 0xC0, 0xC0, 0xC0, 0xFF, 0xFF, 0xFF, 0x80, 0xFF, 0xFF, 0xFF, 0x80, 0xC0, 0x00, 0x00, 0x00, 0xC0, 0x00, 0x00, 0x00, 0xC0, 0x00, 0x00, 0x00,
    0xC0, 0x00, 0x00, 0x00, 0xC0, 0x00, 0x00, 0x00, 0xC0, 0x00, 0x00, 0x00, 0xC0, 0x00, 0x00, 0x00, 0xC0, 0x00, 0x00, 0x00, 0xC0, 0x00, 0x00, 0x00,
    0xC0, 0x00, 0x00, 0x00, 0xC0, 0x00, 0x00, 0x00, 0xC0, 0x00, 0x00, 0x00, 0xC0, 0x00, 0x00, 0x00, 0xC0, 0x00, 0x00, 0x00, 0xC0, 0x00, 0x00, 0x00,
    0xC0, 0x00, 0x00, 0x00, 0xC0, 0x00, 0x00, 0x00, 0xC0, 0x00, 0x00, 0x00, 0xC0, 0x00, 0x00, 0x00, 0xC0, 0x00, 0x00, 0x00, 0xC0, 0x00, 0x00, 0x00,
    0xC0, 0x00, 0x00, 0x00, 0xC0, 0x00, 0x00, 0x00, 0xFF, 0xFF, 0xFF, 0x80, 0xFF, 0xFF, 0xFF, 0x80, 0x00, 0x00, 0x01, 0x80, 0x00, 0x00, 0x01, 0x80,
    0x00, 0x00, 0x01, 0x80, 0x00, 0x00, 0x01, 0x80, 0x00, 0x00, 0x01, 0x80, 0x00, 0x00, 0x01, 0x80, 0x00, 0x00, 0x01, 0x80, 0x00, 0x00, 0x01, 0x80,
    0x00, 0x00, 0x01, 0x80, 0x00, 0x00, 0x01, 0x80, 0x00, 0x00, 0x01, 0x80, 0x00, 0x00, 0x01, 0x80, 0x00, 0x00, 0x01, 0x80, 0x00, 0x00, 0x01, 0x80,
    0x00, 0x00, 0x01, 0x80, 0x00, 0x00, 0x01, 0x80, 0x00, 0x00, 0x01, 0x80, 0x00, 0x00, 0x01, 0x80, 0x00, 0x00, 0x01, 0x80, 0x00, 0x00, 0x01, 0x80,
    0x00, 0x00, 0x01, 0x80, 0x00, 0x00, 0x01, 0x80, 0x00, 0x00, 0x01, 0x80, 0xC0, 0x00, 0x00, 0x00, 0xC0, 0x00, 0x00, 0x00, 0xC0, 0x00, 0x00, 0x00,
    0xC0, 0x00, 0x00, 0x00, 0xC0, 0x00, 0x00, 0x00, 0xC0, 0x00, 0x00, 0x00, 0xC0, 0x00, 0x00, 0x00, 0xC0, 0x00, 0x00, 0x00, 0xC0, 0x00, 0x00, 0x00,
    0xC0, 0x00, 0x00, 0x00, 0xC0, 0x00, 0x00, 0x00, 0xC0, 0x00, 0x00, 0x00, 0xC0, 0x00, 0x00, 0x00, 0xC0, 0x00, 0x00, 0x00, 0xC0, 0x00, 0x00, 0x00,
    0xC0, 0x00, 0x00, 0x00, 0xC0, 0x00, 0x00, 0x00, 0xC0, 0x00, 0x00, 0x00, 0xC0, 0x00, 0x00, 0x00, 0xC0, 0x00, 0x00, 0x00, 0xC0, 0x00, 0x00, 0x00,
    0xC0, 0x00, 0x00, 0x00, 0xC0, 0x00, 0x00, 0x00, 0xFF, 0xFF, 0xFF, 0x80, 0xFF, 0xFF, 0xFF, 0x80, 0x00, 0x00, 0x01, 0x80, 0x00, 0x00, 0x01, 0x80,
    0x00, 0x00, 0x01, 0x80, 0x00, 0x00, 0x01, 0x80, 0x00, 0x00, 0x01, 0x80, 0x00, 0x00, 0x01, 0x80, 0x00, 0x00, 0x01, 0x80, 0x00, 0x00, 0x01, 0x80,
    0x00, 0x00, 0x01, 0x80, 0x00, 0x00, 0x01, 0x80, 0x00, 0x00, 0x01, 0x80, 0x00, 0x00, 0x01, 0x80, 0x00, 0x00, 0x01, 0x80, 0x00, 0x00, 0x01, 0x80,
    0x00, 0x00, 0x01, 0x80, 0x00, 0x00, 0x01, 0x80, 0x00, 0x00, 0x01, 0x80, 0x00, 0x00, 0x01, 0x80, 0x00, 0x00, 0x01, 0x80, 0x00, 0x00, 0x01, 0x80,
    0x00, 0x00, 0x01, 0x80, 0x00, 0x00, 0x01, 0x80, 0x00, 0x00, 0x01, 0x80, 0xFF, 0xFF, 0xFF, 0x80, 0xFF, 0xFF, 0xFF, 0x80, 0xC0, 0x00, 0x00, 0x00,
    0xC0, 0x00, 0x00, 0x00, 0xC0, 0x00, 0x00, 0x00, 0xC0, 0x00, 0x00, 0x00, 0xC0, 0x00, 0x00, 0x00, 0xC0, 0x00, 0x00, 0x00, 0xC0, 0x00, 0x00, 0x00,
    0xC0, 0x00, 0x00, 0x00, 0xC0, 0x00, 0x00, 0x00, 0xC0, 0x00, 0x00, 0x00, 0xC0, 0x00, 0x00, 0x00, 0xC0, 0x00, 0x00, 0x00, 0xC0, 0x00, 0x00, 0x00,
    0xC0, 0x00, 0x00, 0x00, 0xC0, 0x00, 0x00, 0x00, 0xC0, 0x00, 0x00, 0x00, 0xC0, 0x00, 0x00, 0x00, 0xC0, 0x00, 0x00, 0x00, 0xC0, 0x00, 0x00, 0x00,
    0xC0, 0x00, 0x00, 0x00, 0xC0, 0x00, 0x00, 0x00, 0xC0, 0x00, 0x00, 0x00, 0xC0, 0x00, 0x00, 0x00, 0xFF, 0xFF, 0xFF, 0x80, 0xFF, 0xFF, 0xFF, 0x80,
    0xC0, 0x00, 0x00, 0x00, 0xC0, 0x00, 0x00, 0x00, 0xC0, 0x00, 0x00, 0x00, 0xC0, 0x00, 0x00, 0x00, 0xC0, 0x00, 0x00, 0x00, 0xC0, 0x00, 0x00, 0x00,
    0xC0, 0x00, 0x00, 0x00, 0xC0, 0x00, 0x00, 0x00, 0xC0, 0x00, 0x00, 0x00, 0xC0, 0x00, 0x00, 0x00, 0xC0, 0x00, 0x00, 0x00, 0xC0, 0x00, 0x00, 0x00,
    0xC0, 0x00, 0x00, 0x00, 0xC0, 0x00, 0x00, 0x00, 0xC0, 0x00, 0x00, 0x00, 0xC0, 0x00, 0x00, 0x00, 0xC0, 0x00, 0x00, 0x00, 0xC0, 0x00, 0x00, 0x00,
    0xC0, 0x00, 0x00, 0x00, 0xC0, 0x00, 0x00, 0x00, 0xC0, 0x00, 0x00, 0x00, 0xC0, 0x00, 0x00, 0x00, 0xC0, 0x00, 0x00, 0x00, 0x00, 0x00, 0x01, 0x80,
    0x00, 0x00, 0x01, 0x80, 0x00, 0x00, 0x01, 0x80, 0x00, 0x00, 0x01, 0x80, 0x00, 0x00, 0x01, 0x80, 0x00, 0x00, 0x01, 0x80, 0x00, 0x00, 0x01, 0x80,
    0x00, 0x00, 0x01, 0x80, 0x00, 0x00, 0x01, 0x80, 0x00, 0x00, 0x01, 0x80, 0x00, 0x00, 0x01, 0x80, 0x00, 0x00, 0x01, 0x80, 0x00, 0x00, 0x01, 0x80,
    0x00, 0x00, 0x01, 0x80, 0x00, 0x00, 0x01, 0x80, 0x00, 0x00, 0x01, 0x80, 0x00, 0x00, 0x01, 0x80, 0x00, 0x00, 0x01, 0x80, 0x00, 0x00, 0x01, 0x80,
    0x00, 0x00, 0x01, 0x80, 0x00, 0x00, 0x01, 0x80, 0x00, 0x00, 0x01, 0x80, 0x00, 0x00, 0x01, 0x80, 0xFF, 0xFF, 0xFF, 0x80, 0xFF, 0xFF, 0xFF, 0x80,
    0x00, 0x00, 0x01, 0x80, 0x00, 0x00, 0x01, 0x80, 0x00, 0x00, 0x01, 0x80, 0x00, 0x00, 0x01, 0x80, 0x00, 0x00, 0x01, 0x80, 0x00, 0x00, 0x01, 0x80,
    0x00, 0x00, 0x01, 0x80, 0x00, 0x00, 0x01, 0x80, 0x00, 0x00, 0x01, 0x80, 0x00, 0x00, 0x01, 0x80, 0x00, 0x00, 0x01, 0x80, 0x00, 0x00, 0x01, 0x80,
    0x00, 0x00, 0x01, 0x80, 0x00, 0x00, 0x01, 0x80, 0x00, 0x00, 0x01, 0x80, 0x00, 0x00, 0x01, 0x80, 0x00, 0x00, 0x01, 0x80, 0x00, 0x00, 0x01, 0x80,
    0x00, 0x00, 0x01, 0x80, 0x00, 0x00, 0x01, 0x80, 0x00, 0x00, 0x01, 0x80, 0x00, 0x00, 0x01, 0x80, 0x00, 0x00, 0x01, 0x80, 0xFF, 0xFF, 0xFF, 0xFF,
    0xFF, 0xFF, 0xFF, 0xFF, 0xFF, 0xFF, 0xFF, 0xFF, 0x00, 0x00, 0x01, 0x80, 0x00, 0x00, 0x00, 0x00, 0x01, 0x80, 0x00, 0x00, 0x00, 0x00, 0x01, 0x80,
    0x00, 0x00, 0x00, 0x00, 0x01, 0x80, 0x00, 0x00, 0x00, 0x00, 0x01, 0x80, 0x00, 0x00, 0x00, 0x00, 0x01, 0x80, 0x00, 0x00, 0x00, 0x00, 0x01, 0x80,
    0x00, 0x00, 0x00, 0x00, 0x01, 0x80, 0x00, 0x00, 0x00, 0x00, 0x01, 0x80, 0x00, 0x00, 0x00, 0x00, 0x01, 0x80, 0x00, 0x00, 0x00, 0x00, 0x01, 0x80,
    0x00, 0x00, 0x00, 0x00, 0x01, 0x80, 0x00, 0x00, 0x00, 0x00, 0x01, 0x80, 0x00, 0x00, 0x00, 0x00, 0x01, 0x80, 0x00, 0x00, 0x00, 0x00, 0x01, 0x80,
    0x00, 0x00, 0x00, 0x00, 0x01, 0x80, 0x00, 0x00, 0x00, 0x00, 0x01, 0x80, 0x00, 0x00, 0x00, 0x00, 0x01, 0x80, 0x00, 0x00, 0x00, 0x00, 0x01, 0x80,
    0x00, 0x00, 0x00, 0x00, 0x01, 0x80, 0x00, 0x00, 0x00, 0x00, 0x01, 0x80, 0x00, 0x00, 0x00, 0x00, 0x01, 0x80, 0x00, 0x00, 0x00, 0x00, 0x01, 0x80,
    0x00, 0x00, 0x00, 0x00, 0x01, 0x80, 0x00, 0x00, 0x00, 0x00, 0x01, 0x80, 0x00, 0x00, 0x00, 0x00, 0x01, 0x80, 0x00, 0x00, 0x00, 0x00, 0x01, 0x80,
    0x00, 0x00, 0x00, 0x00, 0x01, 0x80, 0x00, 0x00, 0x00, 0x00, 0x01, 0x80, 0x00, 0x00, 0x00, 0x00, 0x01, 0x80, 0x00, 0x00, 0x00, 0x00, 0x01, 0x80,
    0x00, 0x00, 0x00, 0x00, 0x01, 0x80, 0x00, 0x00, 0x00, 0x00, 0x01, 0x80, 0x00, 0x00, 0x00, 0x00, 0x01, 0x80, 0x00, 0x00, 0x00, 0x00, 0x01, 0x80,
    0x00, 0x00, 0x00, 0x00, 0x01, 0x80, 0x00, 0x00, 0x00, 0x00, 0x01, 0x80, 0x00, 0x00, 0x00, 0x00, 0x01, 0x80, 0x00, 0x00, 0x00, 0x00, 0x01, 0x80,
    0x00, 0x00, 0x00, 0x00, 0x01, 0x80, 0x00, 0x00, 0x00, 0x00, 0x01, 0x80, 0x00, 0x00, 0x00, 0x00, 0x01, 0x80, 0x00, 0x00, 0x00, 0x00, 0x01, 0x80,
    0x00, 0x00, 0x00, 0x00, 0x01, 0x80, 0x00, 0x00, 0x00, 0x00, 0x01, 0x80, 0x00, 0x00, 0x00, 0x00, 0x01, 0x80, 0x00, 0x00, 0xFF, 0xFF, 0xFF, 0xFF,
    0xFF, 0xFF, 0xFF, 0xFF, 0xFF, 0xFF, 0xFF, 0xFF, 0x00, 0x00, 0x01, 0x80, 0x00, 0x00, 0x00, 0x00, 0x01, 0x80, 0x00, 0x00, 0x00, 0x00, 0x01, 0x80,
    0x00, 0x00, 0x00, 0x00, 0x01, 0x80, 0x00, 0x00, 0x00, 0x00, 0x01, 0x80, 0x00, 0x00, 0x00, 0x00, 0x01, 0x80, 0x00, 0x00, 0x00, 0x00, 0x01, 0x80,
    0x00, 0x00, 0x00, 0x00, 0x01, 0x80, 0x00, 0x00, 0x00, 0x00, 0x01, 0x80, 0x00, 0x00, 0x00, 0x00, 0x01, 0x80, 0x00, 0x00, 0x00, 0x00, 0x01, 0x80,
    0x00, 0x00, 0x00, 0x00, 0x01, 0x80, 0x00, 0x00, 0x00, 0x00, 0x01, 0x80, 0x00, 0x00, 0x00, 0x00, 0x01, 0x80, 0x00, 0x00, 0x00, 0x00, 0x01, 0x80,
    0x00, 0x00, 0x00, 0x00, 0x01, 0x80, 0x00, 0x00, 0x00, 0x00, 0x01, 0x80, 0x00, 0x00, 0x00, 0x00, 0x01, 0x80, 0x00, 0x00, 0x00, 0x00, 0x01, 0x80,
    0x00, 0x00, 0x00, 0x00, 0x01, 0x80, 0x00, 0x00, 0x00, 0x00, 0x01, 0x80, 0x00, 0x00, 0x00, 0x00, 0x01, 0x80, 0x00, 0x00, 0x00, 0x00, 0x01, 0x80,
    0x00, 0x00, 0xFF, 0xFF, 0xFF, 0xFF, 0xFF, 0xFF, 0xFF, 0xFF, 0xFF, 0xFF, 0xFF, 0xFF, 0x00, 0x00, 0x01, 0x80, 0x00, 0x00, 0x00, 0x00, 0x01, 0x80,
    0x00, 0x00, 0x00, 0x00, 0x01, 0x80, 0x00, 0x00, 0x00, 0x00, 0x01, 0x80, 0x00, 0x00, 0x00, 0x00, 0x01, 0x80, 0x00, 0x00, 0x00, 0x00, 0x01, 0x80,
    0x00, 0x00, 0x00, 0x00, 0x01, 0x80, 0x00, 0x00, 0x00, 0x00, 0x01, 0x80, 0x00, 0x00, 0x00, 0x00, 0x01, 0x80, 0x00, 0x00, 0x00, 0x00, 0x01, 0x80,
    0x00, 0x00, 0x00, 0x00, 0x01, 0x80, 0x00, 0x00, 0x00, 0x00, 0x01, 0x80, 0x00, 0x00, 0x00, 0x00, 0x01, 0x80, 0x00, 0x00, 0x00, 0x00, 0x01, 0x80,
    0x00, 0x00, 0x00, 0x00, 0x01, 0x80, 0x00, 0x00, 0x00, 0x00, 0x01, 0x80, 0x00, 0x00, 0x00, 0x00, 0x01, 0x80, 0x00, 0x00, 0x00, 0x00, 0x01, 0x80,
    0x00, 0x00, 0x00, 0x00, 0x01, 0x80, 0x00, 0x00, 0x00, 0x00, 0x01, 0x80, 0x00, 0x00, 0x00, 0x00, 0x01, 0x80, 0x00, 0x00, 0x00, 0x00, 0x01, 0x80,
    0x00, 0x00, 0x00, 0x00, 0x01, 0x80, 0x00, 0x00, 0xFF, 0xFF, 0xFF, 0xFF, 0xFC, 0xFF, 0xFF, 0xFF, 0xFF, 0xFC, 0xFF, 0xFF, 0xFF, 0xFF, 0xFC, 0xFF,
    0xFF, 0xFF, 0xFF, 0xFC, 0xFF, 0xFF, 0xFF, 0xFF, 0xFC, 0xFF, 0xFF, 0xFF, 0xFF, 0xFC, 0xFF, 0xFF, 0xFF, 0xFF, 0xFC, 0xFF, 0xFF, 0xFF, 0xFF, 0xFC,
    0xFF, 0xFF, 0xFF, 0xFF, 0xFC, 0xFF, 0xFF, 0xFF, 0xFF, 0xFC, 0xFF, 0xFF, 0xFF, 0xFF, 0xFC, 0xFF, 0xFF, 0xFF, 0xFF, 0xFC, 0xFF, 0xFF, 0xFF, 0xFF,
    0xFC, 0xFF, 0xFF, 0xFF, 0xFF, 0xFC, 0xFF, 0xFF, 0xFF, 0xFF, 0xFC, 0xFF, 0xFF, 0xFF, 0xFF, 0xFC, 0xFF, 0xFF, 0xFF, 0xFF, 0xFC, 0xFF, 0xFF, 0xFF,
    0xFF, 0xFC, 0xFF, 0xFF, 0xFF, 0xFF, 0xFC, 0xFF, 0xFF, 0xFF, 0xFF, 0xFC, 0xFF, 0xFF, 0xFF, 0xFF, 0xFC, 0xFF, 0xFF, 0xFF, 0xFF, 0xFC, 0xFF, 0xFF,
    0xFF, 0xFF, 0xFC, 0xFF, 0xFF, 0xFF, 0xFF, 0xFC, 0xFF, 0xFF, 0xFF, 0xFF, 0xFC, 0xFF, 0xFF, 0xFF, 0xFF, 0xFC, 0xFF, 0xFF, 0xFF, 0xFF, 0xFC, 0xFF,
    0xFF, 0xFF, 0xFF, 0xFC, 0xFF, 0xFF, 0xFF, 0xFF, 0xFC, 0xFF, 0xFF, 0xFF, 0xFF, 0xFC, 0xFF, 0xFF, 0xFF, 0xFF, 0xFC, 0xFF, 0xFF, 0xFF, 0xFF, 0xFC,
    0xFF, 0xFF, 0xFF, 0xFF, 0xFC, 0xFF, 0xFF, 0xFF, 0xFF, 0xFC, 0xFF, 0xFF, 0xFF, 0xFF, 0xFC, 0xFF, 0xFF, 0xFF, 0xFF, 0xFC, 0xFF, 0xFF, 0xFF, 0xFF,
    0xFC, 0xFF, 0xFF, 0xFF, 0xFF, 0xFC, 0xFF, 0xFF, 0xFF, 0xFF, 0xFC, 0xC0, 0x00, 0x00, 0x00, 0x0C, 0xC0, 0x00, 0x00, 0x00, 0x0C, 0xC0, 0x00, 0x00,
    0x00, 0x0C, 0xC0, 0x00, 0x00, 0x00, 0x0C, 0xC0, 0x00, 0x00, 0x00, 0x0C, 0xC0, 0x00, 0x00, 0x00, 0x0C, 0xC0, 0x00, 0x00, 0x00, 0x0C, 0xC0, 0x00,
    0x00, 0x00, 0x0C, 0xC0, 0x00, 0x00, 0x00, 0x0C, 0xC0, 0x00, 0x00, 0x00, 0x0C, 0xC0, 0x00, 0x00, 0x00, 0x0C, 0xC0, 0x00, 0x00, 0x00, 0x0C, 0xC0,
    0x00, 0x00, 0x00, 0x0C, 0xC0, 0x00, 0x00, 0x00, 0x0C, 0xC0, 0x00, 0x00, 0x00, 0x0C, 0xC0, 0x00, 0x00, 0x00, 0x0C, 0xC0, 0x00, 0x00, 0x00, 0x0C,
    0xC0, 0x00, 0x00, 0x00, 0x0C, 0xC0, 0x00, 0x00, 0x00, 0x0C, 0xC0, 0x00, 0x00, 0x00, 0x0C, 0xC0, 0x00, 0x00, 0x00, 0x0C, 0xC0, 0x00, 0x00, 0x00,
    0x0C, 0xC0, 0x00, 0x00, 0x00, 0x0C, 0xC0, 0x00, 0x00, 0x00, 0x0C, 0xC0, 0x00, 0x00, 0x00, 0x0C, 0xC0, 0x00, 0x00, 0x00, 0x0C, 0xC0, 0x00, 0x00,
    0x00, 0x0C, 0xC0, 0x00, 0x00, 0x00, 0x0C, 0xC0, 0x00, 0x00, 0x00, 0x0C, 0xC0, 0x00, 0x00, 0x00, 0x0C, 0xC0, 0x00, 0x00, 0x00, 0x0C, 0xC0, 0x00,
    0x00, 0x00, 0x0C, 0xC0, 0x00, 0x00, 0x00, 0x0C, 0xC0, 0x00, 0x00, 0x00, 0x0C, 0xC0, 0x00, 0x00, 0x00, 0x0C, 0xFF, 0xFF, 0xFF, 0xFF, 0xFC, 0xFF,
    0xFF, 0xFF, 0xFF, 0xFC, 0x00, 0x00, 0x02, 0x00, 0x00, 0x00, 0x00, 0x00, 0x03, 0x00, 0x00, 0x00, 0x00, 0x00, 0x03, 0x00, 0x00, 0x00, 0x00, 0x00,
    0x07, 0x80, 0x00, 0x00, 0x00, 0x00, 0x07, 0x80, 0x00, 0x00, 0x00, 0x00, 0x0F, 0xC0, 0x00, 0x00, 0x00, 0x00, 0x1F, 0xE0, 0x00, 0x00, 0x00, 0x00,
    0x1F, 0xE0, 0x00, 0x00, 0x00, 0x00, 0x3F, 0xF0, 0x00, 0x00, 0x00, 0x00, 0x3F, 0xF0, 0x00, 0x00, 0x00, 0x00, 0x7F, 0xF8, 0x00, 0x00, 0x00, 0x00,
    0x7F, 0xF8, 0x00, 0x00, 0x00, 0x00, 0xFF, 0xFC, 0x00, 0x00, 0x00, 0x01, 0xFF, 0xFE, 0x00, 0x00, 0x00, 0x01, 0xFF, 0xFE, 0x00, 0x00, 0x00, 0x03,
    0xFF, 0xFF, 0x00, 0x00, 0x00, 0x03, 0xFF, 0xFF, 0x00, 0x00, 0x00, 0x07, 0xFF, 0xFF, 0x80, 0x00, 0x00, 0x07, 0xFF, 0xFF, 0x80, 0x00, 0x00, 0x0F,
    0xFF, 0xFF, 0xC0, 0x00, 0x00, 0x1F, 0xFF, 0xFF, 0xE0, 0x00, 0x00, 0x1F, 0xFF, 0xFF, 0xE0, 0x00, 0x00, 0x3F, 0xFF, 0xFF, 0xF0, 0x00, 0x00, 0x3F,
    0xFF, 0xFF, 0xF0, 0x00, 0x00, 0x7F, 0xFF, 0xFF, 0xF8, 0x00, 0x00, 0xFF, 0xFF, 0xFF, 0xFC, 0x00, 0x00, 0xFF, 0xFF, 0xFF, 0xFC, 0x00, 0x01, 0xFF,
    0xFF, 0xFF, 0xFE, 0x00, 0x01, 0xFF, 0xFF, 0xFF, 0xFE, 0x00, 0x03, 0xFF, 0xFF, 0xFF, 0xFF, 0x00, 0x03, 0xFF, 0xFF, 0xFF, 0xFF, 0x00, 0x07, 0xFF,
    0xFF, 0xFF, 0xFF, 0x80, 0x0F, 0xFF, 0xFF, 0xFF, 0xFF, 0xC0, 0x0F, 0xFF, 0xFF, 0xFF, 0xFF, 0xC0, 0x1F, 0xFF, 0xFF, 0xFF, 0xFF, 0xE0, 0x1F, 0xFF,
    0xFF, 0xFF, 0xFF, 0xE0, 0x3F, 0xFF, 0xFF, 0xFF, 0xFF, 0xF0, 0x3F, 0xFF, 0xFF, 0xFF, 0xFF, 0xF0, 0xFF, 0xFF, 0xFF, 0xFF, 0xFF, 0xFC, 0xFF, 0xFF,
    0xFF, 0xFF, 0xFF, 0xFC, 0x7F, 0xFF, 0xFF, 0xFF, 0xFF, 0xF8, 0x3F, 0xFF, 0xFF, 0xFF, 0xFF, 0xF0, 0x3F, 0xFF, 0xFF, 0xFF, 0xFF, 0xF0, 0x1F, 0xFF,
    0xFF, 0xFF, 0xFF, 0xE0, 0x0F, 0xFF, 0xFF, 0xFF, 0xFF, 0xC0, 0x0F, 0xFF, 0xFF, 0xFF, 0xFF, 0xC0, 0x07, 0xFF, 0xFF, 0xFF, 0xFF, 0x80, 0x07, 0xFF,
    0xFF, 0xFF, 0xFF, 0x80, 0x03, 0xFF, 0xFF, 0xFF, 0xFF, 0x00, 0x03, 0xFF, 0xFF, 0xFF, 0xFF, 0x00, 0x01, 0xFF, 0xFF, 0xFF, 0xFE, 0x00, 0x00, 0xFF,
    0xFF, 0xFF, 0xFC, 0x00, 0x00, 0xFF, 0xFF, 0xFF, 0xFC, 0x00, 0x00, 0x7F, 0xFF, 0xFF, 0xF8, 0x00, 0x00, 0x7F, 0xFF, 0xFF, 0xF8, 0x00, 0x00, 0x3F,
    0xFF, 0xFF, 0xF0, 0x00, 0x00, 0x3F, 0xFF, 0xFF, 0xF0, 0x00, 0x00, 0x1F, 0xFF, 0xFF, 0xE0, 0x00, 0x00, 0x0F, 0xFF, 0xFF, 0xC0, 0x00, 0x00, 0x0F,
    0xFF, 0xFF, 0xC0, 0x00, 0x00, 0x07, 0xFF, 0xFF, 0x80, 0x00, 0x00, 0x07, 0xFF, 0xFF, 0x80, 0x00, 0x00, 0x03, 0xFF, 0xFF, 0x00, 0x00, 0x00, 0x01,
    0xFF, 0xFE, 0x00, 0x00, 0x00, 0x01, 0xFF, 0xFE, 0x00, 0x00, 0x00, 0x00, 0xFF, 0xFC, 0x00, 0x00, 0x00, 0x00, 0xFF, 0xFC, 0x00, 0x00, 0x00, 0x00,
    0x7F, 0xF8, 0x00, 0x00, 0x00, 0x00, 0x7F, 0xF8, 0x00, 0x00, 0x00, 0x00, 0x3F, 0xF0, 0x00, 0x00, 0x00, 0x00, 0x1F, 0xE0, 0x00, 0x00, 0x00, 0x00,
    0x1F, 0xE0, 0x00, 0x00, 0x00, 0x00, 0x0F, 0xC0, 0x00, 0x00, 0x00, 0x00, 0x0F, 0xC0, 0x00, 0x00, 0x00, 0x00, 0x07, 0x80, 0x00, 0x00, 0x00, 0x00,
    0x07, 0x80, 0x00, 0x00, 0x00, 0x00, 0x03, 0x00, 0x00, 0x00, 0x00, 0x00, 0x02, 0x00, 0x00, 0x00, 0x00, 0x00, 0x02, 0x00, 0x00, 0x00, 0x00, 0x00,
    0x03, 0x00, 0x00, 0x00, 0x00, 0x00, 0x07, 0x80, 0x00, 0x00, 0x00, 0x00, 0x0F, 0xC0, 0x00, 0x00, 0x00, 0x00, 0x1F, 0xE0, 0x00, 0x00, 0x00, 0x00,
    0x3F, 0xF0, 0x00, 0x00, 0x00, 0x00, 0x7F, 0xF8, 0x00, 0x00, 0x00, 0x00, 0xFF, 0xFC, 0x00, 0x00, 0x00, 0x01, 0xFF, 0xFE, 0x00, 0x00, 0x00, 0x03,
    0xFF, 0xFF, 0x00, 0x00, 0x00, 0x07, 0xFF, 0xFF, 0x80, 0x00, 0x00, 0x0F, 0xFF, 0xFF, 0xC0, 0x00, 0x00, 0x1F, 0xFF, 0xFF, 0xE0, 0x00, 0x00, 0x3F,
    0xFF, 0xFF, 0xF0, 0x00, 0x00, 0x7F, 0xFF, 0xFF, 0xF8, 0x00, 0x00, 0xFF, 0xFF, 0xFF, 0xFC, 0x00, 0x01, 0xFF, 0xFF, 0xFF, 0xFE, 0x00, 0x03, 0xFF,
    0xFF, 0xFF, 0xFF, 0x00, 0x07, 0xFF, 0xFF, 0xFF, 0xFF, 0x80, 0x0F, 0xFF, 0xFF, 0xFF, 0xFF, 0xC0, 0x1F, 0xFF, 0xFF, 0xFF, 0xFF, 0xE0, 0x3F, 0xFF,
    0xFF, 0xFF, 0xFF, 0xF0, 0x7F, 0xFF, 0xFF, 0xFF, 0xFF, 0xF8, 0xFF, 0xFF, 0xFF, 0xFF, 0xFF, 0xFC, 0xFF, 0xFF, 0xFF, 0xFF, 0xFF, 0xFC, 0x7F, 0xFF,
    0xFF, 0xFF, 0xFF, 0xF8, 0x3F, 0xFF, 0xFF, 0xFF, 0xFF, 0xF0, 0x1F, 0xFF, 0xFF, 0xFF, 0xFF, 0xE0, 0x0F, 0xFF, 0xFF, 0xFF, 0xFF, 0xC0, 0x07, 0xFF,
    0xFF, 0xFF, 0xFF, 0x80, 0x03, 0xFF, 0xFF, 0xFF, 0xFF, 0x00, 0x01, 0xFF, 0xFF, 0xFF, 0xFE, 0x00, 0x00, 0xFF, 0xFF, 0xFF, 0xFC, 0x00, 0x00, 0x7F,
    0xFF, 0xFF, 0xF8, 0x00, 0x00, 0x3F, 0xFF, 0xFF, 0xF0, 0x00, 0x00, 0x1F, 0xFF, 0xFF, 0xE0, 0x00, 0x00, 0x0F, 0xFF, 0xFF, 0xC0, 0x00, 0x00, 0x07,
    0xFF, 0xFF, 0x80, 0x00, 0x00, 0x03, 0xFF, 0xFF, 0x00, 0x00, 0x00, 0x01, 0xFF, 0xFE, 0x00, 0x00, 0x00, 0x00, 0xFF, 0xFC, 0x00, 0x00, 0x00, 0x00,
    0x7F, 0xF8, 0x00, 0x00, 0x00, 0x00, 0x3F, 0xF0, 0x00, 0x00, 0x00, 0x00, 0x1F, 0xE0, 0x00, 0x00, 0x00, 0x00, 0x0F, 0xC0, 0x00, 0x00, 0x00, 0x00,
    0x07, 0x80, 0x00, 0x00, 0x00, 0x00, 0x03, 0x00, 0x00, 0x00, 0x00, 0x00, 0x3F, 0xC0, 0x00, 0x00, 0x00, 0x03, 0xFF, 0xFC, 0x00, 0x00, 0x00, 0x0F,
    0x80, 0x1F, 0x00, 0x00, 0x00, 0x3C, 0x00, 0x03, 0xC0, 0x00, 0x00, 0x70, 0x00, 0x00, 0xE0, 0x00, 0x00, 0xE0, 0x00, 0x00, 0x70, 0x00, 0x01, 0x80,
    0x00, 0x00, 0x18, 0x00, 0x03, 0x00, 0x00, 0x00, 0x0C, 0x00, 0x06, 0x00, 0x00, 0x00, 0x06, 0x00, 0x0C, 0x00, 0x00, 0x00, 0x03, 0x00, 0x0C, 0x00,
    0x00, 0x00, 0x03, 0x00, 0x18, 0x00, 0x00, 0x00, 0x01, 0x80, 0x30, 0x00, 0x00, 0x00, 0x00, 0xC0, 0x30, 0x00, 0x00, 0x00, 0x00, 0xC0, 0x30, 0x00,
    0x00, 0x00, 0x00, 0xC0, 0x60, 0x00, 0x00, 0x00, 0x00, 0x60, 0x60, 0x00, 0x00, 0x00, 0x00, 0x60, 0x60, 0x00, 0x00, 0x00, 0x00, 0x60, 0x40, 0x00,
    0x00, 0x00, 0x00, 0x20, 0xC0, 0x00, 0x00, 0x00, 0x00, 0x20, 0xC0, 0x00, 0x00, 0x00, 0x00, 0x30, 0xC0, 0x00, 0x00, 0x00, 0x00, 0x30, 0xC0, 0x00,
    0x00, 0x00, 0x00, 0x30, 0xC0, 0x00, 0x00, 0x00, 0x00, 0x30, 0x40, 0x00, 0x00, 0x00, 0x00, 0x20, 0x60, 0x00, 0x00, 0x00, 0x00, 0x60, 0x60, 0x00,
    0x00, 0x00, 0x00, 0x60, 0x60, 0x00, 0x00, 0x00, 0x00, 0x60, 0x60, 0x00, 0x00, 0x00, 0x00, 0x60, 0x30, 0x00, 0x00, 0x00, 0x00, 0xC0, 0x30, 0x00,
    0x00, 0x00, 0x00, 0xC0, 0x18, 0x00, 0x00, 0x00, 0x01, 0x80, 0x18, 0x00, 0x00, 0x00, 0x01, 0x80, 0x0C, 0x00, 0x00, 0x00, 0x03, 0x00, 0x06, 0x00,
    0x00, 0x00, 0x06, 0x00, 0x07, 0x00, 0x00, 0x00, 0x0E, 0x00, 0x03, 0x80, 0x00, 0x00, 0x1C, 0x00, 0x01, 0xC0, 0x00, 0x00, 0x38, 0x00, 0x00, 0xE0,
    0x00, 0x00, 0x70, 0x00, 0x00, 0x38, 0x00, 0x01, 0xC0, 0x00, 0x00, 0x1F, 0x00, 0x07, 0x80, 0x00, 0x00, 0x07, 0xF9, 0xFE, 0x00, 0x00, 0x00, 0x00,
    0xFF, 0xF0, 0x00, 0x00, 0x00, 0x00, 0x3F, 0xC0, 0x00, 0x00, 0x00, 0x03, 0xFF, 0xFC, 0x00, 0x00, 0x00, 0x0F, 0xFF, 0xFF, 0x00, 0x00, 0x00, 0x3F,
    0xFF, 0xFF, 0xC0, 0x00, 0x00, 0x7F, 0xFF, 0xFF, 0xE0, 0x00, 0x00, 0xFF, 0xFF, 0xFF, 0xF0, 0x00, 0x01, 0xFF, 0xFF, 0xFF, 0xF8, 0x00, 0x03, 0xFF,
    0xFF, 0xFF, 0xFC, 0x00, 0x07, 0xFF, 0xFF, 0xFF, 0xFE, 0x00, 0x0F, 0xFF, 0xFF, 0xFF, 0xFF, 0x00, 0x0F, 0xFF, 0xFF, 0xFF, 0xFF, 0x00, 0x1F, 0xFF,
    0xFF, 0xFF, 0xFF, 0x80, 0x3F, 0xFF, 0xFF, 0xFF, 0xFF, 0xC0, 0x3F, 0xFF, 0xFF, 0xFF, 0xFF, 0xC0, 0x3F, 0xFF, 0xFF, 0xFF, 0xFF, 0xC0, 0x7F, 0xFF,
    0xFF, 0xFF, 0xFF, 0xE0, 0x7F, 0xFF, 0xFF, 0xFF, 0xFF, 0xE0, 0x7F, 0xFF, 0xFF, 0xFF, 0xFF, 0xE0, 0x7F, 0xFF, 0xFF, 0xFF, 0xFF, 0xE0, 0xFF, 0xFF,
    0xFF, 0xFF, 0xFF, 0xE0, 0xFF, 0xFF, 0xFF, 0xFF, 0xFF, 0xF0, 0xFF, 0xFF, 0xFF, 0xFF, 0xFF, 0xF0, 0xFF, 0xFF, 0xFF, 0xFF, 0xFF, 0xF0, 0xFF, 0xFF,
    0xFF, 0xFF, 0xFF, 0xF0, 0x7F, 0xFF, 0xFF, 0xFF, 0xFF, 0xE0, 0x7F, 0xFF, 0xFF, 0xFF, 0xFF, 0xE0, 0x7F, 0xFF, 0xFF, 0xFF, 0xFF, 0xE0, 0x7F, 0xFF,
    0xFF, 0xFF, 0xFF, 0xE0, 0x7F, 0xFF, 0xFF, 0xFF, 0xFF, 0xE0, 0x3F, 0xFF, 0xFF, 0xFF, 0xFF, 0xC0, 0x3F, 0xFF, 0xFF, 0xFF, 0xFF, 0xC0, 0x1F, 0xFF,
    0xFF, 0xFF, 0xFF, 0x80, 0x1F, 0xFF, 0xFF, 0xFF, 0xFF, 0x80, 0x0F, 0xFF, 0xFF, 0xFF, 0xFF, 0x00, 0x07, 0xFF, 0xFF, 0xFF, 0xFE, 0x00, 0x07, 0xFF,
    0xFF, 0xFF, 0xFE, 0x00, 0x03, 0xFF, 0xFF, 0xFF, 0xFC, 0x00, 0x01, 0xFF, 0xFF, 0xFF, 0xF8, 0x00, 0x00, 0xFF, 0xFF, 0xFF, 0xF0, 0x00, 0x00, 0x3F,
    0xFF, 0xFF, 0xC0, 0x00, 0x00, 0x1F, 0xFF, 0xFF, 0x80, 0x00, 0x00, 0x07, 0xFF, 0xFE, 0x00, 0x00, 0x00, 0x00, 0xFF, 0xF0, 0x00, 0x00, 0x00, 0x00,
    0x04, 0x00, 0x00, 0x00, 0x00, 0x00, 0x06, 0x00, 0x00, 0x00, 0x00, 0x00, 0x06, 0x00, 0x00, 0x00, 0x00, 0x00, 0x06, 0x00, 0x00, 0x00, 0x00, 0x00,
    0x0F, 0x00, 0x00, 0x00, 0x00, 0x00, 0x0F, 0x00, 0x00, 0x00, 0x00, 0x00, 0x0F, 0x00, 0x00, 0x00, 0x00, 0x00, 0x1F, 0x80, 0x00, 0x00, 0x00, 0x00,
    0x1F, 0x80, 0x00, 0x00, 0x00, 0x00, 0x1F, 0x80, 0x00, 0x00, 0x00, 0x00, 0x3F, 0xC0, 0x00, 0x00, 0x00, 0x00, 0x3F, 0xC0, 0x00, 0x00, 0x00, 0x00,
    0x3F, 0xC0, 0x00, 0x00, 0x00, 0x00, 0x7F, 0xE0, 0x00, 0x00, 0x00, 0x00, 0x7F, 0xE0, 0x00, 0x00, 0x00, 0x00, 0x7F, 0xE0, 0x00, 0x00, 0xFF, 0xFF,
    0xFF, 0xFF, 0xFF, 0xF0, 0x3F, 0xFF, 0xFF, 0xFF, 0xFF, 0xC0, 0x1F, 0xFF, 0xFF, 0xFF, 0xFF, 0x80, 0x07, 0xFF, 0xFF, 0xFF, 0xFE, 0x00, 0x03, 0xFF,
    0xFF, 0xFF, 0xFC, 0x00, 0x01, 0xFF, 0xFF, 0xFF, 0xF0, 0x00, 0x00, 0x7F, 0xFF, 0xFF, 0xE0, 0x00, 0x00, 0x3F, 0xFF, 0xFF, 0xC0, 0x00, 0x00, 0x0F,
    0xFF, 0xFF, 0x00, 0x00, 0x00, 0x07, 0xFF, 0xFE, 0x00, 0x00, 0x00, 0x07, 0xFF, 0xFE, 0x00, 0x00, 0x00, 0x07, 0xFF, 0xFE, 0x00, 0x00, 0x00, 0x0F,
    0xFF, 0xFE, 0x00, 0x00, 0x00, 0x0F, 0xFF, 0xFF, 0x00, 0x00, 0x00, 0x0F, 0xFF, 0xFF, 0x00, 0x00, 0x00, 0x0F, 0xFF, 0xFF, 0x00, 0x00, 0x00, 0x1F,
    0xF9, 0xFF, 0x80, 0x00, 0x00, 0x1F, 0xF0, 0xFF, 0x80, 0x00, 0x00, 0x1F, 0xE0, 0x7F, 0x80, 0x00, 0x00, 0x3F, 0x80, 0x1F, 0xC0, 0x00, 0x00, 0x3F,
    0x00, 0x0F, 0xC0, 0x00, 0x00, 0x3C, 0x00, 0x03, 0xC0, 0x00, 0x00, 0x78, 0x00, 0x01, 0xE0, 0x00, 0x00, 0x70, 0x00, 0x00, 0xE0, 0x00, 0x00, 0x40,
    0x00, 0x00, 0x20, 0x00, 0x00, 0x80, 0x00, 0x00, 0x10, 0x00, 0x00, 0x00, 0x06, 0x00, 0x00, 0x00, 0x00, 0x00, 0x06, 0x00, 0x00, 0x00, 0x00, 0x00,
    0x06, 0x00, 0x00, 0x00, 0x00, 0x00, 0x06, 0x00, 0x00, 0x00, 0x00, 0x00, 0x0F, 0x00, 0x00, 0x00, 0x00, 0x00, 0x0F, 0x00, 0x00, 0x00, 0x00, 0x00,
    0x09, 0x00, 0x00, 0x00, 0x00, 0x00, 0x19, 0x80, 0x00, 0x00, 0x00, 0x00, 0x19, 0x80, 0x00, 0x00, 0x00, 0x00, 0x11, 0x80, 0x00, 0x00, 0x00, 0x00,
    0x30, 0xC0, 0x00, 0x00, 0x00, 0x00, 0x30, 0xC0, 0x00, 0x00, 0x00, 0x00, 0x30, 0xC0, 0x00, 0x00, 0x00, 0x00, 0x60, 0x60, 0x00, 0x00, 0x00, 0x00,
    0x60, 0x60, 0x00, 0x00, 0x00, 0x00, 0x60, 0x60, 0x00, 0x00, 0xFF, 0xFF, 0xC0, 0x3F, 0xFF, 0xF0, 0x30, 0x7F, 0xC0, 0x3F, 0xE0, 0xC0, 0x1C, 0x00,
    0x00, 0x00, 0x03, 0x80, 0x07, 0x00, 0x00, 0x00, 0x0E, 0x00, 0x03, 0x80, 0x00, 0x00, 0x1C, 0x00, 0x01, 0xC0, 0x00, 0x00, 0x38, 0x00, 0x00, 0x70,
    0x00, 0x00, 0xE0, 0x00, 0x00, 0x38, 0x00, 0x01, 0xC0, 0x00, 0x00, 0x0E, 0x00, 0x07, 0x00, 0x00, 0x00, 0x07, 0x00, 0x0E, 0x00, 0x00, 0x00, 0x06,
    0x00, 0x06, 0x00, 0x00, 0x00, 0x06, 0x00, 0x06, 0x00, 0x00, 0x00, 0x0C, 0x00, 0x03, 0x00, 0x00, 0x00, 0x0C, 0x00, 0x03, 0x00, 0x00, 0x00, 0x0C,
    0x06, 0x03, 0x00, 0x00, 0x00, 0x18, 0x0F, 0x01, 0x80, 0x00, 0x00, 0x18, 0x39, 0xC1, 0x80, 0x00, 0x00, 0x18, 0x70, 0xE1, 0x80, 0x00, 0x00, 0x30,
    0xE0, 0x70, 0xC0, 0x00, 0x00, 0x33, 0x80, 0x1C, 0xC0, 0x00, 0x00, 0x37, 0x00, 0x0E, 0x40, 0x00, 0x00, 0x6E, 0x00, 0x07, 0x60, 0x00, 0x00, 0x78,
    0x00, 0x01, 0xE0, 0x00, 0x00, 0x70, 0x00, 0x00, 0xE0, 0x00, 0x00, 0xC0, 0x00, 0x00, 0x30, 0x00, 0x00, 0x80, 0x00, 0x00, 0x10, 0x00, 0x00, 0x00,
    0x06, 0x00, 0x00, 0x00, 0x00, 0x00, 0x1F, 0xC0, 0x00, 0x00, 0x00, 0x00, 0x7F, 0xE0, 0x00, 0x00, 0x00, 0x00, 0xF9, 0xF0, 0x00, 0x00, 0x00, 0x00,
    0xE0, 0x70, 0x00, 0x00, 0x00, 0x01, 0xC0, 0x38, 0x00, 0x00, 0x00, 0x01, 0xC0, 0x38, 0x00, 0x00, 0x00, 0x03, 0x80, 0x1C, 0x00, 0x00, 0x00, 0x07,
    0x80, 0x1E, 0x00, 0x00, 0x00, 0x07, 0x00, 0x0E, 0x00, 0x00, 0x00, 0x0E, 0x0F, 0x0F, 0x00, 0x00, 0x00, 0x0E, 0x0F, 0x07, 0x00, 0x00, 0x00, 0x1C,
    0x0F, 0x03, 0x80, 0x00, 0x00, 0x3C, 0x0F, 0x03, 0x80, 0x00, 0x00, 0x38, 0x0F, 0x01, 0xC0, 0x00, 0x00, 0x78, 0x0F, 0x01, 0xE0, 0x00, 0x00, 0x70,
    0x0F, 0x00, 0xE0, 0x00, 0x00, 0xE0, 0x0F, 0x00, 0x70, 0x00, 0x00, 0xE0, 0x0F, 0x00, 0x70, 0x00, 0x01, 0xC0, 0x07, 0x00, 0x38, 0x00, 0x03, 0xC0,
    0x06, 0x00, 0x38, 0x00, 0x03, 0x80, 0x06, 0x00, 0x1C, 0x00, 0x07, 0x80, 0x06, 0x00, 0x1E, 0x00, 0x07, 0x00, 0x06, 0x00, 0x0E, 0x00, 0x0E, 0x00,
    0x06, 0x00, 0x07, 0x00, 0x0E, 0x00, 0x00, 0x00, 0x07, 0x00, 0x1C, 0x00, 0x00, 0x00, 0x03, 0x80, 0x3C, 0x00, 0x00, 0x00, 0x03, 0x80, 0x38, 0x00,
    0x02, 0x00, 0x01, 0xC0, 0x78, 0x00, 0x0F, 0x00, 0x01, 0xE0, 0x70, 0x00, 0x1F, 0x80, 0x00, 0xE0, 0xE0, 0x00, 0x1F, 0x80, 0x00, 0xE0, 0xE0, 0x00,
    0x1F, 0x80, 0x00, 0x70, 0xE0, 0x00, 0x0F, 0x00, 0x00, 0x70, 0xE0, 0x00, 0x04, 0x00, 0x00, 0x70, 0xE0, 0x00, 0x00, 0x00, 0x00, 0x70, 0xF0, 0x00,
    0x00, 0x00, 0x00, 0xF0, 0x7C, 0x00, 0x00, 0x00, 0x03, 0xE0, 0x3F, 0xFF, 0xFF, 0xFF, 0xFF, 0xC0, 0x1F, 0xFF, 0xFF, 0xFF, 0xFF, 0x80, 0x00, 0xFF,
    0xFF, 0xFF, 0xF8, 0x00, 0x00, 0x00, 0x00, 0x02, 0x00, 0x00, 0x00, 0x00, 0x06, 0x00, 0x00, 0x00, 0x00, 0x0F, 0x80, 0x00, 0x00, 0x00, 0x1F, 0x80,
    0x00, 0x00, 0x00, 0x3F, 0x00, 0x00, 0x00, 0x00, 0x7C, 0x00, 0x00, 0x00, 0x00, 0x7C, 0x00, 0x00, 0x00, 0x00, 0xF8, 0x00, 0x00, 0x00, 0x01, 0xF0,
    0x00, 0x00, 0x00, 0x03, 0xE0, 0x00, 0x00, 0x00, 0x03, 0xC0, 0x00, 0x00, 0x00, 0x07, 0x80, 0x00, 0x00, 0x00, 0x0F, 0x80, 0x00, 0x00, 0x00, 0x0F,
    0x00, 0x00, 0x00, 0x00, 0x1E, 0x00, 0x00, 0x00, 0x00, 0x1E, 0x00, 0x00, 0x00, 0x00, 0x3C, 0x00, 0x00, 0x00, 0x00, 0x78, 0x00, 0x00, 0x00, 0x00,
    0x78, 0x00, 0x00, 0x00, 0x00, 0xF0, 0x00, 0x00, 0x20, 0x00, 0xF0, 0x00, 0x00, 0x70, 0x01, 0xE0, 0x00, 0x00, 0xF0, 0x01, 0xE0, 0x00, 0x00, 0x78,
    0x03, 0xC0, 0x00, 0x00, 0x7C, 0x03, 0xC0, 0x00, 0x00, 0x3C, 0x03, 0x80, 0x00, 0x00, 0x1E, 0x07, 0x80, 0x00, 0x00, 0x1E, 0x07, 0x00, 0x00, 0x00,
    0x0F, 0x0F, 0x00, 0x00, 0x00, 0x0F, 0x0E, 0x00, 0x00, 0x00, 0x07, 0x8E, 0x00, 0x00, 0x00, 0x07, 0x9E, 0x00, 0x00, 0x00, 0x03, 0x9C, 0x00, 0x00,
    0x00, 0x03, 0xDC, 0x00, 0x00, 0x00, 0x01, 0xFC, 0x00, 0x00, 0x00, 0x01, 0xF8, 0x00, 0x00, 0x00, 0x00, 0xF8, 0x00, 0x00, 0x00, 0x00, 0xF8, 0x00,
    0x00, 0x00, 0x00, 0x10, 0x00, 0x38, 0x00, 0x7C, 0x00, 0xFE, 0x00, 0x3F, 0x00, 0x1F, 0x80, 0x0F, 0xC0, 0x07, 0xE0, 0x03, 0xF0, 0x01, 0xF8, 0x00,
    0xFC, 0x00, 0x78, 0x00, 0x30, 0x00, 0x20, 0x01, 0x00, 0x1F, 0xE0, 0x3F, 0xF0, 0x78, 0x78, 0x70, 0x1C, 0xE0, 0x1C, 0xC0, 0x0C, 0xC0, 0x0C, 0xC0,
    0x0C, 0xE0, 0x0C, 0xE0, 0x1C, 0x70, 0x38, 0x3C, 0xF8, 0x1F, 0xF0, 0x0F, 0xC0, 0x00, 0x80, 0x04, 0x00, 0x01, 0xE0, 0x07, 0x80, 0x01, 0xF0, 0x07,
    0xC0, 0x03, 0xF0, 0x0F, 0x80, 0x03, 0xE0, 0x0F, 0x80, 0x03, 0xE0, 0x0F, 0x80, 0x07, 0xC0, 0x1F, 0x00, 0x07, 0xC0, 0x1F, 0x00, 0x07, 0x80, 0x1E,
    0x00, 0x0F, 0x80, 0x3E, 0x00, 0x0F, 0x00, 0x3C, 0x00, 0x0F, 0x00, 0x3C, 0x00, 0x1E, 0x00, 0x78, 0x00, 0x1E, 0x00, 0x78, 0x00, 0x1E, 0x00, 0x70,
    0x00, 0x3C, 0x00, 0xF0, 0x00, 0x3C, 0x00, 0xF0, 0x00, 0x38, 0x00, 0xE0, 0x00, 0x78, 0x01, 0xE0, 0x00, 0x70, 0x01, 0xC0, 0x00, 0x70, 0x01, 0xC0,
    0x00, 0xE0, 0x03, 0x80, 0x00, 0xE0, 0x03, 0x80, 0x00, 0x40, 0x01, 0x00, 0x00, 0x00, 0x01, 0x80, 0x00, 0x00, 0x00, 0x01, 0xE0, 0x00, 0x00, 0x00,
    0x03, 0xC0, 0x00, 0x00, 0x00, 0x03, 0xC0, 0x00, 0x00, 0x00, 0x07, 0xC0, 0x00, 0x00, 0x00, 0x07, 0x80, 0x00, 0x00, 0x00, 0x07, 0x80, 0x00, 0x00,
    0x00, 0x0F, 0x00, 0x00, 0x00, 0x00, 0x0F, 0x00, 0x00, 0x00, 0x00, 0x1F, 0x00, 0x00, 0x00, 0x00, 0x1F, 0xFF, 0xFF, 0xC0, 0x00, 0x3F, 0xFF, 0xFF,
    0xE0, 0x00, 0x3F, 0xFF, 0xFF, 0xE0, 0x00, 0x7C, 0x00, 0x03, 0xC0, 0x00, 0x78, 0x00, 0x03, 0xC0, 0x00, 0xF8, 0x00, 0x07, 0xC0, 0x00, 0xF0, 0x00,
    0x07, 0x80, 0x01, 0xF0, 0x00, 0x0F, 0x80, 0x03, 0xE0, 0x00, 0x0F, 0x00, 0x03, 0xC0, 0x00, 0x1F, 0x00, 0x07, 0xC0, 0x00, 0x1E, 0x00, 0x0F, 0x80,
    0x00, 0x3C, 0x00, 0x1F, 0x00, 0x00, 0x7C, 0x00, 0x1F, 0x04, 0x00, 0x78, 0x00, 0x3E, 0x0E, 0x00, 0xF8, 0x00, 0x7C, 0x1F, 0x81, 0xF0, 0x00, 0xF8,
    0x1F, 0xE1, 0xE0, 0x00, 0x30, 0x07, 0xFB, 0xE0, 0x00, 0x00, 0x01, 0xFF, 0xC0, 0x00, 0x00, 0x00, 0xFF, 0x80, 0x00, 0x00, 0x00, 0x3F, 0x80, 0x00,
    0x00, 0x00, 0x0F, 0xE0, 0x00, 0x00, 0x00, 0x07, 0xF0, 0x00, 0x00, 0x00, 0x01, 0xF8, 0x00, 0x00, 0x00, 0x00, 0xFC, 0x00, 0x00, 0x00, 0x00, 0x7F,
    0x00, 0x00, 0x00, 0x00, 0x3E, 0x00, 0x00, 0x00, 0x00, 0x0C, 0x00, 0x00, 0x00, 0x00, 0x04, 0x00, 0x00, 0x00, 0x3F, 0xC0, 0x00, 0x00, 0x00, 0x03,
    0xFF, 0xFC, 0x00, 0x00, 0x00, 0x0F, 0xFF, 0xFF, 0x00, 0x00, 0x00, 0x3F, 0xFF, 0xFF, 0xC0, 0x00, 0x00, 0x7F, 0x80, 0x1F, 0xE0, 0x00, 0x00, 0xFC,
    0x00, 0x03, 0xF0, 0x00, 0x01, 0xF8, 0x00, 0x01, 0xF8, 0x00, 0x03, 0xE0, 0x00, 0x00, 0x7C, 0x00, 0x07, 0xC0, 0x00, 0x00, 0x3E, 0x00, 0x0F, 0x80,
    0x00, 0x00, 0x1F, 0x00, 0x1F, 0x00, 0x00, 0x00, 0x0F, 0x00, 0x1E, 0x00, 0x00, 0x00, 0x07, 0x80, 0x3E, 0x00, 0x00, 0x00, 0x07, 0xC0, 0x3C, 0x00,
    0x00, 0x00, 0x03, 0xC0, 0x3C, 0x00, 0x00, 0x00, 0x03, 0xC0, 0x78, 0x00, 0x00, 0x00, 0x01, 0xE0, 0x78, 0x00, 0x00, 0x00, 0x01, 0xE0, 0x78, 0x00,
    0x00, 0x00, 0x01, 0xE0, 0x70, 0x00, 0x00, 0x00, 0x00, 0xE0, 0xF0, 0x00, 0x00, 0x00, 0x00, 0xF0, 0xF0, 0x00, 0x00, 0x00, 0x00, 0xF0, 0xF0, 0x00,
    0x00, 0x00, 0x00, 0xF0, 0xF0, 0x00, 0x00, 0x00, 0x00, 0xF0, 0xF0, 0x00, 0x00, 0x00, 0x00, 0xF0, 0xF0, 0x00, 0x00, 0x00, 0x00, 0xE0, 0x70, 0x00,
    0x00, 0x00, 0x00, 0xE0, 0x78, 0x00, 0x00, 0x00, 0x01, 0xE0, 0x78, 0x00, 0x00, 0x00, 0x01, 0xE0, 0x78, 0x00, 0x00, 0x00, 0x01, 0xE0, 0x3C, 0x00,
    0x00, 0x00, 0x03, 0xC0, 0x3C, 0x00, 0x00, 0x00, 0x03, 0xC0, 0x1E, 0x00, 0x00, 0x00, 0x07, 0x80, 0x1F, 0x00, 0x00, 0x00, 0x0F, 0x80, 0x0F, 0x00,
    0x00, 0x00, 0x0F, 0x00, 0x0F, 0x80, 0x00, 0x00, 0x1E, 0x00, 0x07, 0xC0, 0x00, 0x00, 0x3E, 0x00, 0x03, 0xF0, 0x00, 0x00, 0xFC, 0x00, 0x01, 0xF8,
    0x00, 0x01, 0xF8, 0x00, 0x00, 0xFE, 0x00, 0x07, 0xF0, 0x00, 0x00, 0x3F, 0xF0, 0xFF, 0xC0, 0x00, 0x00, 0x1F, 0xFF, 0xFF, 0x80, 0x00, 0x00, 0x07,
    0xFF, 0xFE, 0x00, 0x00, 0x00, 0x00, 0xFF, 0xF0, 0x00, 0x00, 0x00, 0x02, 0x00, 0x00, 0x03, 0xC0, 0x00, 0x07, 0x80, 0x00, 0x0F, 0x00, 0x00, 0x0F,
    0x00, 0x00, 0x1E, 0x00, 0x00, 0x1E, 0x00, 0x00, 0x3C, 0x00, 0x00, 0x78, 0x00, 0x00, 0x78, 0x00, 0x00, 0xF0, 0x00, 0x01, 0xE0, 0x00, 0x01, 0xE0,
    0x00, 0x03, 0xC0, 0x00, 0x07, 0x80, 0x00, 0x07, 0x80, 0x00, 0x0F, 0x00, 0x00, 0x0E, 0x00, 0x00, 0x1E, 0x00, 0x00, 0x3C, 0x00, 0x00, 0x3C, 0x00,
    0x00, 0x78, 0x00, 0x00, 0xF0, 0x00, 0x00, 0x78, 0x00, 0x00, 0x78, 0x00, 0x00, 0x3C, 0x00, 0x00, 0x1C, 0x00, 0x00, 0x1E, 0x00, 0x00, 0x0F, 0x00,
    0x00, 0x0F, 0x00, 0x00, 0x07, 0x80, 0x00, 0x03, 0xC0, 0x00, 0x03, 0xC0, 0x00, 0x01, 0xE0, 0x00, 0x00, 0xF0, 0x00, 0x00, 0xF0, 0x00, 0x00, 0x78,
    0x00, 0x00, 0x3C, 0x00, 0x00, 0x3C, 0x00, 0x00, 0x1E, 0x00, 0x00, 0x0E, 0x00, 0x00, 0x0F, 0x00, 0x00, 0x07, 0x80, 0x00, 0x07, 0xC0, 0x00, 0x03,
    0x00, 0x10, 0x00, 0x00, 0xF0, 0x00, 0x00, 0x78, 0x00, 0x00, 0x38, 0x00, 0x00, 0x3C, 0x00, 0x00, 0x1E, 0x00, 0x00, 0x0E, 0x00, 0x00, 0x0F, 0x00,
    0x00, 0x07, 0x80, 0x00, 0x07, 0x80, 0x00, 0x03, 0xC0, 0x00, 0x01, 0xE0, 0x00, 0x01, 0xE0, 0x00, 0x00, 0xF0, 0x00, 0x00, 0x78, 0x00, 0x00, 0x78,
    0x00, 0x00, 0x3C, 0x00, 0x00, 0x1C, 0x00, 0x00, 0x1E, 0x00, 0x00, 0x0F, 0x00, 0x00, 0x0F, 0x00, 0x00, 0x07, 0x80, 0x00, 0x03, 0xC0, 0x00, 0x07,
    0x80, 0x00, 0x07, 0x80, 0x00, 0x0F, 0x00, 0x00, 0x0E, 0x00, 0x00, 0x1E, 0x00, 0x00, 0x3C, 0x00, 0x00, 0x3C, 0x00, 0x00, 0x78, 0x00, 0x00, 0xF0,
    0x00, 0x00, 0xF0, 0x00, 0x01, 0xE0, 0x00, 0x03, 0xC0, 0x00, 0x03, 0xC0, 0x00, 0x07, 0x80, 0x00, 0x0F, 0x00, 0x00, 0x0F, 0x00, 0x00, 0x1E, 0x00,
    0x00, 0x1C, 0x00, 0x00, 0x3C, 0x00, 0x00, 0x78, 0x00, 0x00, 0xF8, 0x00, 0x00, 0x30, 0x00, 0x00, 0x00, 0x10, 0x20, 0x00, 0x1C, 0x38, 0x00, 0x38,
    0x38, 0x00, 0x38, 0x70, 0x00, 0x70, 0x70, 0x00, 0x70, 0xE0, 0x00, 0xE0, 0xE0, 0x00, 0xE1, 0xC0, 0x01, 0xC1, 0xC0, 0x01, 0xC3, 0x80, 0x03, 0x83,
    0x80, 0x03, 0x87, 0x00, 0x07, 0x07, 0x00, 0x07, 0x0E, 0x00, 0x0E, 0x0E, 0x00, 0x0E, 0x1C, 0x00, 0x1C, 0x1C, 0x00, 0x1C, 0x38, 0x00, 0x38, 0x38,
    0x00, 0x38, 0x30, 0x00, 0x70, 0x70, 0x00, 0x70, 0x70, 0x00, 0xE0, 0xE0, 0x00, 0x70, 0xE0, 0x00, 0x70, 0x70, 0x00, 0x38, 0x70, 0x00, 0x38, 0x38,
    0x00, 0x1C, 0x38, 0x00, 0x1C, 0x1C, 0x00, 0x0E, 0x1C, 0x00, 0x0E, 0x0E, 0x00, 0x07, 0x0E, 0x00, 0x07, 0x07, 0x00, 0x03, 0x07, 0x00, 0x03, 0x83,
    0x80, 0x03, 0x83, 0x80, 0x01, 0xC1, 0xC0, 0x01, 0xC1, 0xC0, 0x00, 0xE1, 0xC0, 0x00, 0xE0, 0xE0, 0x00, 0x70, 0xE0, 0x00, 0x70, 0x70, 0x00, 0x38,
    0x70, 0x00, 0x38, 0x38, 0x00, 0x1C, 0x38, 0x20, 0x40, 0x00, 0xE1, 0xC0, 0x00, 0xE0, 0xE0, 0x00, 0x70, 0xE0, 0x00, 0x70, 0x70, 0x00, 0x38, 0x70,
    0x00, 0x38, 0x38, 0x00, 0x1C, 0x38, 0x00, 0x1C, 0x1C, 0x00, 0x0E, 0x1C, 0x00, 0x0E, 0x0E, 0x00, 0x07, 0x0E, 0x00, 0x07, 0x07, 0x00, 0x03, 0x87,
    0x00, 0x03, 0x83, 0x80, 0x01, 0xC3, 0x80, 0x01, 0xC1, 0xC0, 0x00, 0xC1, 0xC0, 0x00, 0xE0, 0xE0, 0x00, 0xE0, 0xE0, 0x00, 0x70, 0x70, 0x00, 0x70,
    0x70, 0x00, 0x38, 0x38, 0x00, 0x38, 0x70, 0x00, 0x70, 0x70, 0x00, 0x70, 0xE0, 0x00, 0xE0, 0xE0, 0x00, 0xE1, 0xC0, 0x01, 0xC1, 0xC0, 0x01, 0xC3,
    0x80, 0x03, 0x83, 0x80, 0x03, 0x87, 0x00, 0x07, 0x07, 0x00, 0x07, 0x0E, 0x00, 0x0E, 0x0E, 0x00, 0x0E, 0x0E, 0x00, 0x1C, 0x1C, 0x00, 0x1C, 0x1C,
    0x00, 0x3C, 0x38, 0x00, 0x38, 0x38, 0x00, 0x38, 0x70, 0x00, 0x70, 0x70, 0x00, 0x70, 0xE0, 0x00, 0xE0, 0xE0, 0x00, 0xE1, 0xC0, 0x00, 0xFF, 0xFE,
    0xFF, 0xFE, 0xFF, 0xFE, 0xFF, 0xFE, 0xF0, 0x00, 0xF0, 0x00, 0xF0, 0x00, 0xF0, 0x00, 0xF0, 0x00, 0xF0, 0x00, 0xF0, 0x00, 0xF0, 0x00, 0xF0, 0x00,
    0xF0, 0x00, 0xF0, 0x00, 0xF0, 0x00, 0xF0, 0x00, 0xF0, 0x00, 0xF0, 0x00, 0xF0, 0x00, 0xF0, 0x00, 0xF0, 0x00, 0xF0, 0x00, 0xF0, 0x00, 0xF0, 0x00,
    0xF0, 0x00, 0xF0, 0x00, 0xF0, 0x00, 0xF0, 0x00, 0xF0, 0x00, 0xF0, 0x00, 0x00, 0x1E, 0x00, 0x1E, 0x00, 0x1E, 0x00, 0x1E, 0x00, 0x1E, 0x00, 0x1E,
    0x00, 0x1E, 0x00, 0x1E, 0x00, 0x1E, 0x00, 0x1E, 0x00, 0x1E, 0x00, 0x1E, 0x00, 0x1E, 0x00, 0x1E, 0x00, 0x1E, 0x00, 0x1E, 0x00, 0x1E, 0x00, 0x1E,
    0x00, 0x1E, 0x00, 0x1E, 0x00, 0x1E, 0x00, 0x1E, 0x00, 0x1E, 0x00, 0x1E, 0x00, 0x1E, 0x00, 0x1E, 0x00, 0x1E, 0x00, 0x1E, 0xFF, 0xFE, 0xFF, 0xFE,
    0xFF, 0xFE, 0xFF, 0xFF, 0x80, 0xFF, 0xFF, 0x80, 0x80, 0x00, 0x80, 0x80, 0x00, 0x80, 0x80, 0x00, 0x80, 0x80, 0x00, 0x80, 0x83, 0xFF, 0x80, 0x83,
    0xFF, 0x80, 0x83, 0x00, 0x00, 0x83, 0x00, 0x00, 0x83, 0x00, 0x00, 0x83, 0x00, 0x00, 0x83, 0x00, 0x00, 0x83, 0x00, 0x00, 0x83, 0x00, 0x00, 0x83,
    0x00, 0x00, 0x83, 0x00, 0x00, 0x83, 0x00, 0x00, 0x83, 0x00, 0x00, 0x83, 0x00, 0x00, 0x83, 0x00, 0x00, 0x83, 0x00, 0x00, 0x83, 0x00, 0x00, 0x83,
    0x00, 0x00, 0x83, 0x00, 0x00, 0x83, 0x00, 0x00, 0x83, 0x00, 0x00, 0x83, 0x00, 0x00, 0x83, 0x00, 0x00, 0x83, 0x00, 0x00, 0x83, 0x00, 0x00, 0xFF,
    0x00, 0x00, 0x00, 0x7F, 0x80, 0x00, 0x7F, 0x80, 0x00, 0x60, 0x80, 0x00, 0x60, 0x80, 0x00, 0x60, 0x80, 0x00, 0x60, 0x80, 0x00, 0x60, 0x80, 0x00,
    0x60, 0x80, 0x00, 0x60, 0x80, 0x00, 0x60, 0x80, 0x00, 0x60, 0x80, 0x00, 0x60, 0x80, 0x00, 0x60, 0x80, 0x00, 0x60, 0x80, 0x00, 0x60, 0x80, 0x00,
    0x60, 0x80, 0x00, 0x60, 0x80, 0x00, 0x60, 0x80, 0x00, 0x60, 0x80, 0x00, 0x60, 0x80, 0x00, 0x60, 0x80, 0x00, 0x60, 0x80, 0x00, 0x60, 0x80, 0x00,
    0x60, 0x80, 0x00, 0x60, 0x80, 0xFF, 0xE0, 0x80, 0x80, 0x00, 0x80, 0x80, 0x00, 0x80, 0x80, 0x00, 0x80, 0x80, 0x00, 0x80, 0x80, 0x00, 0x80, 0xFF,
    0xFF, 0x80, 0xFF, 0xFC, 0xFF, 0xF8, 0xFF, 0xF0, 0xFF, 0xF0, 0xFF, 0xE0, 0xFF, 0xC0, 0xFF, 0x80, 0xFF, 0x80, 0xFF, 0x00, 0xFF, 0x00, 0xFE, 0x00,
    0xFE, 0x00, 0xFE, 0x00, 0xFC, 0x00, 0xFC, 0x00, 0xFC, 0x00, 0xF8, 0x00, 0xF8, 0x00, 0xF8, 0x00, 0xF8, 0x00, 0xF8, 0x00, 0xF8, 0x00, 0xF8, 0x00,
    0xF8, 0x00, 0xF8, 0x00, 0xF8, 0x00, 0xF8, 0x00, 0xF8, 0x00, 0xF8, 0x00, 0xFC, 0x00, 0xFC, 0x00, 0xFC, 0x00, 0xFC, 0x00, 0xFE, 0x00, 0xFE, 0x00,
    0xFF, 0x00, 0xFF, 0x00, 0xFF, 0x80, 0xFF, 0x80, 0xFF, 0xC0, 0xFF, 0xC0, 0xFF, 0xE0, 0xFF, 0xF0, 0xFF, 0xF8, 0xFF, 0xFC, 0xFF, 0xFC, 0x7F, 0xFC,
    0x3F, 0xFC, 0x3F, 0xFC, 0x1F, 0xFC, 0x0F, 0xFC, 0x07, 0xFC, 0x07, 0xFC, 0x03, 0xFC, 0x03, 0xFC, 0x01, 0xFC, 0x01, 0xFC, 0x01, 0xFC, 0x00, 0xFC,
    0x00, 0xFC, 0x00, 0xFC, 0x00, 0x7C, 0x00, 0x7C, 0x00, 0x7C, 0x00, 0x7C, 0x00, 0x7C, 0x00, 0x7C, 0x00, 0x7C, 0x00, 0x7C, 0x00, 0x7C, 0x00, 0x7C,
    0x00, 0x7C, 0x00, 0x7C, 0x00, 0x7C, 0x00, 0xFC, 0x00, 0xFC, 0x00, 0xFC, 0x00, 0xFC, 0x01, 0xFC, 0x01, 0xFC, 0x03, 0xFC, 0x03, 0xFC, 0x07, 0xFC,
    0x07, 0xFC, 0x0F, 0xFC, 0x0F, 0xFC, 0x1F, 0xFC, 0x3F, 0xFC, 0x7F, 0xFC, 0xFF, 0xFC, 0x00, 0x20, 0x00, 0xF0, 0x03, 0xF0, 0x07, 0xC0, 0x1F, 0x80,
    0x3E, 0x00, 0xFC, 0x00, 0xF0, 0x00, 0xF0, 0x00, 0xF0, 0x00, 0xF0, 0x00, 0xF0, 0x00, 0xF0, 0x00, 0xF0, 0x00, 0xF0, 0x00, 0xF0, 0x00, 0xF0, 0x00,
    0xF0, 0x00, 0xF0, 0x00, 0xF0, 0x00, 0xF0, 0x00, 0xF0, 0x00, 0xF0, 0x00, 0xF0, 0x00, 0xF0, 0x00, 0xF0, 0x00, 0xF0, 0x00, 0xF0, 0x00, 0xF0, 0x00,
    0xF0, 0x00, 0xF0, 0x00, 0xF0, 0x00, 0xF0, 0x00, 0xF0, 0x00, 0xF0, 0x00, 0xF0, 0x00, 0xF0, 0x00, 0xF0, 0x00, 0xF8, 0x00, 0x7C, 0x00, 0x1F, 0x00,
    0x0F, 0xC0, 0x03, 0xE0, 0x01, 0xF0, 0x00, 0x60, 0x00, 0x20, 0x40, 0x00, 0xF0, 0x00, 0xFC, 0x00, 0x3E, 0x00, 0x1F, 0x80, 0x07, 0xC0, 0x03, 0xF0,
    0x00, 0xF0, 0x00, 0xF0, 0x00, 0xF0, 0x00, 0xF0, 0x00, 0xF0, 0x00, 0xF0, 0x00, 0xF0, 0x00, 0xF0, 0x00, 0xF0, 0x00, 0xF0, 0x00, 0xF0, 0x00, 0xF0,
    0x00, 0xF0, 0x00, 0xF0, 0x00, 0xF0, 0x00, 0xF0, 0x00, 0xF0, 0x00, 0xF0, 0x00, 0xF0, 0x00, 0xF0, 0x00, 0xF0, 0x00, 0xF0, 0x00, 0xF0, 0x00, 0xF0,
    0x00, 0xF0, 0x00, 0xF0, 0x00, 0xF0, 0x00, 0xF0, 0x00, 0xF0, 0x00, 0xF0, 0x00, 0xF0, 0x01, 0xF0, 0x03, 0xE0, 0x0F, 0x80, 0x3F, 0x00, 0x7C, 0x00,
    0xF8, 0x00, 0x60, 0x00, 0x40, 0x00, 0xFF, 0xFF, 0xFF, 0xFF, 0x80, 0x0C, 0x80, 0x10, 0x80, 0x20, 0x80, 0x40, 0x80, 0x80, 0x81, 0x00, 0x83, 0x00,
    0x82, 0x00, 0x86, 0x00, 0x84, 0x00, 0x8C, 0x00, 0x88, 0x00, 0x88, 0x00, 0x98, 0x00, 0x90, 0x00, 0x90, 0x00, 0x90, 0x00, 0x90, 0x00, 0x90, 0x00,
    0x90, 0x00, 0x90, 0x00, 0x90, 0x00, 0x90, 0x00, 0x90, 0x00, 0x90, 0x00, 0x90, 0x00, 0x90, 0x00, 0x90, 0x00, 0x88, 0x00, 0x88, 0x00, 0x88, 0x00,
    0x84, 0x00, 0x84, 0x00, 0x86, 0x00, 0x82, 0x00, 0x81, 0x00, 0x81, 0x80, 0x80, 0xC0, 0x80, 0x60, 0x80, 0x30, 0x80, 0x18, 0x80, 0x06, 0xFF, 0xFF,
    0xFF, 0xFF, 0xFF, 0xFF, 0x30, 0x01, 0x18, 0x01, 0x04, 0x01, 0x02, 0x01, 0x01, 0x01, 0x00, 0x81, 0x00, 0xC1, 0x00, 0x41, 0x00, 0x61, 0x00, 0x21,
    0x00, 0x31, 0x00, 0x11, 0x00, 0x11, 0x00, 0x19, 0x00, 0x09, 0x00, 0x09, 0x00, 0x09, 0x00, 0x09, 0x00, 0x09, 0x00, 0x09, 0x00, 0x09, 0x00, 0x09,
    0x00, 0x09, 0x00, 0x09, 0x00, 0x09, 0x00, 0x09, 0x00, 0x09, 0x00, 0x19, 0x00, 0x11, 0x00, 0x11, 0x00, 0x11, 0x00, 0x21, 0x00, 0x21, 0x00, 0x41,
    0x00, 0x41, 0x00, 0x81, 0x01, 0x81, 0x03, 0x01, 0x06, 0x01, 0x0C, 0x01, 0x18, 0x01, 0x60, 0x01, 0xFF, 0xFF, 0x00, 0x3C, 0x00, 0x00, 0x00, 0x00,
    0x01, 0xFF, 0xC0, 0x00, 0x00, 0x00, 0x07, 0xFF, 0xF0, 0x00, 0x00, 0x00, 0x0F, 0xFF, 0xF8, 0x00, 0x00, 0xC0, 0x1F, 0xC1, 0xFC, 0x00, 0x00, 0xE0,
    0x3F, 0x00, 0x7E, 0x00, 0x01, 0xF0, 0x7E, 0x00, 0x1F, 0x80, 0x03, 0xE0, 0x7C, 0x00, 0x0F, 0xC0, 0x07, 0xC0, 0xF8, 0x00, 0x07, 0xF0, 0x1F, 0x80,
    0x70, 0x00, 0x03, 0xFF, 0xFF, 0x80, 0x10, 0x00, 0x01, 0xFF, 0xFE, 0x00, 0x00, 0x00, 0x00, 0x7F, 0xFC, 0x00, 0x00, 0x00, 0x00, 0x1F, 0xF0, 0x00,
    0x3F, 0x00, 0x7F, 0x80, 0xFF, 0xC0, 0xFF, 0xC0, 0xFF, 0xC0, 0xFF, 0xC0, 0xFF, 0xC0, 0x7F, 0x80, 0x3F, 0x00, 0x1E, 0x00, 0x78, 0xFC, 0xFC, 0xFC,
    0xFC, 0x78, 0x00, 0x00, 0x00, 0x00, 0x00, 0x00, 0x00, 0x00, 0x00, 0x00, 0x00, 0x00, 0x00, 0x00, 0x00, 0x00, 0x00, 0x00, 0x78, 0xFC, 0xFC, 0xFC,
    0xFC, 0x78, 0xC0, 0xC0, 0xC0, 0xC0, 0xC0, 0xC0, 0xC0, 0xC0, 0xC0, 0xC0, 0xC0, 0xC0, 0xC0, 0xC0, 0xC0, 0xC0, 0xC0, 0xC0, 0xC0, 0xC0, 0xC0, 0xC0,
    0xC0, 0xC0, 0xC0, 0xC0, 0xC0, 0xC0, 0xC0, 0xC0, 0xC0, 0xC0, 0xC0, 0xC0, 0xC0, 0xC0, 0xC0, 0xC0, 0xC0, 0xC0, 0xC0, 0xC0, 0xC0, 0xC0, 0xC0, 0xC0,
    0xC0, 0xC0, 0xC0, 0xC0, 0xC0, 0xC0, 0xC0, 0xC0, 0xC0, 0xC0, 0xC0, 0xC0, 0xC0, 0xC0, 0xC0, 0xC0, 0xC0, 0xC0, 0xC0, 0xC0, 0xC0, 0xC0, 0xC0, 0xC0,
    0xC0, 0xC0, 0xC0, 0xC0, 0xC0, 0xC0, 0xC0, 0xC0, 0xC0, 0xC0, 0xC0, 0xC0, 0xC0, 0xC0, 0xC0, 0xC0, 0xC0, 0xC0, 0xC0, 0xC0, 0xC0, 0xC0, 0xC0, 0xC0,
    0xC0, 0xC0, 0xC0, 0xC0, 0xC0, 0xC0, 0xC0, 0xC0, 0xE0, 0xE0, 0x70, 0x70, 0x38, 0x38, 0x38, 0x38, 0x38, 0x30, 0x70, 0x60, 0xE0, 0xE0, 0xC0, 0xC0,
    0xE0, 0xE0, 0x70, 0x70, 0x38, 0x38, 0x38, 0x38, 0x38, 0x38, 0x70, 0x60, 0xE0, 0xE0, 0xC0, 0xC0, 0xE0, 0xE0, 0x70, 0x70, 0x38, 0x38, 0x38, 0x38,
    0x38, 0x30, 0x70, 0x60, 0xE0, 0xE0, 0xC0, 0x00, 0x00, 0x3F, 0xF0, 0x00, 0x00, 0x00, 0x03, 0xFF, 0xFF, 0x00, 0x00, 0x00, 0x1F, 0xFF, 0xFF, 0xE0,
    0x00, 0x00, 0x7F, 0xFF, 0xFF, 0xF8, 0x00, 0x01, 0xFF, 0x00, 0x03, 0xFE, 0x00, 0x07, 0xF8, 0x00, 0x00, 0x7F, 0x80, 0x0F, 0xC0, 0x00, 0x00, 0x0F,
    0xC0, 0x1F, 0x00, 0x00, 0x00, 0x03, 0xE0, 0x7E, 0x00, 0x00, 0x00, 0x01, 0xF8, 0xF8, 0x00, 0x00, 0x00, 0x00, 0x7C, 0x70, 0x00, 0x00, 0x00, 0x00,
    0x38, 0x60, 0x00, 0x00, 0x00, 0x00, 0x18, 0x40, 0x00, 0x00, 0x00, 0x00, 0x08, 0x40, 0x00, 0x00, 0x00, 0x00, 0x08, 0x60, 0x00, 0x00, 0x00, 0x00,
    0x18, 0xF8, 0x00, 0x00, 0x00, 0x00, 0x7C, 0x7C, 0x00, 0x00, 0x00, 0x00, 0xF8, 0x3E, 0x00, 0x00, 0x00, 0x01, 0xF0, 0x1F, 0x80, 0x00, 0x00, 0x07,
    0xE0, 0x07, 0xE0, 0x00, 0x00, 0x1F, 0xC0, 0x03, 0xFC, 0x00, 0x00, 0xFF, 0x00, 0x00, 0xFF, 0xC0, 0x0F, 0xFC, 0x00, 0x00, 0x3F, 0xFF, 0xFF, 0xF0,
    0x00, 0x00, 0x0F, 0xFF, 0xFF, 0xC0, 0x00, 0x00, 0x01, 0xFF, 0xFE, 0x00, 0x00, 0x00, 0x00, 0x03, 0x00, 0x00, 0x00, 0x00, 0x00, 0x07, 0x80, 0x00,
    0x00, 0x00, 0x00, 0x07, 0x80, 0x00, 0x00, 0x00, 0x00, 0x0F, 0xC0, 0x00, 0x00, 0x1F, 0xFF, 0xFF, 0xFF, 0xFF, 0xF0, 0x7F, 0xFF, 0xFC, 0xFF, 0xFF,
    0xF8, 0x7F, 0xFF, 0xF8, 0x7F, 0xFF, 0xF8, 0xF0, 0x00, 0x00, 0x00, 0x00, 0x3C, 0xE0, 0x00, 0x00, 0x00, 0x00, 0x1C, 0xE0, 0x00, 0x00, 0x00, 0x00,
    0x1C, 0xE0, 0x00, 0x00, 0x00, 0x00, 0x1C, 0xE0, 0x00, 0x00, 0x00, 0x00, 0x1C, 0xE0, 0x00, 0x00, 0x00, 0x00, 0x1C, 0xE0, 0x00, 0x00, 0x00, 0x00,
    0x1C, 0xE0, 0x00, 0x00, 0x00, 0x00, 0x1C, 0xE0, 0x00, 0x00, 0x00, 0x00, 0x1C, 0xE0, 0x00, 0x00, 0x00, 0x00, 0x1C, 0x7C, 0x1F, 0xE0, 0x1F, 0xE0,
    0xF8, 0x7F, 0xFF, 0xFC, 0xFF, 0xFF, 0xF8, 0x3F, 0xFF, 0xFD, 0xFF, 0xFF, 0xF0, 0x0F, 0xFF, 0xBF, 0xF7, 0xFF, 0xC0, 0x00, 0x00, 0x0F, 0xC0, 0x00,
    0x00, 0x00, 0x00, 0x07, 0x80, 0x00, 0x00, 0x00, 0x00, 0x03, 0x00, 0x00, 0x00, 0x00, 0x00, 0x03, 0x00, 0x00, 0x00, 0x03, 0xFF, 0xFF, 0xFF, 0xFF,
    0x00, 0x03, 0xFF, 0xFF, 0xFF, 0xFF, 0x00, 0x07, 0xFF, 0xFF, 0xFF, 0xFF, 0x80, 0x0F, 0x00, 0x00, 0x00, 0x03, 0xC0, 0x0E, 0x00, 0x00, 0x00, 0x01,
    0xC0, 0x1E, 0x00, 0x00, 0x00, 0x01, 0xE0, 0x1C, 0x00, 0x00, 0x00, 0x00, 0xE0, 0x38, 0x00, 0x00, 0x00, 0x00, 0x70, 0x78, 0x00, 0x00, 0x00, 0x00,
    0x78, 0x70, 0x00, 0x00, 0x00, 0x00, 0x38, 0xE0, 0x00, 0x00, 0x00, 0x00, 0x1C, 0x20, 0x00, 0x00, 0x00, 0x00, 0x10, 0x60, 0x00, 0x00, 0x00, 0x00,
    0x18, 0xF0, 0x00, 0x00, 0x00, 0x00, 0x3C, 0x70, 0x00, 0x00, 0x00, 0x00, 0x38, 0x38, 0x00, 0x00, 0x00, 0x00, 0x70, 0x3C, 0x00, 0x00, 0x00, 0x00,
    0xF0, 0x1C, 0x00, 0x00, 0x00, 0x00, 0xE0, 0x1E, 0x00, 0x00, 0x00, 0x01, 0xE0, 0x0F, 0x00, 0x00, 0x00, 0x03, 0xC0, 0x07, 0xFF, 0xFF, 0xFF, 0xFF,
    0x80, 0x07, 0xFF, 0xFF, 0xFF, 0xFF, 0x80, 0x03, 0xFF, 0xFF, 0xFF, 0xFF, 0x00, 0x01, 0xFF, 0xFF, 0xFF, 0xFE, 0x00, 0xFF, 0xFF, 0xFF, 0xFF, 0xFF,
    0xF0, 0xFF, 0xFF, 0xFF, 0xFF, 0xFF, 0xF0, 0xFF, 0xFF, 0xFF, 0xFF, 0xFF, 0xF0, 0xFF, 0xFF, 0xFF, 0xFF, 0xFF, 0xF0, 0xFF, 0xFF, 0xFF, 0xFF, 0xFF,
    0xF0, 0xFF, 0xFC, 0x00, 0x03, 0xFF, 0xF0, 0xFF, 0xE0, 0x00, 0x00, 0x7F, 0xF0, 0xFF, 0x80, 0x00, 0x00, 0x1F, 0xF0, 0xFE, 0x00, 0x00, 0x00, 0x07,
    0xF0, 0xF8, 0x00, 0x00, 0x00, 0x01, 0xF0, 0xF0, 0x00, 0x00, 0x00, 0x00, 0xF0, 0xE0, 0x00, 0x00, 0x00, 0x00, 0x30, 0x80, 0x00, 0x00, 0x00, 0x00,
    0x10, 0x80, 0x00, 0x00, 0x00, 0x00, 0x10, 0x80, 0x00, 0x00, 0x00, 0x00, 0x10, 0x80, 0x00, 0x00, 0x00, 0x00, 0x10, 0xC0, 0x00, 0x00, 0x00, 0x00,
    0x30, 0xE0, 0x00, 0x00, 0x00, 0x00, 0x70, 0xF0, 0x00, 0x00, 0x00, 0x00, 0xF0, 0xFC, 0x00, 0x00, 0x00, 0x03, 0xF0, 0xFF, 0x00, 0x00, 0x00, 0x0F,
    0xF0, 0xFF, 0xC0, 0x00, 0x00, 0x3F, 0xF0, 0xFF, 0xF8, 0x00, 0x01, 0xFF, 0xF0, 0xFF, 0xFF, 0x80, 0x1F, 0xFF, 0xF0, 0xFF, 0xFF, 0xFF, 0xFF, 0xFF,
    0xF0, 0xFF, 0xFF, 0xFF, 0xFF, 0xFF, 0xF0, 0xFF, 0xFF, 0xFF, 0xFF, 0xFF, 0xF0, 0xFF, 0xFF, 0xFF, 0xFF, 0xFF, 0xF0, 0xFF, 0xFF, 0xFF, 0xFF, 0xFF,
    0xF0, 0x00, 0x00, 0x06, 0x00, 0x00, 0x00, 0x00, 0x00, 0x1F, 0x80, 0x00, 0x00, 0x00, 0x00, 0x7F, 0xE0, 0x00, 0x00, 0x00, 0x01, 0xF9, 0xF8, 0x00,
    0x00, 0x00, 0x07, 0xE0, 0x7E, 0x00, 0x00, 0x00, 0x1F, 0x80, 0x1F, 0x80, 0x00, 0x00, 0x7E, 0x00, 0x07, 0xE0, 0x00, 0x01, 0xF8, 0x00, 0x01, 0xF8,
    0x00, 0x07, 0xE0, 0x0F, 0x00, 0x7E, 0x00, 0x3F, 0x80, 0x3F, 0xC0, 0x1F, 0xC0, 0xFE, 0x00, 0xFF, 0xF0, 0x07, 0xF0, 0xF8, 0x03, 0xF0, 0xFC, 0x01,
    0xF0, 0xC0, 0x0F, 0xC0, 0x3F, 0x00, 0x70, 0x00, 0x3F, 0x00, 0x0F, 0xC0, 0x00, 0x00, 0xFC, 0x00, 0x03, 0xF0, 0x00, 0x03, 0xF0, 0x00, 0x00, 0xFC,
    0x00, 0x0F, 0xC0, 0x00, 0x00, 0x3F, 0x00, 0x3F, 0x00, 0x00, 0x00, 0x0F, 0xC0, 0xFC, 0x00, 0x00, 0x00, 0x03, 0xF0, 0xF0, 0x00, 0x00, 0x00, 0x00,
    0xF0, 0xC0, 0x00, 0x00, 0x00, 0x00, 0x30, 0x80, 0x00, 0x00, 0x00, 0x00, 0x10, 0xE0, 0x00, 0x00, 0x00, 0x00, 0x70, 0xF8, 0x00, 0x00, 0x00, 0x01,
    0xF0, 0xFE, 0x00, 0x00, 0x00, 0x07, 0xF0, 0x1F, 0x80, 0x00, 0x00, 0x1F, 0x80, 0x07, 0xE0, 0x00, 0x00, 0x7E, 0x00, 0x01, 0xF8, 0x00, 0x01, 0xF8,
    0x00, 0x00, 0x7E, 0x00, 0x07, 0xE0, 0x00, 0x80, 0x1F, 0x80, 0x1F, 0x80, 0x10, 0xF0, 0x07, 0xE0, 0x7E, 0x00, 0xF0, 0xFC, 0x01, 0xF9, 0xF8, 0x03,
    0xF0, 0x7F, 0x00, 0x7F, 0xE0, 0x0F, 0xE0, 0x1F, 0xC0, 0x1F, 0x80, 0x3F, 0x80, 0x03, 0xF0, 0x06, 0x00, 0xFC, 0x00, 0x00, 0xFC, 0x00, 0x03, 0xF0,
    0x00, 0x00, 0x3F, 0x00, 0x0F, 0xC0, 0x00, 0x00, 0x0F, 0xC0, 0x3F, 0x00, 0x00, 0x00, 0x03, 0xF0, 0xFC, 0x00, 0x00, 0x00, 0x00, 0xFF, 0xF0, 0x00,
    0x00, 0x00, 0x00, 0x3F, 0xC0, 0x00, 0x00, 0x00, 0x00, 0x0F, 0x00, 0x00, 0x00, 0x00, 0x00, 0x06, 0x00, 0x00, 0x00, 0x00, 0x00, 0x0F, 0x00, 0x00,
    0x00, 0x00, 0x00, 0x3F, 0xC0, 0x00, 0x00, 0x00, 0x00, 0xFF, 0xF0, 0x00, 0x00, 0x00, 0x01, 0xF9, 0xF8, 0x00, 0x00, 0x00, 0x07, 0xE0, 0x7E, 0x00,
    0x00, 0x00, 0x0F, 0xC0, 0x3F, 0x00, 0x00, 0x00, 0x3F, 0x00, 0x0F, 0xC0, 0x00, 0x00, 0x7E, 0x00, 0x07, 0xE0, 0x00, 0x01, 0xF8, 0x00, 0x01, 0xF8,
    0x00, 0x07, 0xF0, 0x00, 0x00, 0xFE, 0x00, 0x0F, 0xC0, 0x00, 0x00, 0x3F, 0x00, 0x3F, 0x00, 0x00, 0x00, 0x0F, 0xC0, 0x7E, 0x00, 0x00, 0x00, 0x07,
    0xE0, 0xF8, 0x00, 0x00, 0x00, 0x01, 0xF0, 0xF0, 0x00, 0x00, 0x00, 0x00, 0xF0, 0x40, 0x00, 0x00, 0x00, 0x00, 0x20, 0x40, 0x00, 0x00, 0x00, 0x00,
    0x20, 0xE0, 0x00, 0x00, 0x00, 0x00, 0x70, 0xF8, 0x00, 0x00, 0x00, 0x01, 0xF0, 0xFC, 0x00, 0x00, 0x00, 0x03, 0xF0, 0x3F, 0x00, 0x00, 0x00, 0x0F,
    0xC0, 0x1F, 0x80, 0x00, 0x00, 0x1F, 0x80, 0x07, 0xE0, 0x00, 0x00, 0x7E, 0x00, 0x03, 0xF0, 0x00, 0x00, 0xFC, 0x00, 0x00, 0xFC, 0x00, 0x03, 0xF0,
    0x00, 0x00, 0x7E, 0x00, 0x07, 0xE0, 0x00, 0x00, 0x1F, 0x80, 0x1F, 0x80, 0x00, 0x00, 0x0F, 0xE0, 0x7E, 0x00, 0x00, 0x00, 0x03, 0xF0, 0xFC, 0x00,
    0x00, 0x00, 0x00, 0xFF, 0xF0, 0x00, 0x00, 0x00, 0x00, 0x7F, 0xE0, 0x00, 0x00, 0x00, 0x00, 0x1F, 0x80, 0x00, 0x00, 0x00, 0x00, 0x0F, 0x00, 0x00,
    0x00, 0x00, 0x00, 0x02, 0x00, 0x00, 0x00, 0xFF, 0xFF, 0xFF, 0xFF, 0xC0, 0xFF, 0xFF, 0xFF, 0xFF, 0xC0, 0xFF, 0xFF, 0xFF, 0xFF, 0xC0, 0x00, 0x00,
    0x00, 0x03, 0xC0, 0x00, 0x00, 0x00, 0x03, 0xC0, 0x00, 0x00, 0x00, 0x03, 0xC0, 0x00, 0x00, 0x00, 0x03, 0xC0, 0x00, 0x00, 0x00, 0x03, 0xC0, 0x00,
    0x00, 0x00, 0x03, 0xC0, 0x00, 0x00, 0x00, 0x03, 0xC0, 0x00, 0x00, 0x00, 0x03, 0xC0, 0x00, 0x00, 0x00, 0x03, 0xC0, 0x00, 0x00, 0x00, 0x03, 0xC0,
    0x00, 0x00, 0x00, 0x03, 0xC0, 0x00, 0x00, 0x00, 0x03, 0xC0, 0xF0, 0x00, 0x00, 0x00, 0x00, 0xF0, 0x00, 0x00, 0x00, 0x00, 0xF0, 0x00, 0x00, 0x00,
    0x00, 0xF0, 0x00, 0x00, 0x00, 0x00, 0xF0, 0x00, 0x00, 0x00, 0x00, 0xF0, 0x00, 0x00, 0x00, 0x00, 0xF0, 0x00, 0x00, 0x00, 0x00, 0xF0, 0x00, 0x00,
    0x00, 0x00, 0xF0, 0x00, 0x00, 0x00, 0x00, 0xF0, 0x00, 0x00, 0x00, 0x00, 0xF0, 0x00, 0x00, 0x00, 0x00, 0xFF, 0xFF, 0xFF, 0xFF, 0xC0, 0xFF, 0xFF,
    0xFF, 0xFF, 0xC0, 0xFF, 0xFF, 0xFF, 0xFF, 0xC0, 0xFF, 0xFF, 0xFF, 0xFF, 0xC0, 0xFF, 0xFF, 0xFF, 0xFE, 0xFF, 0xFF, 0xFF, 0xFE, 0x80, 0x00, 0x00,
    0x02, 0x80, 0x00, 0x00, 0x02, 0x80, 0x00, 0x00, 0x02, 0x80, 0x00, 0x00, 0x02, 0xFF, 0xFF, 0xFF, 0x82, 0xFF, 0xFF, 0xFF, 0x82, 0x00, 0x00, 0x01,
    0x82, 0x00, 0x00, 0x01, 0x82, 0x00, 0x00, 0x01, 0x82, 0x00, 0x00, 0x01, 0x82, 0x00, 0x00, 0x01, 0x82, 0x00, 0x00, 0x01, 0x82, 0x00, 0x00, 0x01,
    0x82, 0x00, 0x00, 0x01, 0x82, 0x00, 0x00, 0x01, 0xFE, 0xFF, 0x00, 0x00, 0x00, 0xFF, 0x00, 0x00, 0x00, 0x83, 0x00, 0x00, 0x00, 0x83, 0x00, 0x00,
    0x00, 0x83, 0x00, 0x00, 0x00, 0x83, 0x00, 0x00, 0x00, 0x83, 0x00, 0x00, 0x00, 0x83, 0x00, 0x00, 0x00, 0x83, 0x00, 0x00, 0x00, 0x83, 0x00, 0x00,
    0x00, 0x83, 0xFF, 0xFF, 0xFE, 0x80, 0x00, 0x00, 0x02, 0x80, 0x00, 0x00, 0x02, 0x80, 0x00, 0x00, 0x02, 0x80, 0x00, 0x00, 0x02, 0x80, 0x00, 0x00,
    0x02, 0xFF, 0xFF, 0xFF, 0xFE, 0x40, 0x00, 0x00, 0x00, 0x78, 0x00, 0x00, 0x00, 0xFF, 0x00, 0x00, 0x00, 0x7F, 0xE0, 0x00, 0x00, 0x3F, 0xF8, 0x00,
    0x00, 0x0F, 0xFE, 0x00, 0x00, 0x07, 0xFF, 0x80, 0x00, 0x03, 0xFF, 0xE0, 0x00, 0x01, 0xFF, 0xF8, 0x00, 0x00, 0xFF, 0xFC, 0x00, 0x00, 0x7F, 0xFF,
    0x00, 0x00, 0x3F, 0xFF, 0x80, 0x00, 0x1F, 0xFF, 0xC0, 0x00, 0x0F, 0xFF, 0xE0, 0x00, 0x0F, 0xFF, 0xF0, 0x00, 0x07, 0xFF, 0xF0, 0x00, 0x03, 0xFF,
    0xF8, 0x00, 0x01, 0xFF, 0xFC, 0x00, 0x01, 0xFF, 0xFC, 0x00, 0x00, 0xFF, 0xFE, 0x00, 0x00, 0x7F, 0xFE, 0x00, 0x00, 0x7F, 0xFE, 0x00, 0x00, 0x3F,
    0xFE, 0x00, 0x00, 0x3F, 0xFF, 0x00, 0x00, 0x1F, 0xFF, 0x00, 0x00, 0x1F, 0xFF, 0x00, 0x00, 0x0F, 0xFF, 0x00, 0x00, 0x0F, 0xFF, 0x00, 0x00, 0x0F,
    0xFE, 0x00, 0x00, 0x07, 0xFE, 0x00, 0x00, 0x03, 0xFC, 0x00, 0x00, 0x01, 0xF8, 0x00, 0x00, 0x00, 0x60, 0x40, 0x00, 0x00, 0x00, 0x78, 0x00, 0x00,
    0x00, 0xFF, 0x00, 0x00, 0x00, 0xE7, 0xE0, 0x00, 0x00, 0x70, 0xF8, 0x00, 0x00, 0x18, 0x3E, 0x00, 0x00, 0x0C, 0x0F, 0x80, 0x00, 0x06, 0x03, 0xE0,
    0x00, 0x03, 0x00, 0xF0, 0x00, 0x03, 0x80, 0x7C, 0x00, 0x01, 0xC0, 0x1E, 0x00, 0x00, 0xE0, 0x0F, 0x00, 0x00, 0x70, 0x07, 0x80, 0x00, 0x38, 0x03,
    0xC0, 0x00, 0x38, 0x01, 0xE0, 0x00, 0x1C, 0x00, 0xE0, 0x00, 0x0E, 0x00, 0x70, 0x00, 0x0E, 0x00, 0x38, 0x00, 0x07, 0x00, 0x38, 0x00, 0x03, 0x80,
    0x1C, 0x00, 0x03, 0x80, 0x1C, 0x00, 0x01, 0xC0, 0x0C, 0x00, 0x00, 0xC0, 0x0C, 0x00, 0x00, 0xE0, 0x0E, 0x00, 0x00, 0x60, 0x0E, 0x00, 0x00, 0x70,
    0x0E, 0x00, 0x00, 0x38, 0x0E, 0x00, 0x00, 0x38, 0x0E, 0x00, 0x00, 0x1C, 0x1C, 0x00, 0x00, 0x0E, 0x3C, 0x00, 0x00, 0x07, 0xF8, 0x00, 0x00, 0x03,
    0xF0, 0xFF, 0xFF, 0xFF, 0xFF, 0xFF, 0xF0, 0xFF, 0xFF, 0xFF, 0xFF, 0xFF, 0xF0, 0xFF, 0xFF, 0xFF, 0xFF, 0xFF, 0xF0, 0xC0, 0x00, 0x00, 0x00, 0x00,
    0x30, 0xC0, 0x00, 0x00, 0x00, 0x00, 0x30, 0xC0, 0x00, 0x00, 0x00, 0x00, 0x30, 0xC0, 0x00, 0x00, 0x00, 0x00, 0x30, 0xC0, 0x00, 0x00, 0x00, 0x00,
    0x30, 0xC0, 0x00, 0x00, 0x00, 0x00, 0x30, 0xC0, 0x00, 0x00, 0x00, 0x00, 0x30, 0xC0, 0x00, 0x00, 0x00, 0x00, 0x30, 0xC0, 0x00, 0x00, 0x00, 0x00,
    0x30, 0xC0, 0x00, 0x00, 0x00, 0x00, 0x30, 0xC0, 0x00, 0x00, 0x00, 0x00, 0x30, 0xC0, 0x00, 0x00, 0x00, 0x00, 0x30, 0xC0, 0x00, 0x00, 0x00, 0x00,
    0x30, 0xC0, 0x00, 0x00, 0x00, 0x00, 0x30, 0xC0, 0x00, 0x00, 0x00, 0x00, 0x30, 0xC0, 0x00, 0x00, 0x00, 0x00, 0x30, 0xC0, 0x00, 0x00, 0x00, 0x00,
    0x30, 0xC0, 0x00, 0x00, 0x00, 0x00, 0x30, 0xFF, 0xFF, 0xFF, 0xFF, 0xFF, 0xF0, 0xFF, 0xFF, 0xFF, 0xFF, 0xFF, 0xF0, 0xFF, 0xFF, 0xFF, 0xFF, 0xFF,
    0xF0, 0xFF, 0xFF, 0xFF, 0xFF, 0xFF, 0xF0, 0xFE, 0x3F, 0xC7, 0xF0, 0xFE, 0x3F, 0xC7, 0xF0, 0xFF, 0xC6, 0x3F, 0xF0, 0xFF, 0xC6, 0x3F, 0xF0, 0x80,
    0x01, 0x80, 0x01, 0x80, 0x01, 0xF0, 0x0F, 0xF0, 0x0F, 0xF0, 0x0F, 0xFC, 0x1F, 0xFC, 0x3F, 0xFC, 0x3F, 0x3F, 0xFC, 0x3F, 0xFC, 0x3F, 0xFC, 0x0F,
    0xF0, 0x0F, 0xF0, 0x0F, 0xF0, 0x03, 0xC0, 0x03, 0xC0, 0x03, 0xC0, 0x80, 0x01, 0x80, 0x01, 0x80, 0x01, 0xF0, 0x0F, 0xF0, 0x0F, 0xF0, 0x0F, 0xFC,
    0x1F, 0xFC, 0x3F, 0xFC, 0x3F, 0x3F, 0xFC, 0x3F, 0xFC, 0x3F, 0xFC, 0x0F, 0xF0, 0x0F, 0xF0, 0x0F, 0xF0, 0x03, 0xC0, 0x03, 0xC0, 0x03, 0xC0, 0xE0,
    0x07, 0xE0, 0x07, 0xE0, 0x07, 0xF8, 0x1F, 0xF8, 0x1F, 0xF8, 0x1F, 0x7F, 0xFE, 0x7F, 0xFE, 0x7F, 0xFE, 0x1F, 0xF8, 0x1F, 0xF8, 0x1F, 0xF8, 0x07,
    0xE0, 0x07, 0xE0, 0x07, 0xE0, 0xFE, 0x3F, 0xC7, 0xF0, 0xFE, 0x3F, 0xC7, 0xF0, 0xFF, 0xC6, 0x3F, 0xF0, 0xFF, 0xC6, 0x3F, 0xF0, 0xE0, 0x07, 0xE0,
    0x07, 0xE0, 0x07, 0xF8, 0x1F, 0xF8, 0x1F, 0xF8, 0x1F, 0x7F, 0xFE, 0x7F, 0xFE, 0x7F, 0xFE, 0x1F, 0xF8, 0x1F, 0xF8, 0x1F, 0xF8, 0x07, 0xE0, 0x07,
    0xE0, 0x07, 0xE0, 0xFC, 0xFC, 0xFC, 0xFC, 0xFC, 0xFC, 0xFC, 0x78, 0x78, 0x78, 0x78, 0x78, 0x78, 0x78, 0x78, 0x78, 0x78, 0x78, 0x78, 0x78, 0x78,
    0x78, 0x78, 0x78, 0x00, 0x00, 0x00, 0x00, 0x00, 0x00, 0x78, 0xFC, 0xFC, 0xFC, 0xFC, 0x78, 0xF8, 0x1F, 0xF8, 0x1F, 0xF8, 0x1F, 0xF8, 0x1F, 0xF8,
    0x1F, 0xF8, 0x1F, 0xF8, 0x1F, 0xF8, 0x1F, 0xF8, 0x1F, 0xF0, 0x0F, 0x70, 0x0E, 0x70, 0x0E, 0x70, 0x0E, 0x70, 0x0E, 0x70, 0x0E, 0x70, 0x0E, 0x00,
    0x1C, 0x01, 0xC0, 0x00, 0x18, 0x01, 0x80, 0x00, 0x38, 0x03, 0x80, 0x00, 0x38, 0x03, 0x80, 0x00, 0x38, 0x03, 0x80, 0x00, 0x38, 0x03, 0x80, 0x00,
    0x38, 0x03, 0x80, 0x00, 0x38, 0x03, 0x80, 0x00, 0x38, 0x03, 0x80, 0x7F, 0xFF, 0xFF, 0xFF, 0x7F, 0xFF, 0xFF, 0xFF, 0x7F, 0xFF, 0xFF, 0xFF, 0x00,
    0x70, 0x07, 0x00, 0x00, 0x70, 0x07, 0x00, 0x00, 0x70, 0x07, 0x00, 0x00, 0x70, 0x07, 0x00, 0x00, 0x70, 0x07, 0x00, 0x00, 0x70, 0x06, 0x00, 0x00,
    0x60, 0x0E, 0x00, 0x00, 0xE0, 0x0E, 0x00, 0x00, 0xE0, 0x0E, 0x00, 0x00, 0xE0, 0x0E, 0x00, 0xFF, 0xFF, 0xFF, 0xFE, 0xFF, 0xFF, 0xFF, 0xFE, 0xFF,
    0xFF, 0xFF, 0xFE, 0x00, 0xE0, 0x0C, 0x00, 0x00, 0xC0, 0x1C, 0x00, 0x01, 0xC0, 0x1C, 0x00, 0x01, 0xC0, 0x1C, 0x00, 0x01, 0xC0, 0x1C, 0x00, 0x01,
    0xC0, 0x1C, 0x00, 0x01, 0xC0, 0x1C, 0x00, 0x01, 0xC0, 0x1C, 0x00, 0x01, 0xC0, 0x1C, 0x00, 0x01, 0x80, 0x18, 0x00, 0x03, 0x80, 0x38, 0x00, 0x00,
    0x0E, 0x00, 0x00, 0x00, 0x0E, 0x00, 0x00, 0x00, 0x0E, 0x00, 0x00, 0x00, 0x0E, 0x00, 0x00, 0x00, 0x0E, 0x00, 0x00, 0x00, 0x0E, 0x00, 0x00, 0x00,
    0x1F, 0x00, 0x00, 0x01, 0xFF, 0xE0, 0x00, 0x07, 0xFF, 0xF8, 0x00, 0x0F, 0xFF, 0xFE, 0x00, 0x1F, 0xC0, 0x7F, 0x00, 0x3F, 0x00, 0x1F, 0x80, 0x3E,
    0x00, 0x07, 0x00, 0x3C, 0x00, 0x02, 0x00, 0x7C, 0x00, 0x00, 0x00, 0x7C, 0x00, 0x00, 0x00, 0x7C, 0x00, 0x00, 0x00, 0x3C, 0x00, 0x00, 0x00, 0x3E,
    0x00, 0x00, 0x00, 0x3F, 0x80, 0x00, 0x00, 0x1F, 0xE0, 0x00, 0x00, 0x0F, 0xFC, 0x00, 0x00, 0x03, 0xFF, 0x00, 0x00, 0x01, 0xFF, 0xE0, 0x00, 0x00,
    0x3F, 0xF8, 0x00, 0x00, 0x0F, 0xFC, 0x00, 0x00, 0x01, 0xFE, 0x00, 0x00, 0x00, 0x7F, 0x00, 0x00, 0x00, 0x1F, 0x80, 0x00, 0x00, 0x0F, 0x80, 0x00,
    0x00, 0x07, 0xC0, 0x00, 0x00, 0x07, 0xC0, 0x00, 0x00, 0x07, 0xC0, 0x00, 0x00, 0x07, 0xC0, 0x40, 0x00, 0x07, 0xC0, 0x70, 0x00, 0x07, 0x80, 0xF8,
    0x00, 0x0F, 0x80, 0xFF, 0x00, 0x3F, 0x00, 0x7F, 0xFF, 0xFE, 0x00, 0x1F, 0xFF, 0xFC, 0x00, 0x07, 0xFF, 0xF8, 0x00, 0x00, 0xFF, 0xC0, 0x00, 0x00,
    0x0E, 0x00, 0x00, 0x00, 0x0E, 0x00, 0x00, 0x00, 0x0E, 0x00, 0x00, 0x00, 0x0E, 0x00, 0x00, 0x00, 0x0E, 0x00, 0x00, 0x00, 0x0E, 0x00, 0x00, 0x01,
    0x00, 0x00, 0x0E, 0x00, 0x0F, 0xF0, 0x00, 0x0E, 0x00, 0x1F, 0xF8, 0x00, 0x1C, 0x00, 0x3C, 0x7C, 0x00, 0x1C, 0x00, 0x78, 0x1C, 0x00, 0x38, 0x00,
    0x70, 0x1E, 0x00, 0x38, 0x00, 0xF0, 0x0E, 0x00, 0x70, 0x00, 0xE0, 0x0E, 0x00, 0xE0, 0x00, 0xE0, 0x0F, 0x00, 0xE0, 0x00, 0xE0, 0x0F, 0x01, 0xC0,
    0x00, 0xE0, 0x0F, 0x01, 0xC0, 0x00, 0xE0, 0x0F, 0x03, 0x80, 0x00, 0xE0, 0x0F, 0x03, 0x80, 0x00, 0xE0, 0x0F, 0x07, 0x00, 0x00, 0xE0, 0x0F, 0x07,
    0x00, 0x00, 0xE0, 0x0E, 0x0E, 0x07, 0xF0, 0xF0, 0x0E, 0x0E, 0x0F, 0xF8, 0x70, 0x1E, 0x1C, 0x1F, 0xFC, 0x78, 0x1C, 0x1C, 0x3C, 0x1E, 0x3C, 0x3C,
    0x38, 0x78, 0x0E, 0x3F, 0xF8, 0x38, 0x70, 0x0F, 0x0F, 0xF0, 0x70, 0x70, 0x07, 0x03, 0x80, 0xE0, 0x70, 0x07, 0x00, 0x00, 0xE0, 0xF0, 0x07, 0x00,
    0x01, 0xC0, 0xF0, 0x07, 0x00, 0x01, 0xC0, 0xF0, 0x07, 0x00, 0x03, 0x80, 0xF0, 0x07, 0x00, 0x03, 0x80, 0xF0, 0x07, 0x00, 0x07, 0x00, 0xF0, 0x07,
    0x00, 0x07, 0x00, 0x70, 0x07, 0x00, 0x0E, 0x00, 0x70, 0x0F, 0x00, 0x0E, 0x00, 0x78, 0x0E, 0x00, 0x1C, 0x00, 0x38, 0x1E, 0x00, 0x1C, 0x00, 0x3C,
    0x1E, 0x00, 0x38, 0x00, 0x1F, 0xFC, 0x00, 0x38, 0x00, 0x0F, 0xF8, 0x00, 0x70, 0x00, 0x03, 0xE0, 0x00, 0x1E, 0x00, 0x00, 0x00, 0xFF, 0xC0, 0x00,
    0x01, 0xFF, 0xE0, 0x00, 0x03, 0xF3, 0xF0, 0x00, 0x03, 0xC0, 0xF0, 0x00, 0x07, 0x80, 0x78, 0x00, 0x07, 0x80, 0x78, 0x00, 0x07, 0x00, 0x78, 0x00,
    0x07, 0x00, 0x78, 0x00, 0x07, 0x00, 0x70, 0x00, 0x07, 0x80, 0xF0, 0x00, 0x07, 0x80, 0xF0, 0x00, 0x07, 0xC3, 0xE0, 0x00, 0x03, 0xC7, 0xC0, 0x00,
    0x03, 0xEF, 0x80, 0x00, 0x01, 0xFF, 0x00, 0x00, 0x00, 0xFC, 0x00, 0x00, 0x01, 0xF8, 0x00, 0x3C, 0x07, 0xFC, 0x00, 0x3C, 0x0F, 0xFE, 0x00, 0x3C,
    0x1F, 0x1F, 0x00, 0x78, 0x3E, 0x1F, 0x80, 0x78, 0x7C, 0x0F, 0xC0, 0x78, 0x78, 0x07, 0xE0, 0xF0, 0x78, 0x03, 0xF0, 0xF0, 0xF8, 0x01, 0xF9, 0xE0,
    0xF0, 0x00, 0xFF, 0xE0, 0xF0, 0x00, 0x3F, 0xC0, 0xF0, 0x00, 0x1F, 0x80, 0x78, 0x00, 0x0F, 0xC0, 0x78, 0x00, 0x1F, 0xE0, 0x7E, 0x00, 0x7F, 0xF8,
    0x3F, 0x81, 0xFD, 0xFC, 0x1F, 0xFF, 0xF8, 0xFE, 0x0F, 0xFF, 0xE0, 0x3C, 0x03, 0xFF, 0x80, 0x1C, 0x00, 0x14, 0x00, 0x08, 0xFC, 0xFC, 0xFC, 0xFC,
    0xFC, 0x78, 0x78, 0x78, 0x78, 0x78, 0x78, 0x78, 0x78, 0x78, 0x30, 0x30, 0x00, 0x60, 0x00, 0xF8, 0x00, 0xF0, 0x01, 0xE0, 0x03, 0xC0, 0x07, 0x80,
    0x07, 0x80, 0x0F, 0x00, 0x0E, 0x00, 0x1E, 0x00, 0x1C, 0x00, 0x3C, 0x00, 0x3C, 0x00, 0x38, 0x00, 0x78, 0x00, 0x78, 0x00, 0x70, 0x00, 0x70, 0x00,
    0x70, 0x00, 0xF0, 0x00, 0xF0, 0x00, 0xF0, 0x00, 0xF0, 0x00, 0xF0, 0x00, 0xF0, 0x00, 0xF0, 0x00, 0x70, 0x00, 0x70, 0x00, 0x70, 0x00, 0x78, 0x00,
    0x78, 0x00, 0x38, 0x00, 0x38, 0x00, 0x3C, 0x00, 0x1C, 0x00, 0x1E, 0x00, 0x1E, 0x00, 0x0F, 0x00, 0x0F, 0x00, 0x07, 0x80, 0x03, 0xC0, 0x03, 0xE0,
    0x01, 0xE0, 0x00, 0xF0, 0x00, 0x78, 0x00, 0x40, 0x30, 0x00, 0xF8, 0x00, 0x78, 0x00, 0x3C, 0x00, 0x1E, 0x00, 0x0F, 0x00, 0x0F, 0x00, 0x07, 0x80,
    0x07, 0x80, 0x03, 0xC0, 0x01, 0xC0, 0x01, 0xE0, 0x01, 0xE0, 0x00, 0xE0, 0x00, 0xF0, 0x00, 0xF0, 0x00, 0x70, 0x00, 0x70, 0x00, 0x70, 0x00, 0x70,
    0x00, 0x78, 0x00, 0x78, 0x00, 0x78, 0x00, 0x78, 0x00, 0x78, 0x00, 0x78, 0x00, 0x70, 0x00, 0x70, 0x00, 0x70, 0x00, 0xF0, 0x00, 0xF0, 0x00, 0xE0,
    0x00, 0xE0, 0x01, 0xE0, 0x01, 0xC0, 0x03, 0xC0, 0x03, 0xC0, 0x07, 0x80, 0x07, 0x00, 0x0F, 0x00, 0x1E, 0x00, 0x3E, 0x00, 0x3C, 0x00, 0x78, 0x00,
    0xF0, 0x00, 0x10, 0x00, 0x00, 0x00, 0xC0, 0x00, 0x00, 0x00, 0x00, 0xC0, 0x00, 0x00, 0x00, 0x00, 0xC0, 0x00, 0x00, 0x00, 0x00, 0xC0, 0x00, 0x00,
    0x00, 0x00, 0xC0, 0x00, 0x00, 0x00, 0x00, 0xC0, 0x00, 0x00, 0x00, 0x00, 0xC0, 0x00, 0x00, 0x00, 0x00, 0xC0, 0x00, 0x00, 0x40, 0x00, 0xE0, 0x00,
    0x80, 0x70, 0x00, 0xE0, 0x03, 0x80, 0xFC, 0x00, 0xE0, 0x07, 0xC0, 0x3E, 0x01, 0xE0, 0x1F, 0x00, 0x1F, 0x81, 0xE0, 0x7E, 0x00, 0x07, 0xE1, 0xE1,
    0xF8, 0x00, 0x01, 0xF9, 0xE7, 0xE0, 0x00, 0x00, 0xFF, 0xFF, 0xC0, 0x00, 0x00, 0x3F, 0xFF, 0x00, 0x00, 0x00, 0x0F, 0xFC, 0x00, 0x00, 0x00, 0x07,
    0xF8, 0x00, 0x00, 0x00, 0x0F, 0xFC, 0x00, 0x00, 0x00, 0x1F, 0xFE, 0x00, 0x00, 0x00, 0x7F, 0xFF, 0x80, 0x00, 0x00, 0xFD, 0xEF, 0xE0, 0x00, 0x03,
    0xF1, 0xE3, 0xF0, 0x00, 0x0F, 0xC1, 0xE0, 0xFC, 0x00, 0x1F, 0x01, 0xE0, 0x3E, 0x00, 0xFC, 0x01, 0xE0, 0x0F, 0xC0, 0x78, 0x00, 0xE0, 0x07, 0x80,
    0x60, 0x00, 0xE0, 0x01, 0x80, 0x00, 0x00, 0xE0, 0x00, 0x00, 0x00, 0x00, 0xE0, 0x00, 0x00, 0x00, 0x00, 0xC0, 0x00, 0x00, 0x00, 0x00, 0xC0, 0x00,
    0x00, 0x00, 0x00, 0xC0, 0x00, 0x00, 0x00, 0x00, 0xC0, 0x00, 0x00, 0x00, 0x00, 0xC0, 0x00, 0x00, 0x00, 0x00, 0xC0, 0x00, 0x00, 0x00, 0x01, 0xE0,
    0x00, 0x00, 0x00, 0x01, 0xE0, 0x00, 0x00, 0x00, 0x01, 0xE0, 0x00, 0x00, 0x00, 0x01, 0xE0, 0x00, 0x00, 0x00, 0x01, 0xE0, 0x00, 0x00, 0x00, 0x01,
    0xE0, 0x00, 0x00, 0x00, 0x01, 0xE0, 0x00, 0x00, 0x00, 0x01, 0xE0, 0x00, 0x00, 0x00, 0x01, 0xE0, 0x00, 0x00, 0x00, 0x01, 0xE0, 0x00, 0x00, 0x00,
    0x01, 0xE0, 0x00, 0x00, 0x00, 0x01, 0xE0, 0x00, 0x00, 0x00, 0x01, 0xE0, 0x00, 0x00, 0x00, 0x01, 0xE0, 0x00, 0x00, 0x00, 0x01, 0xE0, 0x00, 0x00,
    0xFF, 0xFF, 0xFF, 0xFF, 0xC0, 0xFF, 0xFF, 0xFF, 0xFF, 0xC0, 0xFF, 0xFF, 0xFF, 0xFF, 0xC0, 0xFF, 0xFF, 0xFF, 0xFF, 0xC0, 0x00, 0x01, 0xE0, 0x00,
    0x00, 0x00, 0x01, 0xE0, 0x00, 0x00, 0x00, 0x01, 0xE0, 0x00, 0x00, 0x00, 0x01, 0xE0, 0x00, 0x00, 0x00, 0x01, 0xE0, 0x00, 0x00, 0x00, 0x01, 0xE0,
    0x00, 0x00, 0x00, 0x01, 0xE0, 0x00, 0x00, 0x00, 0x01, 0xE0, 0x00, 0x00, 0x00, 0x01, 0xE0, 0x00, 0x00, 0x00, 0x01, 0xE0, 0x00, 0x00, 0x00, 0x01,
    0xE0, 0x00, 0x00, 0x00, 0x01, 0xE0, 0x00, 0x00, 0x00, 0x01, 0xE0, 0x00, 0x00, 0x00, 0x01, 0xE0, 0x00, 0x00, 0x00, 0x01, 0xE0, 0x00, 0x00, 0x1F,
    0x00, 0x3F, 0x80, 0x3F, 0x80, 0x3F, 0x80, 0x3F, 0x80, 0x1F, 0x80, 0x03, 0x80, 0x03, 0x80, 0x03, 0x80, 0x07, 0x80, 0x0F, 0x00, 0x1E, 0x00, 0x3E,
    0x00, 0xF8, 0x00, 0xF0, 0x00, 0x40, 0x00, 0xFF, 0xFF, 0xFF, 0xFF, 0xC0, 0xFF, 0xFF, 0xFF, 0xFF, 0xC0, 0xFF, 0xFF, 0xFF, 0xFF, 0xC0, 0xFF, 0xFF,
    0xFF, 0xFF, 0xC0, 0x3C, 0x7E, 0xFF, 0xFF, 0xFF, 0x7E, 0x3C, 0x00, 0x00, 0x00, 0x00, 0x00, 0x20, 0x00, 0x00, 0x00, 0x00, 0x00, 0x30, 0x00, 0x00,
    0x00, 0x00, 0x00, 0x70, 0x00, 0x00, 0x00, 0x00, 0x00, 0xE0, 0x00, 0x00, 0x00, 0x00, 0x01, 0xC0, 0x00, 0x00, 0x00, 0x00, 0x03, 0x80, 0x00, 0x00,
    0x00, 0x00, 0x07, 0x00, 0x00, 0x00, 0x00, 0x00, 0x0E, 0x00, 0x00, 0x00, 0x00, 0x00, 0x1C, 0x00, 0x00, 0x00, 0x00, 0x00, 0x38, 0x00, 0x00, 0x00,
    0x00, 0x00, 0x70, 0x00, 0x00, 0x00, 0x00, 0x00, 0xE0, 0x00, 0x00, 0x00, 0x00, 0x01, 0xC0, 0x00, 0x00, 0x00, 0x00, 0x03, 0x80, 0x00, 0x00, 0x00,
    0x00, 0x07, 0x00, 0x00, 0x00, 0x00, 0x00, 0x0E, 0x00, 0x00, 0x00, 0x00, 0x00, 0x1C, 0x00, 0x00, 0x00, 0x00, 0x00, 0x38, 0x00, 0x00, 0x00, 0x00,
    0x00, 0x70, 0x00, 0x00, 0x00, 0x00, 0x00, 0xE0, 0x00, 0x00, 0x00, 0x00, 0x01, 0xC0, 0x00, 0x00, 0x00, 0x00, 0x03, 0x80, 0x00, 0x00, 0x00, 0x00,
    0x07, 0x00, 0x00, 0x00, 0x00, 0x00, 0x0E, 0x00, 0x00, 0x00, 0x00, 0x00, 0x1C, 0x00, 0x00, 0x00, 0x00, 0x00, 0x38, 0x00, 0x00, 0x00, 0x00, 0x00,
    0x70, 0x00, 0x00, 0x00, 0x00, 0x00, 0xE0, 0x00, 0x00, 0x00, 0x00, 0x01, 0xC0, 0x00, 0x00, 0x00, 0x00, 0x03, 0x80, 0x00, 0x00, 0x00, 0x00, 0x07,
    0x00, 0x00, 0x00, 0x00, 0x00, 0x0E, 0x00, 0x00, 0x00, 0x00, 0x00, 0x1C, 0x00, 0x00, 0x00, 0x00, 0x00, 0x38, 0x00, 0x00, 0x00, 0x00, 0x00, 0x70,
    0x00, 0x00, 0x00, 0x00, 0x00, 0xE0, 0x00, 0x00, 0x00, 0x00, 0x01, 0xC0, 0x00, 0x00, 0x00, 0x00, 0x03, 0x80, 0x00, 0x00, 0x00, 0x00, 0x07, 0x00,
    0x00, 0x00, 0x00, 0x00, 0x0E, 0x00, 0x00, 0x00, 0x00, 0x00, 0x1C, 0x00, 0x00, 0x00, 0x00, 0x00, 0x38, 0x00, 0x00, 0x00, 0x00, 0x00, 0x70, 0x00,
    0x00, 0x00, 0x00, 0x00, 0xE0, 0x00, 0x00, 0x00, 0x00, 0x00, 0xC0, 0x00, 0x00, 0x00, 0x00, 0x00, 0x00, 0x3F, 0x00, 0x00, 0x01, 0xFF, 0xE0, 0x00,
    0x03, 0xFF, 0xF0, 0x00, 0x07, 0xFF, 0xF8, 0x00, 0x0F, 0xC0, 0xFC, 0x00, 0x1F, 0x00, 0x3E, 0x00, 0x3E, 0x00, 0x1F, 0x00, 0x3E, 0x00, 0x1F, 0x00,
    0x7C, 0x00, 0x0F, 0x00, 0x7C, 0x00, 0x0F, 0x80, 0x78, 0x00, 0x07, 0x80, 0x78, 0x00, 0x07, 0x80, 0xF8, 0x00, 0x07, 0xC0, 0xF8, 0x00, 0x07, 0xC0,
    0xF0, 0x00, 0x03, 0xC0, 0xF0, 0x00, 0x03, 0xC0, 0xF0, 0x00, 0x03, 0xC0, 0xF0, 0x00, 0x03, 0xC0, 0xF0, 0x00, 0x03, 0xC0, 0xF0, 0x00, 0x03, 0xC0,
    0xF0, 0x00, 0x03, 0xC0, 0xF0, 0x00, 0x03, 0xC0, 0xF8, 0x00, 0x07, 0xC0, 0xF8, 0x00, 0x07, 0xC0, 0xF8, 0x00, 0x07, 0x80, 0x78, 0x00, 0x07, 0x80,
    0x78, 0x00, 0x07, 0x80, 0x7C, 0x00, 0x0F, 0x80, 0x3C, 0x00, 0x0F, 0x00, 0x3E, 0x00, 0x1F, 0x00, 0x1E, 0x00, 0x1E, 0x00, 0x1F, 0x80, 0x7E, 0x00,
    0x0F, 0xC0, 0xFC, 0x00, 0x07, 0xFF, 0xF8, 0x00, 0x03, 0xFF, 0xF0, 0x00, 0x00, 0xFF, 0xC0, 0x00, 0x00, 0x0C, 0x00, 0x00, 0x00, 0x3E, 0x00, 0x00,
    0x01, 0xFE, 0x00, 0x00, 0x3F, 0xFE, 0x00, 0x00, 0x3F, 0xFE, 0x00, 0x00, 0x3F, 0xFE, 0x00, 0x00, 0x00, 0x1E, 0x00, 0x00, 0x00, 0x1E, 0x00, 0x00,
    0x00, 0x1E, 0x00, 0x00, 0x00, 0x1E, 0x00, 0x00, 0x00, 0x1E, 0x00, 0x00, 0x00, 0x1E, 0x00, 0x00, 0x00, 0x1E, 0x00, 0x00, 0x00, 0x1E, 0x00, 0x00,
    0x00, 0x1E, 0x00, 0x00, 0x00, 0x1E, 0x00, 0x00, 0x00, 0x1E, 0x00, 0x00, 0x00, 0x1E, 0x00, 0x00, 0x00, 0x1E, 0x00, 0x00, 0x00, 0x1E, 0x00, 0x00,
    0x00, 0x1E, 0x00, 0x00, 0x00, 0x1E, 0x00, 0x00, 0x00, 0x1E, 0x00, 0x00, 0x00, 0x1E, 0x00, 0x00, 0x00, 0x1E, 0x00, 0x00, 0x00, 0x1E, 0x00, 0x00,
    0x00, 0x1E, 0x00, 0x00, 0x00, 0x1E, 0x00, 0x00, 0x00, 0x1E, 0x00, 0x00, 0x00, 0x1E, 0x00, 0x00, 0x00, 0x1E, 0x00, 0x00, 0x00, 0x1E, 0x00, 0x00,
    0xFF, 0xFF, 0xFF, 0x80, 0xFF, 0xFF, 0xFF, 0x80, 0xFF, 0xFF, 0xFF, 0x80, 0xFF, 0xFF, 0xFF, 0x80, 0x00, 0x3F, 0x00, 0x00, 0x03, 0xFF, 0xE0, 0x00,
    0x07, 0xFF, 0xF0, 0x00, 0x1F, 0xFF, 0xF8, 0x00, 0x3F, 0x80, 0xFC, 0x00, 0x7E, 0x00, 0x7E, 0x00, 0xF8, 0x00, 0x3E, 0x00, 0x70, 0x00, 0x1F, 0x00,
    0x20, 0x00, 0x1F, 0x00, 0x00, 0x00, 0x0F, 0x00, 0x00, 0x00, 0x0F, 0x00, 0x00, 0x00, 0x0F, 0x00, 0x00, 0x00, 0x1F, 0x00, 0x00, 0x00, 0x1F, 0x00,
    0x00, 0x00, 0x1E, 0x00, 0x00, 0x00, 0x3E, 0x00, 0x00, 0x00, 0x3E, 0x00, 0x00, 0x00, 0x7C, 0x00, 0x00, 0x00, 0x7C, 0x00, 0x00, 0x00, 0xF8, 0x00,
    0x00, 0x01, 0xF0, 0x00, 0x00, 0x03, 0xE0, 0x00, 0x00, 0x07, 0xE0, 0x00, 0x00, 0x0F, 0xC0, 0x00, 0x00, 0x1F, 0x80, 0x00, 0x00, 0x3F, 0x00, 0x00,
    0x00, 0x7E, 0x00, 0x00, 0x00, 0xFC, 0x00, 0x00, 0x01, 0xF0, 0x00, 0x00, 0x07, 0xE0, 0x00, 0x00, 0x0F, 0xC0, 0x00, 0x00, 0x1F, 0x80, 0x00, 0x00,
    0x3F, 0xFF, 0xFF, 0xC0, 0x7F, 0xFF, 0xFF, 0xC0, 0x7F, 0xFF, 0xFF, 0xC0, 0x7F, 0xFF, 0xFF, 0xC0, 0x00, 0x3F, 0x80, 0x00, 0x01, 0xFF, 0xF0, 0x00,
    0x07, 0xFF, 0xFC, 0x00, 0x0F, 0xFF, 0xFE, 0x00, 0x1F, 0x80, 0x7F, 0x00, 0x7E, 0x00, 0x1F, 0x00, 0x3C, 0x00, 0x0F, 0x80, 0x18, 0x00, 0x0F, 0x80,
    0x00, 0x00, 0x07, 0x80, 0x00, 0x00, 0x07, 0x80, 0x00, 0x00, 0x07, 0x80, 0x00, 0x00, 0x0F, 0x80, 0x00, 0x00, 0x0F, 0x00, 0x00, 0x00, 0x1F, 0x00,
    0x00, 0x00, 0x7E, 0x00, 0x00, 0x01, 0xFC, 0x00, 0x00, 0x3F, 0xF8, 0x00, 0x00, 0x3F, 0xC0, 0x00, 0x00, 0x3F, 0xF8, 0x00, 0x00, 0x1F, 0xFE, 0x00,
    0x00, 0x00, 0x7F, 0x00, 0x00, 0x00, 0x1F, 0x80, 0x00, 0x00, 0x0F, 0x80, 0x00, 0x00, 0x07, 0xC0, 0x00, 0x00, 0x07, 0xC0, 0x00, 0x00, 0x03, 0xC0,
    0x00, 0x00, 0x03, 0xC0, 0x00, 0x00, 0x03, 0xC0, 0x20, 0x00, 0x07, 0xC0, 0x70, 0x00, 0x07, 0xC0, 0xFC, 0x00, 0x0F, 0x80, 0x7E, 0x00, 0x1F, 0x80,
    0x3F, 0xC0, 0x7F, 0x00, 0x0F, 0xFF, 0xFE, 0x00, 0x07, 0xFF, 0xFC, 0x00, 0x01, 0xFF, 0xF0, 0x00, 0x00, 0x0E, 0x00, 0x00, 0x00, 0x00, 0xFC, 0x00,
    0x00, 0x01, 0xFC, 0x00, 0x00, 0x03, 0xFC, 0x00, 0x00, 0x07, 0xFC, 0x00, 0x00, 0x07, 0xBC, 0x00, 0x00, 0x0F, 0x3C, 0x00, 0x00, 0x1F, 0x7C, 0x00,
    0x00, 0x3E, 0x7C, 0x00, 0x00, 0x3C, 0x7C, 0x00, 0x00, 0x7C, 0x7C, 0x00, 0x00, 0xF8, 0x7C, 0x00, 0x00, 0xF0, 0x7C, 0x00, 0x01, 0xF0, 0x7C, 0x00,
    0x03, 0xE0, 0x7C, 0x00, 0x07, 0xC0, 0x7C, 0x00, 0x07, 0x80, 0x7C, 0x00, 0x0F, 0x80, 0x7C, 0x00, 0x1F, 0x00, 0x7C, 0x00, 0x3E, 0x00, 0x7C, 0x00,
    0x3C, 0x00, 0x7C, 0x00, 0x7C, 0x00, 0x7C, 0x00, 0xF8, 0x00, 0x7C, 0x00, 0xFF, 0xFF, 0xFF, 0xE0, 0xFF, 0xFF, 0xFF, 0xE0, 0xFF, 0xFF, 0xFF, 0xE0,
    0x00, 0x00, 0x7C, 0x00, 0x00, 0x00, 0x7C, 0x00, 0x00, 0x00, 0x7C, 0x00, 0x00, 0x00, 0x7C, 0x00, 0x00, 0x00, 0x7C, 0x00, 0x00, 0x00, 0x7C, 0x00,
    0x00, 0x00, 0x7C, 0x00, 0x00, 0x00, 0x7C, 0x00, 0x00, 0x00, 0x7C, 0x00, 0x00, 0x00, 0x7C, 0x00, 0x1F, 0xFF, 0xFF, 0x00, 0x1F, 0xFF, 0xFF, 0x00,
    0x1F, 0xFF, 0xFF, 0x00, 0x1F, 0xFF, 0xFF, 0x00, 0x1E, 0x00, 0x00, 0x00, 0x1E, 0x00, 0x00, 0x00, 0x1E, 0x00, 0x00, 0x00, 0x1E, 0x00, 0x00, 0x00,
    0x3C, 0x00, 0x00, 0x00, 0x3C, 0x00, 0x00, 0x00, 0x3C, 0x00, 0x00, 0x00, 0x3C, 0x00, 0x00, 0x00, 0x3C, 0x3E, 0x00, 0x00, 0x3D, 0xFF, 0xE0, 0x00,
    0x3F, 0xFF, 0xF8, 0x00, 0x3F, 0xFF, 0xFC, 0x00, 0x3E, 0x00, 0xFE, 0x00, 0x18, 0x00, 0x3F, 0x00, 0x00, 0x00, 0x1F, 0x00, 0x00, 0x00, 0x0F, 0x80,
    0x00, 0x00, 0x0F, 0x80, 0x00, 0x00, 0x0F, 0x80, 0x00, 0x00, 0x07, 0x80, 0x00, 0x00, 0x07, 0x80, 0x00, 0x00, 0x07, 0x80, 0x00, 0x00, 0x07, 0x80,
    0x00, 0x00, 0x0F, 0x80, 0x40, 0x00, 0x0F, 0x80, 0x60, 0x00, 0x1F, 0x00, 0xF0, 0x00, 0x3F, 0x00, 0xFC, 0x00, 0x7E, 0x00, 0x7F, 0x01, 0xFC, 0x00,
    0x3F, 0xFF, 0xF8, 0x00, 0x0F, 0xFF, 0xF0, 0x00, 0x03, 0xFF, 0xC0, 0x00, 0x00, 0x18, 0x00, 0x00, 0x00, 0x1F, 0x80, 0x00, 0x00, 0xFF, 0xF0, 0x00,
    0x01, 0xFF, 0xFC, 0x00, 0x07, 0xFF, 0xFE, 0x00, 0x0F, 0xE0, 0x3F, 0x00, 0x0F, 0x80, 0x0E, 0x00, 0x1F, 0x00, 0x04, 0x00, 0x3E, 0x00, 0x00, 0x00,
    0x3C, 0x00, 0x00, 0x00, 0x7C, 0x00, 0x00, 0x00, 0x78, 0x00, 0x00, 0x00, 0x78, 0x00, 0x00, 0x00, 0xF8, 0x00, 0x00, 0x00, 0xF0, 0x00, 0x00, 0x00,
    0xF0, 0x3F, 0x80, 0x00, 0xF0, 0xFF, 0xF0, 0x00, 0xF3, 0xFF, 0xF8, 0x00, 0xF7, 0xFF, 0xFC, 0x00, 0xFF, 0x80, 0x7E, 0x00, 0xFE, 0x00, 0x3E, 0x00,
    0xFC, 0x00, 0x1F, 0x00, 0xF8, 0x00, 0x0F, 0x00, 0xF0, 0x00, 0x0F, 0x00, 0xF0, 0x00, 0x0F, 0x80, 0xF0, 0x00, 0x0F, 0x80, 0xF0, 0x00, 0x0F, 0x80,
    0xF8, 0x00, 0x0F, 0x80, 0x78, 0x00, 0x0F, 0x00, 0x7C, 0x00, 0x0F, 0x00, 0x7C, 0x00, 0x1F, 0x00, 0x3E, 0x00, 0x1E, 0x00, 0x1F, 0x00, 0x3E, 0x00,
    0x1F, 0xC0, 0xFC, 0x00, 0x0F, 0xFF, 0xF8, 0x00, 0x03, 0xFF, 0xF0, 0x00, 0x00, 0xFF, 0xC0, 0x00, 0x00, 0x0C, 0x00, 0x00, 0xFF, 0xFF, 0xFF, 0x80,
    0xFF, 0xFF, 0xFF, 0x80, 0xFF, 0xFF, 0xFF, 0x80, 0x00, 0x00, 0x0F, 0x00, 0x00, 0x00, 0x1E, 0x00, 0x00, 0x00, 0x3C, 0x00, 0x00, 0x00, 0x7C, 0x00,
    0x00, 0x00, 0x78, 0x00, 0x00, 0x00, 0xF0, 0x00, 0x00, 0x01, 0xF0, 0x00, 0x00, 0x01, 0xE0, 0x00, 0x00, 0x03, 0xC0, 0x00, 0x00, 0x07, 0xC0, 0x00,
    0x00, 0x07, 0x80, 0x00, 0x00, 0x0F, 0x80, 0x00, 0x00, 0x0F, 0x00, 0x00, 0x00, 0x0F, 0x00, 0x00, 0x00, 0x1E, 0x00, 0x00, 0x00, 0x1E, 0x00, 0x00,
    0x00, 0x3E, 0x00, 0x00, 0x00, 0x3C, 0x00, 0x00, 0x00, 0x3C, 0x00, 0x00, 0x00, 0x7C, 0x00, 0x00, 0x00, 0x7C, 0x00, 0x00, 0x00, 0x78, 0x00, 0x00,
    0x00, 0x78, 0x00, 0x00, 0x00, 0x78, 0x00, 0x00, 0x00, 0xF8, 0x00, 0x00, 0x00, 0xF8, 0x00, 0x00, 0x00, 0xF8, 0x00, 0x00, 0x00, 0xF8, 0x00, 0x00,
    0x00, 0xF8, 0x00, 0x00, 0x00, 0xF8, 0x00, 0x00, 0x00, 0xF0, 0x00, 0x00, 0x00, 0xF0, 0x00, 0x00, 0x00, 0x3F, 0x00, 0x00, 0x01, 0xFF, 0xE0, 0x00,
    0x07, 0xFF, 0xF8, 0x00, 0x0F, 0xF3, 0xFC, 0x00, 0x1F, 0x80, 0x7E, 0x00, 0x1E, 0x00, 0x1E, 0x00, 0x3E, 0x00, 0x0F, 0x00, 0x3C, 0x00, 0x0F, 0x00,
    0x3C, 0x00, 0x0F, 0x00, 0x3C, 0x00, 0x07, 0x00, 0x3C, 0x00, 0x0F, 0x00, 0x3C, 0x00, 0x0F, 0x00, 0x3E, 0x00, 0x0F, 0x00, 0x1F, 0x00, 0x0E, 0x00,
    0x1F, 0x80, 0x1E, 0x00, 0x0F, 0xF0, 0x3C, 0x00, 0x03, 0xFC, 0x78, 0x00, 0x01, 0xFF, 0xF0, 0x00, 0x07, 0xFF, 0xE0, 0x00, 0x0F, 0x8F, 0xF8, 0x00,
    0x1E, 0x01, 0xFC, 0x00, 0x3C, 0x00, 0x7F, 0x00, 0x7C, 0x00, 0x1F, 0x00, 0x78, 0x00, 0x0F, 0x80, 0x78, 0x00, 0x07, 0x80, 0xF0, 0x00, 0x07, 0xC0,
    0xF0, 0x00, 0x07, 0xC0, 0xF0, 0x00, 0x07, 0xC0, 0xF8, 0x00, 0x07, 0xC0, 0x78, 0x00, 0x07, 0x80, 0x7C, 0x00, 0x0F, 0x80, 0x3E, 0x00, 0x1F, 0x00,
    0x3F, 0x80, 0x3F, 0x00, 0x1F, 0xFF, 0xFE, 0x00, 0x07, 0xFF, 0xF8, 0x00, 0x01, 0xFF, 0xE0, 0x00, 0x00, 0x0C, 0x00, 0x00, 0x00, 0x7E, 0x00, 0x00,
    0x03, 0xFF, 0xC0, 0x00, 0x07, 0xFF, 0xF0, 0x00, 0x1F, 0xFF, 0xF8, 0x00, 0x1F, 0x01, 0xFC, 0x00, 0x3E, 0x00, 0x7E, 0x00, 0x7C, 0x00, 0x3E, 0x00,
    0x78, 0x00, 0x1F, 0x00, 0x78, 0x00, 0x0F, 0x00, 0x78, 0x00, 0x0F, 0x00, 0xF8, 0x00, 0x0F, 0x80, 0xF8, 0x00, 0x07, 0x80, 0xF8, 0x00, 0x07, 0x80,
    0xF8, 0x00, 0x07, 0x80, 0x78, 0x00, 0x07, 0x80, 0x78, 0x00, 0x0F, 0x80, 0x7C, 0x00, 0x1F, 0x80, 0x3E, 0x00, 0x3F, 0x80, 0x3F, 0x00, 0xFF, 0x80,
    0x1F, 0xFF, 0xF7, 0x80, 0x0F, 0xFF, 0xC7, 0x80, 0x03, 0xFF, 0x87, 0x80, 0x00, 0x7C, 0x07, 0x80, 0x00, 0x00, 0x07, 0x80, 0x00, 0x00, 0x0F, 0x80,
    0x00, 0x00, 0x0F, 0x00, 0x00, 0x00, 0x0F, 0x00, 0x00, 0x00, 0x1F, 0x00, 0x00, 0x00, 0x1E, 0x00, 0x00, 0x00, 0x3E, 0x00, 0x10, 0x00, 0x7C, 0x00,
    0x3C, 0x00, 0xF8, 0x00, 0x7F, 0x07, 0xF0, 0x00, 0x3F, 0xFF, 0xE0, 0x00, 0x1F, 0xFF, 0xC0, 0x00, 0x07, 0xFF, 0x00, 0x00, 0x00, 0x38, 0x00, 0x00,
    0x3C, 0x7E, 0xFF, 0xFF, 0x7E, 0x7E, 0x3C, 0x00, 0x00, 0x00, 0x00, 0x00, 0x00, 0x00, 0x00, 0x00, 0x00, 0x00, 0x00, 0x00, 0x00, 0x00, 0x00, 0x3C,
    0x7E, 0x7E, 0xFF, 0xFF, 0x7E, 0x3C, 0x1E, 0x00, 0x3F, 0x00, 0x7F, 0x80, 0x7F, 0x80, 0x3F, 0x00, 0x3F, 0x00, 0x1E, 0x00, 0x00, 0x00, 0x00, 0x00,
    0x00, 0x00, 0x00, 0x00, 0x00, 0x00, 0x00, 0x00, 0x00, 0x00, 0x00, 0x00, 0x00, 0x00, 0x00, 0x00, 0x00, 0x00, 0x00, 0x00, 0x00, 0x00, 0x00, 0x00,
    0x1F, 0x00, 0x3F, 0x80, 0x3F, 0x80, 0x3F, 0x80, 0x3F, 0x80, 0x1F, 0x80, 0x03, 0x80, 0x03, 0x80, 0x03, 0x80, 0x07, 0x80, 0x07, 0x00, 0x0F, 0x00,
    0x1E, 0x00, 0x3C, 0x00, 0xF8, 0x00, 0xF0, 0x00, 0x40, 0x00, 0x00, 0x00, 0x00, 0x00, 0x10, 0x00, 0x00, 0x00, 0x00, 0x38, 0x00, 0x00, 0x00, 0x00,
    0xF8, 0x00, 0x00, 0x00, 0x03, 0xF8, 0x00, 0x00, 0x00, 0x0F, 0xE0, 0x00, 0x00, 0x00, 0x3F, 0x80, 0x00, 0x00, 0x00, 0xFE, 0x00, 0x00, 0x00, 0x03,
    0xF8, 0x00, 0x00, 0x00, 0x0F, 0xE0, 0x00, 0x00, 0x00, 0x3F, 0x80, 0x00, 0x00, 0x00, 0xFE, 0x00, 0x00, 0x00, 0x03, 0xF8, 0x00, 0x00, 0x00, 0x0F,
    0xF0, 0x00, 0x00, 0x00, 0x3F, 0xC0, 0x00, 0x00, 0x00, 0x7F, 0x00, 0x00, 0x00, 0x01, 0xFC, 0x00, 0x00, 0x00, 0x07, 0xF0, 0x00, 0x00, 0x00, 0x1F,
    0xC0, 0x00, 0x00, 0x00, 0xFF, 0x00, 0x00, 0x00, 0x00, 0x7F, 0x00, 0x00, 0x00, 0x00, 0x1F, 0xC0, 0x00, 0x00, 0x00, 0x07, 0xF0, 0x00, 0x00, 0x00,
    0x01, 0xFC, 0x00, 0x00, 0x00, 0x00, 0x7F, 0x00, 0x00, 0x00, 0x00, 0x1F, 0xC0, 0x00, 0x00, 0x00, 0x0F, 0xF0, 0x00, 0x00, 0x00, 0x03, 0xFC, 0x00,
    0x00, 0x00, 0x00, 0xFE, 0x00, 0x00, 0x00, 0x00, 0x3F, 0x80, 0x00, 0x00, 0x00, 0x0F, 0xE0, 0x00, 0x00, 0x00, 0x03, 0xF8, 0x00, 0x00, 0x00, 0x00,
    0xFE, 0x00, 0x00, 0x00, 0x00, 0x3F, 0x80, 0x00, 0x00, 0x00, 0x0F, 0xE0, 0x00, 0x00, 0x00, 0x03, 0xF8, 0x00, 0x00, 0x00, 0x00, 0xF8, 0x00, 0x00,
    0x00, 0x00, 0x30, 0x00, 0x00, 0x00, 0x00, 0x10, 0xFF, 0xFF, 0xFF, 0xFF, 0xC0, 0xFF, 0xFF, 0xFF, 0xFF, 0xC0, 0xFF, 0xFF, 0xFF, 0xFF, 0xC0, 0x00,
    0x00, 0x00, 0x00, 0x00, 0x00, 0x00, 0x00, 0x00, 0x00, 0x00, 0x00, 0x00, 0x00, 0x00, 0x00, 0x00, 0x00, 0x00, 0x00, 0x00, 0x00, 0x00, 0x00, 0x00,
    0x00, 0x00, 0x00, 0x00, 0x00, 0x00, 0x00, 0x00, 0x00, 0x00, 0xFF, 0xFF, 0xFF, 0xFF, 0xC0, 0xFF, 0xFF, 0xFF, 0xFF, 0xC0, 0xFF, 0xFF, 0xFF, 0xFF,
    0xC0, 0xFF, 0xFF, 0xFF, 0xFF, 0xC0, 0x40, 0x00, 0x00, 0x00, 0x00, 0xE0, 0x00, 0x00, 0x00, 0x00, 0xF8, 0x00, 0x00, 0x00, 0x00, 0xFE, 0x00, 0x00,
    0x00, 0x00, 0x3F, 0x80, 0x00, 0x00, 0x00, 0x0F, 0xE0, 0x00, 0x00, 0x00, 0x03, 0xF8, 0x00, 0x00, 0x00, 0x00, 0xFE, 0x00, 0x00, 0x00, 0x00, 0x3F,
    0x80, 0x00, 0x00, 0x00, 0x0F, 0xE0, 0x00, 0x00, 0x00, 0x03, 0xF8, 0x00, 0x00, 0x00, 0x00, 0xFE, 0x00, 0x00, 0x00, 0x00, 0x7F, 0x80, 0x00, 0x00,
    0x00, 0x1F, 0xE0, 0x00, 0x00, 0x00, 0x07, 0xF0, 0x00, 0x00, 0x00, 0x01, 0xFC, 0x00, 0x00, 0x00, 0x00, 0x7F, 0x00, 0x00, 0x00, 0x00, 0x1F, 0xC0,
    0x00, 0x00, 0x00, 0x07, 0xF8, 0x00, 0x00, 0x00, 0x07, 0xF0, 0x00, 0x00, 0x00, 0x1F, 0xC0, 0x00, 0x00, 0x00, 0x7F, 0x00, 0x00, 0x00, 0x01, 0xFC,
    0x00, 0x00, 0x00, 0x07, 0xF0, 0x00, 0x00, 0x00, 0x1F, 0xC0, 0x00, 0x00, 0x00, 0x7F, 0x80, 0x00, 0x00, 0x01, 0xFE, 0x00, 0x00, 0x00, 0x07, 0xF8,
    0x00, 0x00, 0x00, 0x0F, 0xE0, 0x00, 0x00, 0x00, 0x3F, 0x80, 0x00, 0x00, 0x00, 0xFE, 0x00, 0x00, 0x00, 0x03, 0xF8, 0x00, 0x00, 0x00, 0x0F, 0xE0,
    0x00, 0x00, 0x00, 0x3F, 0x80, 0x00, 0x00, 0x00, 0xFE, 0x00, 0x00, 0x00, 0x00, 0xF8, 0x00, 0x00, 0x00, 0x00, 0x60, 0x00, 0x00, 0x00, 0x00, 0x40,
    0x00, 0x00, 0x00, 0x00, 0x00, 0x18, 0x00, 0x01, 0xFF, 0xC0, 0x07, 0xFF, 0xF0, 0x1F, 0xFF, 0xF8, 0x3F, 0x81, 0xFC, 0x7C, 0x00, 0x7E, 0xF8, 0x00,
    0x3E, 0x30, 0x00, 0x1E, 0x00, 0x00, 0x1E, 0x00, 0x00, 0x1E, 0x00, 0x00, 0x1E, 0x00, 0x00, 0x1E, 0x00, 0x00, 0x3E, 0x00, 0x00, 0x7C, 0x00, 0x00,
    0xF8, 0x00, 0x01, 0xF0, 0x00, 0x03, 0xE0, 0x00, 0x07, 0xC0, 0x00, 0x0F, 0x80, 0x00, 0x1F, 0x00, 0x00, 0x3E, 0x00, 0x00, 0x3C, 0x00, 0x00, 0x7C,
    0x00, 0x00, 0x78, 0x00, 0x00, 0x78, 0x00, 0x00, 0x00, 0x00, 0x00, 0x00, 0x00, 0x00, 0x00, 0x00, 0x00, 0x00, 0x00, 0x00, 0x00, 0x00, 0x00, 0x00,
    0x00, 0x00, 0x38, 0x00, 0x00, 0x7C, 0x00, 0x00, 0xFC, 0x00, 0x00, 0xFC, 0x00, 0x00, 0x7C, 0x00, 0x00, 0x78, 0x00, 0x00, 0x00, 0x0F, 0xC0, 0x00,
    0x00, 0x01, 0xFF, 0xFC, 0x00, 0x00, 0x07, 0xFF, 0xFF, 0x00, 0x00, 0x1F, 0xE0, 0x3F, 0x80, 0x00, 0x7E, 0x00, 0x07, 0xE0, 0x00, 0xF8, 0x00, 0x01,
    0xF0, 0x01, 0xF0, 0x00, 0x00, 0xF0, 0x03, 0xC0, 0x00, 0x00, 0x78, 0x07, 0x80, 0x00, 0x00, 0x3C, 0x0F, 0x00, 0x00, 0x00, 0x1C, 0x0F, 0x00, 0x00,
    0x00, 0x1E, 0x1E, 0x00, 0x00, 0x00, 0x0E, 0x1C, 0x00, 0x3E, 0x38, 0x0E, 0x3C, 0x00, 0xFF, 0xB8, 0x0F, 0x38, 0x01, 0xFF, 0xF0, 0x07, 0x78, 0x03,
    0xE1, 0xF0, 0x07, 0x70, 0x07, 0x80, 0xF0, 0x07, 0x70, 0x0F, 0x00, 0xF0, 0x07, 0xF0, 0x0F, 0x00, 0xF0, 0x07, 0xF0, 0x1E, 0x00, 0xE0, 0x07, 0xE0,
    0x1E, 0x00, 0xE0, 0x07, 0xE0, 0x1C, 0x00, 0xE0, 0x07, 0xE0, 0x1C, 0x01, 0xE0, 0x0F, 0xE0, 0x1C, 0x01, 0xE0, 0x0E, 0xE0, 0x1C, 0x01, 0xC0, 0x0E,
    0xE0, 0x1C, 0x01, 0xC0, 0x1E, 0xE0, 0x1E, 0x03, 0xC0, 0x3C, 0xF0, 0x1E, 0x07, 0xE0, 0x38, 0xF0, 0x1F, 0x0E, 0xE0, 0xF8, 0x70, 0x0F, 0xFC, 0xFF,
    0xF0, 0x70, 0x07, 0xF8, 0x7F, 0xC0, 0x78, 0x01, 0xE0, 0x3F, 0x80, 0x38, 0x00, 0x00, 0x00, 0x00, 0x3C, 0x00, 0x00, 0x00, 0x00, 0x3C, 0x00, 0x00,
    0x00, 0x00, 0x1E, 0x00, 0x00, 0x00, 0x00, 0x0F, 0x00, 0x00, 0x00, 0x00, 0x07, 0xC0, 0x00, 0x00, 0x00, 0x03, 0xE0, 0x00, 0x10, 0x00, 0x01, 0xFC,
    0x00, 0xF8, 0x00, 0x00, 0xFF, 0xFF, 0xF8, 0x00, 0x00, 0x3F, 0xFF, 0xE0, 0x00, 0x00, 0x07, 0xFF, 0x80, 0x00, 0x00, 0x07, 0xE0, 0x00, 0x00, 0x0F,
    0xE0, 0x00, 0x00, 0x0F, 0xE0, 0x00, 0x00, 0x0F, 0xF0, 0x00, 0x00, 0x1E, 0xF0, 0x00, 0x00, 0x1E, 0x78, 0x00, 0x00, 0x3C, 0x78, 0x00, 0x00, 0x3C,
    0x78, 0x00, 0x00, 0x3C, 0x3C, 0x00, 0x00, 0x78, 0x3C, 0x00, 0x00, 0x78, 0x3E, 0x00, 0x00, 0xF8, 0x1E, 0x00, 0x00, 0xF0, 0x1E, 0x00, 0x00, 0xF0,
    0x1F, 0x00, 0x01, 0xF0, 0x0F, 0x00, 0x01, 0xE0, 0x0F, 0x00, 0x01, 0xE0, 0x07, 0x80, 0x03, 0xE0, 0x07, 0x80, 0x03, 0xC0, 0x07, 0xC0, 0x07, 0xC0,
    0x03, 0xC0, 0x07, 0x80, 0x03, 0xC0, 0x07, 0xFF, 0xFF, 0xE0, 0x0F, 0xFF, 0xFF, 0xE0, 0x0F, 0xFF, 0xFF, 0xF0, 0x0F, 0x00, 0x01, 0xF0, 0x1F, 0x00,
    0x00, 0xF0, 0x1E, 0x00, 0x00, 0xF8, 0x3E, 0x00, 0x00, 0xF8, 0x3E, 0x00, 0x00, 0x78, 0x3C, 0x00, 0x00, 0x7C, 0x7C, 0x00, 0x00, 0x7C, 0x78, 0x00,
    0x00, 0x3E, 0xF8, 0x00, 0x00, 0x3E, 0xF8, 0x00, 0x00, 0x1E, 0xF0, 0x00, 0x00, 0x1F, 0xFF, 0xFF, 0xC0, 0x00, 0xFF, 0xFF, 0xF8, 0x00, 0xFF, 0xFF,
    0xFC, 0x00, 0xF0, 0x01, 0xFE, 0x00, 0xF0, 0x00, 0x3F, 0x00, 0xF0, 0x00, 0x1F, 0x00, 0xF0, 0x00, 0x0F, 0x80, 0xF0, 0x00, 0x0F, 0x80, 0xF0, 0x00,
    0x0F, 0x80, 0xF0, 0x00, 0x0F, 0x80, 0xF0, 0x00, 0x0F, 0x80, 0xF0, 0x00, 0x0F, 0x00, 0xF0, 0x00, 0x1F, 0x00, 0xF0, 0x00, 0x3E, 0x00, 0xF0, 0x03,
    0xFC, 0x00, 0xFF, 0xFF, 0xF8, 0x00, 0xFF, 0xFF, 0xF0, 0x00, 0xFF, 0xFF, 0xFE, 0x00, 0xF0, 0x00, 0xFF, 0x00, 0xF0, 0x00, 0x0F, 0x80, 0xF0, 0x00,
    0x07, 0xC0, 0xF0, 0x00, 0x03, 0xE0, 0xF0, 0x00, 0x03, 0xE0, 0xF0, 0x00, 0x01, 0xE0, 0xF0, 0x00, 0x01, 0xE0, 0xF0, 0x00, 0x01, 0xE0, 0xF0, 0x00,
    0x03, 0xE0, 0xF0, 0x00, 0x03, 0xE0, 0xF0, 0x00, 0x03, 0xE0, 0xF0, 0x00, 0x07, 0xC0, 0xF0, 0x00, 0x1F, 0xC0, 0xFF, 0xFF, 0xFF, 0x80, 0xFF, 0xFF,
    0xFF, 0x00, 0xFF, 0xFF, 0xFC, 0x00, 0xFF, 0xFF, 0xE0, 0x00, 0x00, 0x03, 0xF8, 0x00, 0x00, 0x3F, 0xFF, 0x00, 0x00, 0xFF, 0xFF, 0xC0, 0x03, 0xFF,
    0xFF, 0xE0, 0x07, 0xFC, 0x07, 0xF0, 0x0F, 0xE0, 0x01, 0xF0, 0x1F, 0x80, 0x00, 0x60, 0x1F, 0x00, 0x00, 0x00, 0x3E, 0x00, 0x00, 0x00, 0x3E, 0x00,
    0x00, 0x00, 0x7C, 0x00, 0x00, 0x00, 0x7C, 0x00, 0x00, 0x00, 0xF8, 0x00, 0x00, 0x00, 0xF8, 0x00, 0x00, 0x00, 0xF8, 0x00, 0x00, 0x00, 0xF8, 0x00,
    0x00, 0x00, 0xF0, 0x00, 0x00, 0x00, 0xF0, 0x00, 0x00, 0x00, 0xF0, 0x00, 0x00, 0x00, 0xF0, 0x00, 0x00, 0x00, 0xF0, 0x00, 0x00, 0x00, 0xF8, 0x00,
    0x00, 0x00, 0xF8, 0x00, 0x00, 0x00, 0xF8, 0x00, 0x00, 0x00, 0x78, 0x00, 0x00, 0x00, 0x7C, 0x00, 0x00, 0x00, 0x7C, 0x00, 0x00, 0x00, 0x3E, 0x00,
    0x00, 0x00, 0x3F, 0x00, 0x00, 0x00, 0x1F, 0x80, 0x00, 0x30, 0x0F, 0xC0, 0x00, 0x78, 0x0F, 0xF0, 0x01, 0xF8, 0x07, 0xFF, 0x1F, 0xF0, 0x01, 0xFF,
    0xFF, 0xE0, 0x00, 0xFF, 0xFF, 0xC0, 0x00, 0x1F, 0xFE, 0x00, 0x00, 0x00, 0xC0, 0x00, 0xFF, 0xFF, 0x00, 0x00, 0xFF, 0xFF, 0xE0, 0x00, 0xFF, 0xFF,
    0xF8, 0x00, 0xF0, 0x3F, 0xFE, 0x00, 0xF0, 0x00, 0xFF, 0x00, 0xF0, 0x00, 0x3F, 0x80, 0xF0, 0x00, 0x0F, 0x80, 0xF0, 0x00, 0x07, 0xC0, 0xF0, 0x00,
    0x07, 0xE0, 0xF0, 0x00, 0x03, 0xE0, 0xF0, 0x00, 0x01, 0xE0, 0xF0, 0x00, 0x01, 0xF0, 0xF0, 0x00, 0x01, 0xF0, 0xF0, 0x00, 0x01, 0xF0, 0xF0, 0x00,
    0x00, 0xF0, 0xF0, 0x00, 0x00, 0xF0, 0xF0, 0x00, 0x00, 0xF0, 0xF0, 0x00, 0x00, 0xF0, 0xF0, 0x00, 0x00, 0xF0, 0xF0, 0x00, 0x00, 0xF0, 0xF0, 0x00,
    0x00, 0xF0, 0xF0, 0x00, 0x01, 0xF0, 0xF0, 0x00, 0x01, 0xF0, 0xF0, 0x00, 0x01, 0xF0, 0xF0, 0x00, 0x03, 0xE0, 0xF0, 0x00, 0x03, 0xE0, 0xF0, 0x00,
    0x07, 0xC0, 0xF0, 0x00, 0x0F, 0xC0, 0xF0, 0x00, 0x1F, 0x80, 0xF0, 0x00, 0x3F, 0x00, 0xF0, 0x01, 0xFE, 0x00, 0xFF, 0xFF, 0xFC, 0x00, 0xFF, 0xFF,
    0xF8, 0x00, 0xFF, 0xFF, 0xE0, 0x00, 0xFF, 0xFE, 0x00, 0x00, 0xFF, 0xFF, 0xFE, 0xFF, 0xFF, 0xFE, 0xFF, 0xFF, 0xFE, 0xFF, 0xFF, 0xFE, 0xF8, 0x00,
    0x00, 0xF8, 0x00, 0x00, 0xF8, 0x00, 0x00, 0xF8, 0x00, 0x00, 0xF8, 0x00, 0x00, 0xF8, 0x00, 0x00, 0xF8, 0x00, 0x00, 0xF8, 0x00, 0x00, 0xF8, 0x00,
    0x00, 0xF8, 0x00, 0x00, 0xF8, 0x00, 0x00, 0xFF, 0xFF, 0xF0, 0xFF, 0xFF, 0xF0, 0xFF, 0xFF, 0xF0, 0xF8, 0x00, 0x00, 0xF8, 0x00, 0x00, 0xF8, 0x00,
    0x00, 0xF8, 0x00, 0x00, 0xF8, 0x00, 0x00, 0xF8, 0x00, 0x00, 0xF8, 0x00, 0x00, 0xF8, 0x00, 0x00, 0xF8, 0x00, 0x00, 0xF8, 0x00, 0x00, 0xF8, 0x00,
    0x00, 0xF8, 0x00, 0x00, 0xF8, 0x00, 0x00, 0xFF, 0xFF, 0xFF, 0xFF, 0xFF, 0xFF, 0xFF, 0xFF, 0xFF, 0xFF, 0xFF, 0xFF, 0xFF, 0xFF, 0xFE, 0xFF, 0xFF,
    0xFE, 0xFF, 0xFF, 0xFE, 0xFF, 0xFF, 0xFE, 0xF8, 0x00, 0x00, 0xF8, 0x00, 0x00, 0xF8, 0x00, 0x00, 0xF8, 0x00, 0x00, 0xF8, 0x00, 0x00, 0xF8, 0x00,
    0x00, 0xF8, 0x00, 0x00, 0xF8, 0x00, 0x00, 0xF8, 0x00, 0x00, 0xF8, 0x00, 0x00, 0xF8, 0x00, 0x00, 0xFF, 0xFF, 0xF0, 0xFF, 0xFF, 0xF0, 0xFF, 0xFF,
    0xF0, 0xFF, 0xFF, 0xF0, 0xF8, 0x00, 0x00, 0xF8, 0x00, 0x00, 0xF8, 0x00, 0x00, 0xF8, 0x00, 0x00, 0xF8, 0x00, 0x00, 0xF8, 0x00, 0x00, 0xF8, 0x00,
    0x00, 0xF8, 0x00, 0x00, 0xF8, 0x00, 0x00, 0xF8, 0x00, 0x00, 0xF8, 0x00, 0x00, 0xF8, 0x00, 0x00, 0xF8, 0x00, 0x00, 0xF8, 0x00, 0x00, 0xF8, 0x00,
    0x00, 0xF8, 0x00, 0x00, 0x00, 0x01, 0xFE, 0x00, 0x00, 0x1F, 0xFF, 0xC0, 0x00, 0x7F, 0xFF, 0xF0, 0x01, 0xFF, 0xFF, 0xF8, 0x03, 0xFE, 0x01, 0xFC,
    0x07, 0xF0, 0x00, 0x78, 0x0F, 0xE0, 0x00, 0x18, 0x0F, 0x80, 0x00, 0x00, 0x1F, 0x00, 0x00, 0x00, 0x3F, 0x00, 0x00, 0x00, 0x3E, 0x00, 0x00, 0x00,
    0x3C, 0x00, 0x00, 0x00, 0x7C, 0x00, 0x00, 0x00, 0x7C, 0x00, 0x00, 0x00, 0x78, 0x00, 0x00, 0x00, 0x78, 0x00, 0x00, 0x00, 0x78, 0x00, 0x00, 0x00,
    0xF8, 0x00, 0x00, 0x00, 0xF8, 0x00, 0x3F, 0xFE, 0xF8, 0x00, 0x3F, 0xFE, 0x78, 0x00, 0x3F, 0xFE, 0x78, 0x00, 0x00, 0x1E, 0x78, 0x00, 0x00, 0x1E,
    0x7C, 0x00, 0x00, 0x1E, 0x7C, 0x00, 0x00, 0x1E, 0x3C, 0x00, 0x00, 0x1E, 0x3E, 0x00, 0x00, 0x1E, 0x3F, 0x00, 0x00, 0x1E, 0x1F, 0x00, 0x00, 0x1E,
    0x0F, 0x80, 0x00, 0x1E, 0x0F, 0xE0, 0x00, 0x1E, 0x07, 0xF8, 0x00, 0x7E, 0x03, 0xFF, 0x87, 0xFE, 0x00, 0xFF, 0xFF, 0xF8, 0x00, 0x7F, 0xFF, 0xF0,
    0x00, 0x1F, 0xFF, 0xC0, 0x00, 0x00, 0xF0, 0x00, 0xF0, 0x00, 0x00, 0xF0, 0xF0, 0x00, 0x00, 0xF0, 0xF0, 0x00, 0x00, 0xF0, 0xF0, 0x00, 0x00, 0xF0,
    0xF0, 0x00, 0x00, 0xF0, 0xF0, 0x00, 0x00, 0xF0, 0xF0, 0x00, 0x00, 0xF0, 0xF0, 0x00, 0x00, 0xF0, 0xF0, 0x00, 0x00, 0xF0, 0xF0, 0x00, 0x00, 0xF0,
    0xF0, 0x00, 0x00, 0xF0, 0xF0, 0x00, 0x00, 0xF0, 0xF0, 0x00, 0x00, 0xF0, 0xF0, 0x00, 0x00, 0xF0, 0xF0, 0x00, 0x00, 0xF0, 0xFF, 0xFF, 0xFF, 0xF0,
    0xFF, 0xFF, 0xFF, 0xF0, 0xFF, 0xFF, 0xFF, 0xF0, 0xF0, 0x00, 0x00, 0xF0, 0xF0, 0x00, 0x00, 0xF0, 0xF0, 0x00, 0x00, 0xF0, 0xF0, 0x00, 0x00, 0xF0,
    0xF0, 0x00, 0x00, 0xF0, 0xF0, 0x00, 0x00, 0xF0, 0xF0, 0x00, 0x00, 0xF0, 0xF0, 0x00, 0x00, 0xF0, 0xF0, 0x00, 0x00, 0xF0, 0xF0, 0x00, 0x00, 0xF0,
    0xF0, 0x00, 0x00, 0xF0, 0xF0, 0x00, 0x00, 0xF0, 0xF0, 0x00, 0x00, 0xF0, 0xF0, 0x00, 0x00, 0xF0, 0xF0, 0x00, 0x00, 0xF0, 0xF0, 0x00, 0x00, 0xF0,
    0xF0, 0x00, 0x00, 0xF0, 0xFF, 0xFF, 0xFF, 0xFF, 0xFF, 0xFF, 0xFF, 0xFF, 0xFF, 0xFF, 0xFF, 0xFF, 0x00, 0x3C, 0x00, 0x00, 0x3C, 0x00, 0x00, 0x3C,
    0x00, 0x00, 0x3C, 0x00, 0x00, 0x3C, 0x00, 0x00, 0x3C, 0x00, 0x00, 0x3C, 0x00, 0x00, 0x3C, 0x00, 0x00, 0x3C, 0x00, 0x00, 0x3C, 0x00, 0x00, 0x3C,
    0x00, 0x00, 0x3C, 0x00, 0x00, 0x3C, 0x00, 0x00, 0x3C, 0x00, 0x00, 0x3C, 0x00, 0x00, 0x3C, 0x00, 0x00, 0x3C, 0x00, 0x00, 0x3C, 0x00, 0x00, 0x3C,
    0x00, 0x00, 0x3C, 0x00, 0x00, 0x3C, 0x00, 0x00, 0x3C, 0x00, 0x00, 0x3C, 0x00, 0x00, 0x3C, 0x00, 0x00, 0x3C, 0x00, 0x00, 0x3C, 0x00, 0x00, 0x3C,
    0x00, 0xFF, 0xFF, 0xFF, 0xFF, 0xFF, 0xFF, 0xFF, 0xFF, 0xFF, 0xFF, 0xFF, 0xFF, 0x00, 0x00, 0x78, 0x00, 0x00, 0x78, 0x00, 0x00, 0x78, 0x00, 0x00,
    0x78, 0x00, 0x00, 0x78, 0x00, 0x00, 0x78, 0x00, 0x00, 0x78, 0x00, 0x00, 0x78, 0x00, 0x00, 0x78, 0x00, 0x00, 0x78, 0x00, 0x00, 0x78, 0x00, 0x00,
    0x78, 0x00, 0x00, 0x78, 0x00, 0x00, 0x78, 0x00, 0x00, 0x78, 0x00, 0x00, 0x78, 0x00, 0x00, 0x78, 0x00, 0x00, 0x78, 0x00, 0x00, 0x78, 0x00, 0x00,
    0x78, 0x00, 0x00, 0x78, 0x00, 0x00, 0x78, 0x00, 0x00, 0x78, 0x00, 0x00, 0x78, 0x00, 0x00, 0x78, 0x00, 0x00, 0x78, 0x00, 0x00, 0x78, 0x00, 0x00,
    0xF8, 0x60, 0x00, 0xF8, 0xF0, 0x01, 0xF8, 0xFC, 0x03, 0xF0, 0x7F, 0x1F, 0xF0, 0x3F, 0xFF, 0xE0, 0x1F, 0xFF, 0xC0, 0x07, 0xFF, 0x00, 0x00, 0x20,
    0x00, 0xF0, 0x00, 0x07, 0xE0, 0xF0, 0x00, 0x0F, 0x80, 0xF0, 0x00, 0x1F, 0x00, 0xF0, 0x00, 0x3E, 0x00, 0xF0, 0x00, 0x7E, 0x00, 0xF0, 0x00, 0xFC,
    0x00, 0xF0, 0x01, 0xF8, 0x00, 0xF0, 0x03, 0xF0, 0x00, 0xF0, 0x07, 0xE0, 0x00, 0xF0, 0x0F, 0xC0, 0x00, 0xF0, 0x1F, 0x80, 0x00, 0xF0, 0x3F, 0x00,
    0x00, 0xF0, 0x7E, 0x00, 0x00, 0xF0, 0xFC, 0x00, 0x00, 0xF1, 0xFE, 0x00, 0x00, 0xF3, 0xFF, 0x00, 0x00, 0xF3, 0xEF, 0x00, 0x00, 0xF7, 0xCF, 0x80,
    0x00, 0xFF, 0x87, 0xC0, 0x00, 0xFF, 0x03, 0xC0, 0x00, 0xFE, 0x03, 0xE0, 0x00, 0xFC, 0x01, 0xF0, 0x00, 0xF8, 0x00, 0xF0, 0x00, 0xF8, 0x00, 0xF8,
    0x00, 0xF0, 0x00, 0x7C, 0x00, 0xF0, 0x00, 0x3E, 0x00, 0xF0, 0x00, 0x3E, 0x00, 0xF0, 0x00, 0x1F, 0x00, 0xF0, 0x00, 0x0F, 0x80, 0xF0, 0x00, 0x0F,
    0x80, 0xF0, 0x00, 0x07, 0xC0, 0xF0, 0x00, 0x03, 0xE0, 0xF0, 0x00, 0x03, 0xE0, 0xF0, 0x00, 0x01, 0xF0, 0xF0, 0x00, 0x00, 0xF8, 0xF0, 0x00, 0x00,
    0xF0, 0x00, 0x00, 0xF0, 0x00, 0x00, 0xF0, 0x00, 0x00, 0xF0, 0x00, 0x00, 0xF0, 0x00, 0x00, 0xF0, 0x00, 0x00, 0xF0, 0x00, 0x00, 0xF0, 0x00, 0x00,
    0xF0, 0x00, 0x00, 0xF0, 0x00, 0x00, 0xF0, 0x00, 0x00, 0xF0, 0x00, 0x00, 0xF0, 0x00, 0x00, 0xF0, 0x00, 0x00, 0xF0, 0x00, 0x00, 0xF0, 0x00, 0x00,
    0xF0, 0x00, 0x00, 0xF0, 0x00, 0x00, 0xF0, 0x00, 0x00, 0xF0, 0x00, 0x00, 0xF0, 0x00, 0x00, 0xF0, 0x00, 0x00, 0xF0, 0x00, 0x00, 0xF0, 0x00, 0x00,
    0xF0, 0x00, 0x00, 0xF0, 0x00, 0x00, 0xF0, 0x00, 0x00, 0xF0, 0x00, 0x00, 0xF0, 0x00, 0x00, 0xF0, 0x00, 0x00, 0xFF, 0xFF, 0xFC, 0xFF, 0xFF, 0xFC,
    0xFF, 0xFF, 0xFC, 0xFF, 0xFF, 0xFC, 0xFC, 0x00, 0x00, 0x0F, 0xC0, 0xFC, 0x00, 0x00, 0x1F, 0xC0, 0xFE, 0x00, 0x00, 0x1F, 0xC0, 0xFE, 0x00, 0x00,
    0x1F, 0xC0, 0xFF, 0x00, 0x00, 0x3F, 0xC0, 0xFF, 0x00, 0x00, 0x3F, 0xC0, 0xF7, 0x80, 0x00, 0x7B, 0xC0, 0xF7, 0x80, 0x00, 0x7B, 0xC0, 0xF3, 0xC0,
    0x00, 0xF3, 0xC0, 0xF3, 0xC0, 0x00, 0xF3, 0xC0, 0xF3, 0xC0, 0x00, 0xF3, 0xC0, 0xF1, 0xE0, 0x01, 0xE3, 0xC0, 0xF1, 0xE0, 0x01, 0xE3, 0xC0, 0xF0,
    0xF0, 0x03, 0xC7, 0xC0, 0xF0, 0xF0, 0x03, 0xC7, 0xC0, 0xF0, 0xF8, 0x07, 0x87, 0xC0, 0xF0, 0x78, 0x07, 0x87, 0xC0, 0xF0, 0x78, 0x07, 0x87, 0xC0,
    0xF0, 0x3C, 0x0F, 0x07, 0xC0, 0xF0, 0x3C, 0x0F, 0x07, 0xC0, 0xF0, 0x1E, 0x1E, 0x07, 0xC0, 0xF0, 0x1E, 0x1E, 0x07, 0xC0, 0xF0, 0x0F, 0x1C, 0x07,
    0xC0, 0xF0, 0x0F, 0x3C, 0x07, 0xC0, 0xF0, 0x0F, 0x38, 0x07, 0xC0, 0xF0, 0x07, 0xF8, 0x07, 0xC0, 0xF0, 0x07, 0xF8, 0x07, 0xC0, 0xF0, 0x03, 0xF0,
    0x07, 0xC0, 0xF0, 0x03, 0xF0, 0x07, 0xC0, 0xF0, 0x01, 0xE0, 0x07, 0xC0, 0xF0, 0x01, 0xE0, 0x07, 0xC0, 0xF0, 0x00, 0x00, 0x07, 0xC0, 0xF0, 0x00,
    0x00, 0x07, 0xC0, 0xF0, 0x00, 0x00, 0x07, 0xC0, 0xF0, 0x00, 0x00, 0x07, 0xC0, 0xF8, 0x00, 0x00, 0xF0, 0xFC, 0x00, 0x00, 0xF0, 0xFC, 0x00, 0x00,
    0xF0, 0xFE, 0x00, 0x00, 0xF0, 0xFF, 0x00, 0x00, 0xF0, 0xFF, 0x00, 0x00, 0xF0, 0xF7, 0x80, 0x00, 0xF0, 0xF7, 0xC0, 0x00, 0xF0, 0xF3, 0xC0, 0x00,
    0xF0, 0xF3, 0xE0, 0x00, 0xF0, 0xF1, 0xF0, 0x00, 0xF0, 0xF0, 0xF0, 0x00, 0xF0, 0xF0, 0xF8, 0x00, 0xF0, 0xF0, 0x7C, 0x00, 0xF0, 0xF0, 0x3C, 0x00,
    0xF0, 0xF0, 0x3E, 0x00, 0xF0, 0xF0, 0x1F, 0x00, 0xF0, 0xF0, 0x0F, 0x80, 0xF0, 0xF0, 0x0F, 0x80, 0xF0, 0xF0, 0x07, 0xC0, 0xF0, 0xF0, 0x03, 0xE0,
    0xF0, 0xF0, 0x03, 0xE0, 0xF0, 0xF0, 0x01, 0xF0, 0xF0, 0xF0, 0x00, 0xF8, 0xF0, 0xF0, 0x00, 0xF8, 0xF0, 0xF0, 0x00, 0x7C, 0xF0, 0xF0, 0x00, 0x3C,
    0xF0, 0xF0, 0x00, 0x3E, 0xF0, 0xF0, 0x00, 0x1F, 0xF0, 0xF0, 0x00, 0x0F, 0xF0, 0xF0, 0x00, 0x0F, 0xF0, 0xF0, 0x00, 0x07, 0xF0, 0xF0, 0x00, 0x03,
    0xF0, 0xF0, 0x00, 0x01, 0xF0, 0xF0, 0x00, 0x01, 0xF0, 0x00, 0x07, 0xF8, 0x00, 0x00, 0x00, 0x3F, 0xFF, 0x00, 0x00, 0x00, 0xFF, 0xFF, 0xC0, 0x00,
    0x03, 0xFF, 0xFF, 0xF0, 0x00, 0x07, 0xF8, 0x07, 0xF8, 0x00, 0x0F, 0xE0, 0x01, 0xFC, 0x00, 0x1F, 0x80, 0x00, 0x7E, 0x00, 0x1F, 0x00, 0x00, 0x3E,
    0x00, 0x3E, 0x00, 0x00, 0x1F, 0x00, 0x3E, 0x00, 0x00, 0x1F, 0x00, 0x7C, 0x00, 0x00, 0x0F, 0x80, 0x7C, 0x00, 0x00, 0x0F, 0x80, 0x78, 0x00, 0x00,
    0x07, 0x80, 0xF8, 0x00, 0x00, 0x07, 0xC0, 0xF8, 0x00, 0x00, 0x07, 0xC0, 0xF8, 0x00, 0x00, 0x07, 0xC0, 0xF8, 0x00, 0x00, 0x07, 0xC0, 0xF8, 0x00,
    0x00, 0x07, 0xC0, 0xF8, 0x00, 0x00, 0x07, 0xC0, 0xF8, 0x00, 0x00, 0x07, 0xC0, 0xF8, 0x00, 0x00, 0x07, 0xC0, 0xF8, 0x00, 0x00, 0x07, 0xC0, 0xF8,
    0x00, 0x00, 0x07, 0xC0, 0xF8, 0x00, 0x00, 0x07, 0xC0, 0x7C, 0x00, 0x00, 0x0F, 0x80, 0x7C, 0x00, 0x00, 0x0F, 0x80, 0x7C, 0x00, 0x00, 0x0F, 0x80,
    0x3E, 0x00, 0x00, 0x1F, 0x00, 0x3F, 0x00, 0x00, 0x3F, 0x00, 0x1F, 0x80, 0x00, 0x7E, 0x00, 0x0F, 0xC0, 0x00, 0xFC, 0x00, 0x07, 0xF0, 0x03, 0xF8,
    0x00, 0x03, 0xFE, 0x1F, 0xF8, 0x00, 0x01, 0xFF, 0xFF, 0xE0, 0x00, 0x00, 0xFF, 0xFF, 0xC0, 0x00, 0x00, 0x1F, 0xFE, 0x00, 0x00, 0x00, 0x01, 0xC0,
    0x00, 0x00, 0xFF, 0xFF, 0xC0, 0x00, 0xFF, 0xFF, 0xF8, 0x00, 0xFF, 0xFF, 0xFE, 0x00, 0xF8, 0x03, 0xFF, 0x00, 0xF8, 0x00, 0x3F, 0x80, 0xF8, 0x00,
    0x0F, 0x80, 0xF8, 0x00, 0x07, 0xC0, 0xF8, 0x00, 0x07, 0xC0, 0xF8, 0x00, 0x03, 0xC0, 0xF8, 0x00, 0x03, 0xC0, 0xF8, 0x00, 0x03, 0xC0, 0xF8, 0x00,
    0x03, 0xC0, 0xF8, 0x00, 0x03, 0xC0, 0xF8, 0x00, 0x07, 0xC0, 0xF8, 0x00, 0x0F, 0x80, 0xF8, 0x00, 0x1F, 0x80, 0xF8, 0x00, 0x7F, 0x00, 0xFF, 0xFF,
    0xFE, 0x00, 0xFF, 0xFF, 0xFC, 0x00, 0xFF, 0xFF, 0xF0, 0x00, 0xFF, 0xFF, 0x80, 0x00, 0xF8, 0x00, 0x00, 0x00, 0xF8, 0x00, 0x00, 0x00, 0xF8, 0x00,
    0x00, 0x00, 0xF8, 0x00, 0x00, 0x00, 0xF8, 0x00, 0x00, 0x00, 0xF8, 0x00, 0x00, 0x00, 0xF8, 0x00, 0x00, 0x00, 0xF8, 0x00, 0x00, 0x00, 0xF8, 0x00,
    0x00, 0x00, 0xF8, 0x00, 0x00, 0x00, 0xF8, 0x00, 0x00, 0x00, 0xF8, 0x00, 0x00, 0x00, 0xF8, 0x00, 0x00, 0x00, 0xF8, 0x00, 0x00, 0x00, 0x00, 0x07,
    0xF8, 0x00, 0x00, 0x00, 0x3F, 0xFF, 0x00, 0x00, 0x00, 0xFF, 0xFF, 0xC0, 0x00, 0x03, 0xFF, 0xFF, 0xF0, 0x00, 0x07, 0xF8, 0x07, 0xF8, 0x00, 0x0F,
    0xE0, 0x01, 0xFC, 0x00, 0x1F, 0x80, 0x00, 0x7C, 0x00, 0x1F, 0x00, 0x00, 0x3E, 0x00, 0x3E, 0x00, 0x00, 0x3F, 0x00, 0x3E, 0x00, 0x00, 0x1F, 0x00,
    0x7C, 0x00, 0x00, 0x0F, 0x80, 0x7C, 0x00, 0x00, 0x0F, 0x80, 0x78, 0x00, 0x00, 0x07, 0x80, 0xF8, 0x00, 0x00, 0x07, 0xC0, 0xF8, 0x00, 0x00, 0x07,
    0xC0, 0xF8, 0x00, 0x00, 0x07, 0xC0, 0xF8, 0x00, 0x00, 0x07, 0xC0, 0xF0, 0x00, 0x00, 0x07, 0xC0, 0xF0, 0x00, 0x00, 0x07, 0xC0, 0xF8, 0x00, 0x00,
    0x07, 0xC0, 0xF8, 0x00, 0x00, 0x07, 0xC0, 0xF8, 0x00, 0x00, 0x07, 0xC0, 0xF8, 0x00, 0x00, 0x07, 0xC0, 0xF8, 0x00, 0x00, 0x07, 0x80, 0x78, 0x00,
    0x00, 0x0F, 0x80, 0x7C, 0x00, 0x00, 0x0F, 0x80, 0x7C, 0x00, 0x00, 0x0F, 0x00, 0x3E, 0x00, 0x00, 0x1F, 0x00, 0x3F, 0x00, 0x00, 0x3E, 0x00, 0x1F,
    0x00, 0x00, 0x7E, 0x00, 0x0F, 0xC0, 0x00, 0xFC, 0x00, 0x07, 0xE0, 0x01, 0xF8, 0x00, 0x03, 0xFC, 0x0F, 0xF0, 0x00, 0x01, 0xFF, 0xFF, 0xE0, 0x00,
    0x00, 0xFF, 0xFF, 0x80, 0x00, 0x00, 0x1F, 0xFE, 0x00, 0x00, 0x00, 0x01, 0xF0, 0x00, 0x00, 0x00, 0x01, 0xF0, 0x00, 0x00, 0x00, 0x00, 0xF8, 0x00,
    0x00, 0x00, 0x00, 0x7E, 0x00, 0x00, 0x00, 0x00, 0x3F, 0x80, 0x20, 0x00, 0x00, 0x1F, 0xFF, 0xC0, 0x00, 0x00, 0x0F, 0xFF, 0xE0, 0x00, 0x00, 0x03,
    0xFF, 0xE0, 0x00, 0x00, 0x00, 0x3F, 0x80, 0xFF, 0xFF, 0xE0, 0x00, 0xFF, 0xFF, 0xFC, 0x00, 0xFF, 0xFF, 0xFE, 0x00, 0xF0, 0x07, 0xFF, 0x00, 0xF0,
    0x00, 0x1F, 0x80, 0xF0, 0x00, 0x0F, 0xC0, 0xF0, 0x00, 0x07, 0xC0, 0xF0, 0x00, 0x07, 0xC0, 0xF0, 0x00, 0x03, 0xC0, 0xF0, 0x00, 0x03, 0xC0, 0xF0,
    0x00, 0x03, 0xC0, 0xF0, 0x00, 0x03, 0xC0, 0xF0, 0x00, 0x07, 0xC0, 0xF0, 0x00, 0x07, 0xC0, 0xF0, 0x00, 0x0F, 0x80, 0xF0, 0x00, 0x3F, 0x00, 0xFF,
    0xFF, 0xFE, 0x00, 0xFF, 0xFF, 0xFC, 0x00, 0xFF, 0xFF, 0xF0, 0x00, 0xFF, 0xFF, 0x80, 0x00, 0xF0, 0x07, 0xC0, 0x00, 0xF0, 0x07, 0xC0, 0x00, 0xF0,
    0x03, 0xE0, 0x00, 0xF0, 0x01, 0xF0, 0x00, 0xF0, 0x01, 0xF0, 0x00, 0xF0, 0x00, 0xF8, 0x00, 0xF0, 0x00, 0x7C, 0x00, 0xF0, 0x00, 0x7C, 0x00, 0xF0,
    0x00, 0x3E, 0x00, 0xF0, 0x00, 0x1F, 0x00, 0xF0, 0x00, 0x1F, 0x00, 0xF0, 0x00, 0x0F, 0x80, 0xF0, 0x00, 0x07, 0xC0, 0xF0, 0x00, 0x07, 0xE0, 0xF0,
    0x00, 0x03, 0xF0, 0x00, 0x1F, 0xE0, 0x00, 0x00, 0xFF, 0xFC, 0x00, 0x03, 0xFF, 0xFF, 0x00, 0x07, 0xFF, 0xFF, 0x80, 0x0F, 0xE0, 0x3F, 0xE0, 0x1F,
    0x80, 0x07, 0xC0, 0x1F, 0x00, 0x01, 0x80, 0x3E, 0x00, 0x00, 0x80, 0x3E, 0x00, 0x00, 0x00, 0x3E, 0x00, 0x00, 0x00, 0x3E, 0x00, 0x00, 0x00, 0x3E,
    0x00, 0x00, 0x00, 0x1F, 0x00, 0x00, 0x00, 0x1F, 0xC0, 0x00, 0x00, 0x0F, 0xF0, 0x00, 0x00, 0x07, 0xFE, 0x00, 0x00, 0x03, 0xFF, 0xC0, 0x00, 0x00,
    0xFF, 0xF0, 0x00, 0x00, 0x3F, 0xFE, 0x00, 0x00, 0x07, 0xFF, 0x00, 0x00, 0x00, 0xFF, 0x80, 0x00, 0x00, 0x3F, 0xC0, 0x00, 0x00, 0x0F, 0xE0, 0x00,
    0x00, 0x03, 0xE0, 0x00, 0x00, 0x01, 0xF0, 0x00, 0x00, 0x01, 0xF0, 0x00, 0x00, 0x01, 0xF0, 0x00, 0x00, 0x01, 0xF0, 0x20, 0x00, 0x01, 0xF0, 0x38,
    0x00, 0x01, 0xE0, 0x7C, 0x00, 0x03, 0xE0, 0xFF, 0x00, 0x0F, 0xC0, 0x3F, 0xF8, 0x7F, 0xC0, 0x1F, 0xFF, 0xFF, 0x80, 0x07, 0xFF, 0xFE, 0x00, 0x01,
    0xFF, 0xF8, 0x00, 0x00, 0x07, 0x00, 0x00, 0xFF, 0xFF, 0xFF, 0xFC, 0xFF, 0xFF, 0xFF, 0xFC, 0xFF, 0xFF, 0xFF, 0xFC, 0x00, 0x07, 0x80, 0x00, 0x00,
    0x07, 0x80, 0x00, 0x00, 0x07, 0x80, 0x00, 0x00, 0x07, 0x80, 0x00, 0x00, 0x07, 0x80, 0x00, 0x00, 0x07, 0x80, 0x00, 0x00, 0x07, 0x80, 0x00, 0x00,
    0x07, 0x80, 0x00, 0x00, 0x07, 0x80, 0x00, 0x00, 0x07, 0x80, 0x00, 0x00, 0x07, 0x80, 0x00, 0x00, 0x07, 0x80, 0x00, 0x00, 0x07, 0x80, 0x00, 0x00,
    0x07, 0x80, 0x00, 0x00, 0x07, 0x80, 0x00, 0x00, 0x07, 0x80, 0x00, 0x00, 0x07, 0x80, 0x00, 0x00, 0x07, 0x80, 0x00, 0x00, 0x07, 0x80, 0x00, 0x00,
    0x07, 0x80, 0x00, 0x00, 0x07, 0x80, 0x00, 0x00, 0x07, 0x80, 0x00, 0x00, 0x07, 0x80, 0x00, 0x00, 0x07, 0x80, 0x00, 0x00, 0x07, 0x80, 0x00, 0x00,
    0x07, 0x80, 0x00, 0x00, 0x07, 0x80, 0x00, 0x00, 0x07, 0x80, 0x00, 0x00, 0x07, 0x80, 0x00, 0x00, 0x07, 0x80, 0x00, 0x00, 0x07, 0x80, 0x00, 0x00,
    0x07, 0x80, 0x00, 0xF0, 0x00, 0x00, 0xF0, 0xF0, 0x00, 0x00, 0xF0, 0xF0, 0x00, 0x00, 0xF0, 0xF0, 0x00, 0x00, 0xF0, 0xF0, 0x00, 0x00, 0xF0, 0xF0,
    0x00, 0x00, 0xF0, 0xF0, 0x00, 0x00, 0xF0, 0xF0, 0x00, 0x00, 0xF0, 0xF0, 0x00, 0x00, 0xF0, 0xF0, 0x00, 0x00, 0xF0, 0xF0, 0x00, 0x00, 0xF0, 0xF0,
    0x00, 0x00, 0xF0, 0xF0, 0x00, 0x00, 0xF0, 0xF0, 0x00, 0x00, 0xF0, 0xF0, 0x00, 0x00, 0xF0, 0xF0, 0x00, 0x00, 0xF0, 0xF0, 0x00, 0x00, 0xF0, 0xF0,
    0x00, 0x00, 0xF0, 0xF0, 0x00, 0x00, 0xF0, 0xF0, 0x00, 0x00, 0xF0, 0xF0, 0x00, 0x00, 0xF0, 0xF0, 0x00, 0x00, 0xF0, 0xF0, 0x00, 0x00, 0xF0, 0xF0,
    0x00, 0x00, 0xF0, 0xF8, 0x00, 0x00, 0xF0, 0xF8, 0x00, 0x01, 0xF0, 0x78, 0x00, 0x01, 0xF0, 0x7C, 0x00, 0x03, 0xE0, 0x7C, 0x00, 0x03, 0xE0, 0x3E,
    0x00, 0x07, 0xC0, 0x3F, 0x80, 0x1F, 0xC0, 0x1F, 0xF0, 0xFF, 0x80, 0x0F, 0xFF, 0xFF, 0x00, 0x03, 0xFF, 0xFE, 0x00, 0x01, 0xFF, 0xF0, 0x00, 0x00,
    0x0F, 0x00, 0x00, 0xF8, 0x00, 0x00, 0x1F, 0x7C, 0x00, 0x00, 0x3E, 0x7C, 0x00, 0x00, 0x3E, 0x3C, 0x00, 0x00, 0x3C, 0x3E, 0x00, 0x00, 0x7C, 0x1E,
    0x00, 0x00, 0x78, 0x1F, 0x00, 0x00, 0x78, 0x1F, 0x00, 0x00, 0xF8, 0x0F, 0x00, 0x00, 0xF0, 0x0F, 0x80, 0x00, 0xF0, 0x0F, 0x80, 0x01, 0xF0, 0x07,
    0x80, 0x01, 0xE0, 0x07, 0xC0, 0x01, 0xE0, 0x03, 0xC0, 0x03, 0xE0, 0x03, 0xC0, 0x03, 0xC0, 0x03, 0xE0, 0x07, 0xC0, 0x01, 0xE0, 0x07, 0x80, 0x01,
    0xE0, 0x07, 0x80, 0x01, 0xF0, 0x0F, 0x80, 0x00, 0xF0, 0x0F, 0x00, 0x00, 0xF0, 0x0F, 0x00, 0x00, 0xF8, 0x1F, 0x00, 0x00, 0x78, 0x1E, 0x00, 0x00,
    0x7C, 0x1E, 0x00, 0x00, 0x3C, 0x3C, 0x00, 0x00, 0x3C, 0x3C, 0x00, 0x00, 0x3E, 0x3C, 0x00, 0x00, 0x1E, 0x78, 0x00, 0x00, 0x1E, 0x78, 0x00, 0x00,
    0x1F, 0x78, 0x00, 0x00, 0x0F, 0xF0, 0x00, 0x00, 0x0F, 0xF0, 0x00, 0x00, 0x07, 0xF0, 0x00, 0x00, 0x07, 0xE0, 0x00, 0x00, 0x07, 0xE0, 0x00, 0xF8,
    0x00, 0x07, 0x80, 0x00, 0x7C, 0x78, 0x00, 0x07, 0xC0, 0x00, 0x78, 0x7C, 0x00, 0x0F, 0xC0, 0x00, 0x78, 0x7C, 0x00, 0x0F, 0xC0, 0x00, 0xF8, 0x3C,
    0x00, 0x0F, 0xE0, 0x00, 0xF0, 0x3C, 0x00, 0x1F, 0xE0, 0x00, 0xF0, 0x3E, 0x00, 0x1F, 0xE0, 0x00, 0xF0, 0x3E, 0x00, 0x1C, 0xE0, 0x01, 0xF0, 0x1E,
    0x00, 0x3C, 0xF0, 0x01, 0xE0, 0x1E, 0x00, 0x3C, 0xF0, 0x01, 0xE0, 0x1F, 0x00, 0x3C, 0xF0, 0x01, 0xE0, 0x1F, 0x00, 0x38, 0x78, 0x03, 0xE0, 0x0F,
    0x00, 0x78, 0x78, 0x03, 0xC0, 0x0F, 0x00, 0x78, 0x78, 0x03, 0xC0, 0x0F, 0x00, 0x78, 0x7C, 0x03, 0xC0, 0x0F, 0x80, 0xF0, 0x3C, 0x07, 0xC0, 0x07,
    0x80, 0xF0, 0x3C, 0x07, 0x80, 0x07, 0x80, 0xF0, 0x3C, 0x07, 0x80, 0x07, 0x80, 0xE0, 0x1E, 0x07, 0x80, 0x07, 0xC1, 0xE0, 0x1E, 0x0F, 0x80, 0x03,
    0xC1, 0xE0, 0x1E, 0x0F, 0x00, 0x03, 0xC1, 0xE0, 0x1F, 0x0F, 0x00, 0x03, 0xC3, 0xC0, 0x0F, 0x0F, 0x00, 0x03, 0xE3, 0xC0, 0x0F, 0x0F, 0x00, 0x01,
    0xE3, 0xC0, 0x0F, 0x1E, 0x00, 0x01, 0xE3, 0x80, 0x07, 0x9E, 0x00, 0x01, 0xE7, 0x80, 0x07, 0x9E, 0x00, 0x01, 0xF7, 0x80, 0x07, 0x9E, 0x00, 0x00,
    0xF7, 0x00, 0x03, 0x9C, 0x00, 0x00, 0xF7, 0x00, 0x03, 0xFC, 0x00, 0x00, 0xFF, 0x00, 0x03, 0xFC, 0x00, 0x00, 0xFF, 0x00, 0x03, 0xFC, 0x00, 0x00,
    0x7E, 0x00, 0x01, 0xFC, 0x00, 0x00, 0x7E, 0x00, 0x01, 0xF8, 0x00, 0x00, 0x7E, 0x00, 0x01, 0xF8, 0x00, 0x7E, 0x00, 0x00, 0xF8, 0x3E, 0x00, 0x01,
    0xF0, 0x1F, 0x00, 0x03, 0xE0, 0x0F, 0x80, 0x03, 0xC0, 0x0F, 0x80, 0x07, 0xC0, 0x07, 0xC0, 0x0F, 0x80, 0x03, 0xC0, 0x0F, 0x00, 0x03, 0xE0, 0x1F,
    0x00, 0x01, 0xF0, 0x1E, 0x00, 0x00, 0xF0, 0x3C, 0x00, 0x00, 0xF8, 0x7C, 0x00, 0x00, 0x7C, 0x78, 0x00, 0x00, 0x7C, 0xF8, 0x00, 0x00, 0x3E, 0xF0,
    0x00, 0x00, 0x1F, 0xE0, 0x00, 0x00, 0x1F, 0xE0, 0x00, 0x00, 0x0F, 0xC0, 0x00, 0x00, 0x0F, 0xC0, 0x00, 0x00, 0x1F, 0xE0, 0x00, 0x00, 0x1F, 0xE0,
    0x00, 0x00, 0x3D, 0xF0, 0x00, 0x00, 0x7C, 0xF8, 0x00, 0x00, 0x78, 0x78, 0x00, 0x00, 0xF0, 0x7C, 0x00, 0x01, 0xF0, 0x3E, 0x00, 0x01, 0xE0, 0x3E,
    0x00, 0x03, 0xE0, 0x1F, 0x00, 0x07, 0xC0, 0x0F, 0x80, 0x07, 0x80, 0x0F, 0x80, 0x0F, 0x80, 0x07, 0xC0, 0x1F, 0x00, 0x03, 0xE0, 0x1E, 0x00, 0x03,
    0xE0, 0x3E, 0x00, 0x01, 0xF0, 0x7C, 0x00, 0x00, 0xF8, 0xFC, 0x00, 0x00, 0xFC, 0xF8, 0x00, 0x01, 0xF0, 0x78, 0x00, 0x01, 0xE0, 0x7C, 0x00, 0x03,
    0xE0, 0x3C, 0x00, 0x03, 0xC0, 0x3E, 0x00, 0x07, 0xC0, 0x1E, 0x00, 0x07, 0x80, 0x1F, 0x00, 0x0F, 0x80, 0x0F, 0x80, 0x0F, 0x00, 0x07, 0x80, 0x1E,
    0x00, 0x07, 0xC0, 0x3E, 0x00, 0x03, 0xC0, 0x3C, 0x00, 0x03, 0xE0, 0x7C, 0x00, 0x01, 0xE0, 0x78, 0x00, 0x01, 0xF0, 0xF8, 0x00, 0x00, 0xF0, 0xF0,
    0x00, 0x00, 0x79, 0xE0, 0x00, 0x00, 0x79, 0xE0, 0x00, 0x00, 0x3F, 0xC0, 0x00, 0x00, 0x3F, 0xC0, 0x00, 0x00, 0x1F, 0x80, 0x00, 0x00, 0x1F, 0x80,
    0x00, 0x00, 0x0F, 0x00, 0x00, 0x00, 0x0F, 0x00, 0x00, 0x00, 0x0F, 0x00, 0x00, 0x00, 0x0F, 0x00, 0x00, 0x00, 0x0F, 0x00, 0x00, 0x00, 0x0F, 0x00,
    0x00, 0x00, 0x0F, 0x00, 0x00, 0x00, 0x0F, 0x00, 0x00, 0x00, 0x0F, 0x00, 0x00, 0x00, 0x0F, 0x00, 0x00, 0x00, 0x0F, 0x00, 0x00, 0x00, 0x0F, 0x00,
    0x00, 0x00, 0x0F, 0x00, 0x00, 0x00, 0x0F, 0x00, 0x00, 0x3F, 0xFF, 0xFF, 0xF0, 0x3F, 0xFF, 0xFF, 0xF0, 0x3F, 0xFF, 0xFF, 0xE0, 0x00, 0x00, 0x03,
    0xE0, 0x00, 0x00, 0x07, 0xC0, 0x00, 0x00, 0x0F, 0x80, 0x00, 0x00, 0x0F, 0x00, 0x00, 0x00, 0x1F, 0x00, 0x00, 0x00, 0x3E, 0x00, 0x00, 0x00, 0x7C,
    0x00, 0x00, 0x00, 0x78, 0x00, 0x00, 0x00, 0xF8, 0x00, 0x00, 0x01, 0xF0, 0x00, 0x00, 0x03, 0xE0, 0x00, 0x00, 0x03, 0xC0, 0x00, 0x00, 0x07, 0xC0,
    0x00, 0x00, 0x0F, 0x80, 0x00, 0x00, 0x1F, 0x00, 0x00, 0x00, 0x1F, 0x00, 0x00, 0x00, 0x3E, 0x00, 0x00, 0x00, 0x7C, 0x00, 0x00, 0x00, 0xF8, 0x00,
    0x00, 0x00, 0xF8, 0x00, 0x00, 0x01, 0xF0, 0x00, 0x00, 0x03, 0xE0, 0x00, 0x00, 0x07, 0xC0, 0x00, 0x00, 0x07, 0xC0, 0x00, 0x00, 0x0F, 0x80, 0x00,
    0x00, 0x1F, 0x00, 0x00, 0x00, 0x3E, 0x00, 0x00, 0x00, 0x3E, 0x00, 0x00, 0x00, 0x7F, 0xFF, 0xFF, 0xF0, 0xFF, 0xFF, 0xFF, 0xF0, 0xFF, 0xFF, 0xFF,
    0xF0, 0xFF, 0xFF, 0xFF, 0xF0, 0xFF, 0xF0, 0xFF, 0xF0, 0xFF, 0xF0, 0xF0, 0x00, 0xF0, 0x00, 0xF0, 0x00, 0xF0, 0x00, 0xF0, 0x00, 0xF0, 0x00, 0xF0,
    0x00, 0xF0, 0x00, 0xF0, 0x00, 0xF0, 0x00, 0xF0, 0x00, 0xF0, 0x00, 0xF0, 0x00, 0xF0, 0x00, 0xF0, 0x00, 0xF0, 0x00, 0xF0, 0x00, 0xF0, 0x00, 0xF0,
    0x00, 0xF0, 0x00, 0xF0, 0x00, 0xF0, 0x00, 0xF0, 0x00, 0xF0, 0x00, 0xF0, 0x00, 0xF0, 0x00, 0xF0, 0x00, 0xF0, 0x00, 0xF0, 0x00, 0xF0, 0x00, 0xF0,
    0x00, 0xF0, 0x00, 0xF0, 0x00, 0xF0, 0x00, 0xF0, 0x00, 0xF0, 0x00, 0xF0, 0x00, 0xF0, 0x00, 0xF0, 0x00, 0xF0, 0x00, 0xFF, 0xF0, 0xFF, 0xF0, 0x40,
    0x00, 0x00, 0x00, 0x00, 0x00, 0xC0, 0x00, 0x00, 0x00, 0x00, 0x00, 0xE0, 0x00, 0x00, 0x00, 0x00, 0x00, 0x70, 0x00, 0x00, 0x00, 0x00, 0x00, 0x38,
    0x00, 0x00, 0x00, 0x00, 0x00, 0x1C, 0x00, 0x00, 0x00, 0x00, 0x00, 0x0E, 0x00, 0x00, 0x00, 0x00, 0x00, 0x07, 0x00, 0x00, 0x00, 0x00, 0x00, 0x03,
    0x80, 0x00, 0x00, 0x00, 0x00, 0x01, 0xC0, 0x00, 0x00, 0x00, 0x00, 0x00, 0xE0, 0x00, 0x00, 0x00, 0x00, 0x00, 0x70, 0x00, 0x00, 0x00, 0x00, 0x00,
    0x38, 0x00, 0x00, 0x00, 0x00, 0x00, 0x1C, 0x00, 0x00, 0x00, 0x00, 0x00, 0x0E, 0x00, 0x00, 0x00, 0x00, 0x00, 0x07, 0x00, 0x00, 0x00, 0x00, 0x00,
    0x03, 0x80, 0x00, 0x00, 0x00, 0x00, 0x01, 0xC0, 0x00, 0x00, 0x00, 0x00, 0x00, 0xE0, 0x00, 0x00, 0x00, 0x00, 0x00, 0x70, 0x00, 0x00, 0x00, 0x00,
    0x00, 0x38, 0x00, 0x00, 0x00, 0x00, 0x00, 0x1C, 0x00, 0x00, 0x00, 0x00, 0x00, 0x0E, 0x00, 0x00, 0x00, 0x00, 0x00, 0x07, 0x00, 0x00, 0x00, 0x00,
    0x00, 0x03, 0x80, 0x00, 0x00, 0x00, 0x00, 0x01, 0xC0, 0x00, 0x00, 0x00, 0x00, 0x00, 0xE0, 0x00, 0x00, 0x00, 0x00, 0x00, 0x70, 0x00, 0x00, 0x00,
    0x00, 0x00, 0x38, 0x00, 0x00, 0x00, 0x00, 0x00, 0x1C, 0x00, 0x00, 0x00, 0x00, 0x00, 0x0E, 0x00, 0x00, 0x00, 0x00, 0x00, 0x07, 0x00, 0x00, 0x00,
    0x00, 0x00, 0x03, 0x80, 0x00, 0x00, 0x00, 0x00, 0x01, 0xC0, 0x00, 0x00, 0x00, 0x00, 0x00, 0xE0, 0x00, 0x00, 0x00, 0x00, 0x00, 0x70, 0x00, 0x00,
    0x00, 0x00, 0x00, 0x38, 0x00, 0x00, 0x00, 0x00, 0x00, 0x1C, 0x00, 0x00, 0x00, 0x00, 0x00, 0x0E, 0x00, 0x00, 0x00, 0x00, 0x00, 0x07, 0x00, 0x00,
    0x00, 0x00, 0x00, 0x03, 0x80, 0x00, 0x00, 0x00, 0x00, 0x01, 0xC0, 0x00, 0x00, 0x00, 0x00, 0x00, 0xE0, 0x00, 0x00, 0x00, 0x00, 0x00, 0x70, 0x00,
    0x00, 0x00, 0x00, 0x00, 0x30, 0xFF, 0xF0, 0xFF, 0xF0, 0xFF, 0xF0, 0x00, 0xF0, 0x00, 0xF0, 0x00, 0xF0, 0x00, 0xF0, 0x00, 0xF0, 0x00, 0xF0, 0x00,
    0xF0, 0x00, 0xF0, 0x00, 0xF0, 0x00, 0xF0, 0x00, 0xF0, 0x00, 0xF0, 0x00, 0xF0, 0x00, 0xF0, 0x00, 0xF0, 0x00, 0xF0, 0x00, 0xF0, 0x00, 0xF0, 0x00,
    0xF0, 0x00, 0xF0, 0x00, 0xF0, 0x00, 0xF0, 0x00, 0xF0, 0x00, 0xF0, 0x00, 0xF0, 0x00, 0xF0, 0x00, 0xF0, 0x00, 0xF0, 0x00, 0xF0, 0x00, 0xF0, 0x00,
    0xF0, 0x00, 0xF0, 0x00, 0xF0, 0x00, 0xF0, 0x00, 0xF0, 0x00, 0xF0, 0x00, 0xF0, 0x00, 0xF0, 0x00, 0xF0, 0x00, 0xF0, 0xFF, 0xF0, 0xFF, 0xF0, 0x07,
    0x80, 0x0F, 0xC0, 0x1E, 0xE0, 0x3C, 0xF0, 0x38, 0x78, 0xF0, 0x3E, 0xFF, 0xFF, 0xFF, 0xFF, 0xFF, 0xFF, 0xFF, 0xFF, 0xFF, 0xFF, 0xFF, 0xFF, 0xFC,
    0x00, 0x3E, 0x00, 0x1F, 0x00, 0x0F, 0x80, 0x07, 0x80, 0x03, 0xE0, 0x00, 0x3F, 0x00, 0x03, 0xFF, 0xE0, 0x0F, 0xFF, 0xF0, 0x3F, 0xFF, 0xF8, 0x7F,
    0x00, 0xFC, 0x3C, 0x00, 0x7C, 0x10, 0x00, 0x3E, 0x00, 0x00, 0x1E, 0x00, 0x00, 0x1E, 0x00, 0x00, 0x1F, 0x00, 0x00, 0x1F, 0x00, 0x1F, 0xFF, 0x01,
    0xFF, 0xFF, 0x07, 0xFF, 0xDF, 0x1F, 0xE0, 0x1F, 0x3F, 0x00, 0x1F, 0x7C, 0x00, 0x1F, 0x78, 0x00, 0x1F, 0xF8, 0x00, 0x1F, 0xF8, 0x00, 0x1F, 0xF8,
    0x00, 0x1F, 0xF8, 0x00, 0x3F, 0x78, 0x00, 0xFF, 0x7E, 0x03, 0xEF, 0x3F, 0xFF, 0xCF, 0x1F, 0xFF, 0x0F, 0x0F, 0xFC, 0x0F, 0x01, 0xC0, 0x00, 0xF8,
    0x00, 0x00, 0x00, 0xF8, 0x00, 0x00, 0x00, 0xF8, 0x00, 0x00, 0x00, 0xF8, 0x00, 0x00, 0x00, 0xF8, 0x00, 0x00, 0x00, 0xF8, 0x00, 0x00, 0x00, 0xF8,
    0x00, 0x00, 0x00, 0xF8, 0x00, 0x00, 0x00, 0xF8, 0x00, 0x00, 0x00, 0xF8, 0x00, 0x00, 0x00, 0xF8, 0x00, 0x00, 0x00, 0xF0, 0x0F, 0x00, 0x00, 0xF0,
    0x7F, 0xF0, 0x00, 0xF1, 0xFF, 0xF8, 0x00, 0xF7, 0xFF, 0xFC, 0x00, 0xFF, 0xC0, 0xFE, 0x00, 0xFF, 0x00, 0x3F, 0x00, 0xFC, 0x00, 0x1F, 0x00, 0xF8,
    0x00, 0x0F, 0x80, 0xF8, 0x00, 0x0F, 0x80, 0xF8, 0x00, 0x07, 0x80, 0xF8, 0x00, 0x07, 0xC0, 0xF8, 0x00, 0x07, 0xC0, 0xF8, 0x00, 0x07, 0xC0, 0xF8,
    0x00, 0x07, 0xC0, 0xF8, 0x00, 0x07, 0xC0, 0xF8, 0x00, 0x07, 0xC0, 0xF8, 0x00, 0x07, 0xC0, 0xF8, 0x00, 0x07, 0x80, 0xF8, 0x00, 0x0F, 0x80, 0xF8,
    0x00, 0x0F, 0x80, 0xF8, 0x00, 0x1F, 0x00, 0xF8, 0x00, 0x3F, 0x00, 0xFE, 0x00, 0x7E, 0x00, 0xFF, 0x81, 0xFC, 0x00, 0xFF, 0xFF, 0xF8, 0x00, 0xF3,
    0xFF, 0xF0, 0x00, 0xF0, 0xFF, 0xC0, 0x00, 0x00, 0x1E, 0x00, 0x00, 0x00, 0x0F, 0x80, 0x00, 0x00, 0xFF, 0xF0, 0x00, 0x03, 0xFF, 0xFC, 0x00, 0x07,
    0xFF, 0xFF, 0x00, 0x0F, 0xE0, 0x3F, 0x00, 0x1F, 0x80, 0x0E, 0x00, 0x3F, 0x00, 0x04, 0x00, 0x3E, 0x00, 0x00, 0x00, 0x7C, 0x00, 0x00, 0x00, 0x7C,
    0x00, 0x00, 0x00, 0x78, 0x00, 0x00, 0x00, 0xF8, 0x00, 0x00, 0x00, 0xF8, 0x00, 0x00, 0x00, 0xF8, 0x00, 0x00, 0x00, 0xF8, 0x00, 0x00, 0x00, 0xF8,
    0x00, 0x00, 0x00, 0xF8, 0x00, 0x00, 0x00, 0xF8, 0x00, 0x00, 0x00, 0x7C, 0x00, 0x00, 0x00, 0x7C, 0x00, 0x00, 0x00, 0x3E, 0x00, 0x00, 0x00, 0x3F,
    0x00, 0x02, 0x00, 0x1F, 0x80, 0x0F, 0x00, 0x0F, 0xF0, 0x3F, 0x80, 0x07, 0xFF, 0xFF, 0x00, 0x03, 0xFF, 0xFC, 0x00, 0x00, 0xFF, 0xF0, 0x00, 0x00,
    0x02, 0x00, 0x00, 0x00, 0x00, 0x07, 0xC0, 0x00, 0x00, 0x07, 0xC0, 0x00, 0x00, 0x07, 0xC0, 0x00, 0x00, 0x07, 0xC0, 0x00, 0x00, 0x07, 0xC0, 0x00,
    0x00, 0x07, 0xC0, 0x00, 0x00, 0x07, 0xC0, 0x00, 0x00, 0x07, 0xC0, 0x00, 0x00, 0x07, 0xC0, 0x00, 0x00, 0x07, 0xC0, 0x00, 0x00, 0x07, 0xC0, 0x00,
    0x3F, 0x03, 0xC0, 0x00, 0xFF, 0xE3, 0xC0, 0x03, 0xFF, 0xF3, 0xC0, 0x07, 0xFF, 0xFF, 0xC0, 0x0F, 0xE0, 0x7F, 0xC0, 0x1F, 0x80, 0x0F, 0xC0, 0x3F,
    0x00, 0x07, 0xC0, 0x3E, 0x00, 0x07, 0xC0, 0x7C, 0x00, 0x07, 0xC0, 0x7C, 0x00, 0x07, 0xC0, 0x78, 0x00, 0x07, 0xC0, 0xF8, 0x00, 0x07, 0xC0, 0xF8,
    0x00, 0x07, 0xC0, 0xF8, 0x00, 0x07, 0xC0, 0xF8, 0x00, 0x07, 0xC0, 0xF8, 0x00, 0x07, 0xC0, 0xF8, 0x00, 0x07, 0xC0, 0xF8, 0x00, 0x07, 0xC0, 0x7C,
    0x00, 0x07, 0xC0, 0x7C, 0x00, 0x07, 0xC0, 0x7E, 0x00, 0x07, 0xC0, 0x3E, 0x00, 0x0F, 0xC0, 0x3F, 0x80, 0x1F, 0xC0, 0x1F, 0xE0, 0xFF, 0xC0, 0x0F,
    0xFF, 0xFB, 0xC0, 0x07, 0xFF, 0xF3, 0xC0, 0x01, 0xFF, 0xC3, 0xC0, 0x00, 0x18, 0x00, 0x00, 0x00, 0x0F, 0x00, 0x00, 0x00, 0xFF, 0xF0, 0x00, 0x03,
    0xFF, 0xFC, 0x00, 0x07, 0xFF, 0xFE, 0x00, 0x0F, 0xC0, 0x3F, 0x00, 0x1F, 0x00, 0x0F, 0x00, 0x3E, 0x00, 0x07, 0x80, 0x3C, 0x00, 0x07, 0x80, 0x7C,
    0x00, 0x03, 0xC0, 0x78, 0x00, 0x03, 0xC0, 0x78, 0x00, 0x03, 0xC0, 0xF8, 0x00, 0x03, 0xC0, 0xFF, 0xFF, 0xFF, 0xC0, 0xFF, 0xFF, 0xFF, 0xC0, 0xFF,
    0xFF, 0xFF, 0xC0, 0xF8, 0x00, 0x00, 0x00, 0xF8, 0x00, 0x00, 0x00, 0x78, 0x00, 0x00, 0x00, 0x78, 0x00, 0x00, 0x00, 0x7C, 0x00, 0x00, 0x00, 0x3E,
    0x00, 0x00, 0x00, 0x3F, 0x00, 0x00, 0x00, 0x1F, 0x80, 0x03, 0x00, 0x0F, 0xE0, 0x0F, 0x80, 0x07, 0xFF, 0xFF, 0x80, 0x03, 0xFF, 0xFF, 0x00, 0x00,
    0x7F, 0xF8, 0x00, 0x00, 0x03, 0x00, 0x00, 0x00, 0x01, 0xFC, 0x00, 0x00, 0x07, 0xFF, 0x80, 0x00, 0x1F, 0xFF, 0xC0, 0x00, 0x3F, 0xFF, 0x80, 0x00,
    0x7E, 0x00, 0x80, 0x00, 0x7C, 0x00, 0x00, 0x00, 0xF8, 0x00, 0x00, 0x00, 0xF8, 0x00, 0x00, 0x00, 0xF0, 0x00, 0x00, 0x00, 0xF0, 0x00, 0x00, 0x00,
    0xF0, 0x00, 0x00, 0x00, 0xF0, 0x00, 0x00, 0x00, 0xF0, 0x00, 0x00, 0xFF, 0xFF, 0xFE, 0x00, 0xFF, 0xFF, 0xFE, 0x00, 0xFF, 0xFF, 0xFE, 0x00, 0x00,
    0xF0, 0x00, 0x00, 0x00, 0xF0, 0x00, 0x00, 0x00, 0xF0, 0x00, 0x00, 0x00, 0xF0, 0x00, 0x00, 0x00, 0xF0, 0x00, 0x00, 0x00, 0xF0, 0x00, 0x00, 0x00,
    0xF0, 0x00, 0x00, 0x00, 0xF0, 0x00, 0x00, 0x00, 0xF0, 0x00, 0x00, 0x00, 0xF0, 0x00, 0x00, 0x00, 0xF0, 0x00, 0x00, 0x00, 0xF0, 0x00, 0x00, 0x00,
    0xF0, 0x00, 0x00, 0x00, 0xF0, 0x00, 0x00, 0x00, 0xF0, 0x00, 0x00, 0x00, 0xF0, 0x00, 0x00, 0x00, 0xF0, 0x00, 0x00, 0x00, 0xF0, 0x00, 0x00, 0x00,
    0xF0, 0x00, 0x00, 0x00, 0xF0, 0x00, 0x00, 0x00, 0xF0, 0x00, 0x00, 0x00, 0xF0, 0x00, 0x00, 0x00, 0xF0, 0x00, 0x00, 0x00, 0x1E, 0x00, 0x00, 0x01,
    0xFF, 0xFF, 0xE0, 0x07, 0xFF, 0xFF, 0xE0, 0x0F, 0xF7, 0xFF, 0xE0, 0x1F, 0x80, 0xF8, 0x00, 0x1F, 0x00, 0x7C, 0x00, 0x3E, 0x00, 0x3C, 0x00, 0x3C,
    0x00, 0x1E, 0x00, 0x3C, 0x00, 0x1E, 0x00, 0x3C, 0x00, 0x1E, 0x00, 0x3C, 0x00, 0x1E, 0x00, 0x3C, 0x00, 0x1E, 0x00, 0x3E, 0x00, 0x3E, 0x00, 0x1E,
    0x00, 0x3C, 0x00, 0x1F, 0x00, 0x7C, 0x00, 0x0F, 0xC1, 0xF8, 0x00, 0x07, 0xFF, 0xF0, 0x00, 0x0F, 0xFF, 0xC0, 0x00, 0x1E, 0x3E, 0x00, 0x00, 0x3C,
    0x00, 0x00, 0x00, 0x3C, 0x00, 0x00, 0x00, 0x3C, 0x00, 0x00, 0x00, 0x3C, 0x00, 0x00, 0x00, 0x3F, 0x00, 0x00, 0x00, 0x1F, 0xFF, 0xFE, 0x00, 0x0F,
    0xFF, 0xFF, 0x80, 0x0F, 0xFF, 0xFF, 0xC0, 0x3E, 0x00, 0x1F, 0xE0, 0x38, 0x00, 0x03, 0xE0, 0x78, 0x00, 0x01, 0xE0, 0xF0, 0x00, 0x01, 0xE0, 0xF0,
    0x00, 0x01, 0xE0, 0xF0, 0x00, 0x03, 0xE0, 0xF8, 0x00, 0x07, 0xC0, 0x7C, 0x00, 0x0F, 0x80, 0x3F, 0x80, 0x7F, 0x00, 0x1F, 0xFF, 0xFE, 0x00, 0x0F,
    0xFF, 0xF8, 0x00, 0x01, 0xFF, 0xC0, 0x00, 0xF0, 0x00, 0x00, 0xF0, 0x00, 0x00, 0xF0, 0x00, 0x00, 0xF0, 0x00, 0x00, 0xF0, 0x00, 0x00, 0xF0, 0x00,
    0x00, 0xF0, 0x00, 0x00, 0xF0, 0x00, 0x00, 0xF0, 0x00, 0x00, 0xF0, 0x00, 0x00, 0xF0, 0x00, 0x00, 0xF0, 0x1F, 0x00, 0xF0, 0xFF, 0xE0, 0xF1, 0xFF,
    0xF0, 0xF7, 0xFF, 0xF8, 0xFF, 0xC1, 0xFC, 0xFE, 0x00, 0x7C, 0xFC, 0x00, 0x3C, 0xF8, 0x00, 0x3E, 0xF0, 0x00, 0x3E, 0xF0, 0x00, 0x3E, 0xF0, 0x00,
    0x1E, 0xF0, 0x00, 0x1E, 0xF0, 0x00, 0x1E, 0xF0, 0x00, 0x1E, 0xF0, 0x00, 0x1E, 0xF0, 0x00, 0x1E, 0xF0, 0x00, 0x1E, 0xF0, 0x00, 0x1E, 0xF0, 0x00,
    0x1E, 0xF0, 0x00, 0x1E, 0xF0, 0x00, 0x1E, 0xF0, 0x00, 0x1E, 0xF0, 0x00, 0x1E, 0xF0, 0x00, 0x1E, 0xF0, 0x00, 0x1E, 0xF0, 0x00, 0x1E, 0xF0, 0x00,
    0x1E, 0x78, 0xFC, 0xFC, 0xFC, 0xFC, 0xFC, 0x30, 0x00, 0x00, 0x00, 0x00, 0x00, 0x78, 0x78, 0x78, 0x78, 0x78, 0x78, 0x78, 0x78, 0x78, 0x78, 0x78,
    0x78, 0x78, 0x78, 0x78, 0x78, 0x78, 0x78, 0x78, 0x78, 0x78, 0x78, 0x78, 0x78, 0x78, 0x78, 0x00, 0x03, 0xC0, 0x00, 0x07, 0xE0, 0x00, 0x07, 0xE0,
    0x00, 0x07, 0xE0, 0x00, 0x07, 0xE0, 0x00, 0x03, 0xE0, 0x00, 0x01, 0x80, 0x00, 0x00, 0x00, 0x00, 0x00, 0x00, 0x00, 0x00, 0x00, 0x00, 0x00, 0x00,
    0x00, 0x00, 0x00, 0x00, 0x03, 0xC0, 0x00, 0x03, 0xC0, 0x00, 0x03, 0xC0, 0x00, 0x03, 0xC0, 0x00, 0x03, 0xC0, 0x00, 0x03, 0xC0, 0x00, 0x03, 0xC0,
    0x00, 0x03, 0xC0, 0x00, 0x03, 0xC0, 0x00, 0x03, 0xC0, 0x00, 0x03, 0xC0, 0x00, 0x03, 0xC0, 0x00, 0x03, 0xC0, 0x00, 0x03, 0xC0, 0x00, 0x03, 0xC0,
    0x00, 0x03, 0xC0, 0x00, 0x03, 0xC0, 0x00, 0x03, 0xC0, 0x00, 0x03, 0xC0, 0x00, 0x03, 0xC0, 0x00, 0x03, 0xC0, 0x00, 0x03, 0xC0, 0x00, 0x03, 0xC0,
    0x00, 0x03, 0xC0, 0x00, 0x03, 0xC0, 0x00, 0x03, 0xC0, 0x00, 0x03, 0xC0, 0x00, 0x03, 0xC0, 0x00, 0x03, 0xC0, 0x00, 0x03, 0xC0, 0x00, 0x07, 0xC0,
    0x00, 0x07, 0xC0, 0x00, 0x0F, 0x80, 0x70, 0x1F, 0x80, 0xFF, 0xFF, 0x00, 0xFF, 0xFE, 0x00, 0x7F, 0xF8, 0x00, 0x07, 0xC0, 0x00, 0xF0, 0x00, 0x00,
    0xF0, 0x00, 0x00, 0xF0, 0x00, 0x00, 0xF0, 0x00, 0x00, 0xF0, 0x00, 0x00, 0xF0, 0x00, 0x00, 0xF0, 0x00, 0x00, 0xF0, 0x00, 0x00, 0xF0, 0x00, 0x00,
    0xF0, 0x00, 0x00, 0xF0, 0x00, 0x00, 0xF0, 0x00, 0x02, 0xF0, 0x00, 0x7C, 0xF0, 0x00, 0xF8, 0xF0, 0x01, 0xF0, 0xF0, 0x03, 0xE0, 0xF0, 0x07, 0xC0,
    0xF0, 0x0F, 0x80, 0xF0, 0x1F, 0x00, 0xF0, 0x3E, 0x00, 0xF0, 0x7C, 0x00, 0xF0, 0xF8, 0x00, 0xF1, 0xF8, 0x00, 0xF3, 0xF8, 0x00, 0xF3, 0xFC, 0x00,
    0xF7, 0xFE, 0x00, 0xFF, 0x9F, 0x00, 0xFF, 0x0F, 0x00, 0xFE, 0x0F, 0x80, 0xFC, 0x07, 0xC0, 0xF8, 0x03, 0xE0, 0xF0, 0x03, 0xE0, 0xF0, 0x01, 0xF0,
    0xF0, 0x00, 0xF8, 0xF0, 0x00, 0x78, 0xF0, 0x00, 0x7C, 0xF0, 0x00, 0x3E, 0xF0, 0x00, 0x1F, 0xF8, 0x00, 0xF8, 0x00, 0xF8, 0x00, 0xF8, 0x00, 0xF8,
    0x00, 0xF8, 0x00, 0xF8, 0x00, 0xF8, 0x00, 0xF8, 0x00, 0xF8, 0x00, 0xF8, 0x00, 0xF8, 0x00, 0xF8, 0x00, 0xF8, 0x00, 0xF8, 0x00, 0xF8, 0x00, 0xF8,
    0x00, 0xF8, 0x00, 0xF8, 0x00, 0xF8, 0x00, 0xF8, 0x00, 0xF8, 0x00, 0xF8, 0x00, 0xF8, 0x00, 0xF8, 0x00, 0xF8, 0x00, 0xF8, 0x00, 0xF8, 0x00, 0xF8,
    0x00, 0xF8, 0x00, 0xF8, 0x00, 0xF8, 0x00, 0xF8, 0x00, 0x7C, 0x00, 0x7E, 0x0E, 0x3F, 0xFE, 0x1F, 0xFF, 0x0F, 0xFE, 0x00, 0xA0, 0x00, 0x0E, 0x00,
    0x03, 0xC0, 0x00, 0xE0, 0xFF, 0xE0, 0x1F, 0xF8, 0x00, 0xE1, 0xFF, 0xF0, 0x7F, 0xFC, 0x00, 0xF7, 0xFF, 0xF8, 0xFF, 0xFE, 0x00, 0xFF, 0xC3, 0xFB,
    0xF0, 0x7E, 0x00, 0xFE, 0x00, 0xFF, 0xC0, 0x3F, 0x00, 0xFC, 0x00, 0x7F, 0x00, 0x1F, 0x00, 0xF8, 0x00, 0x7E, 0x00, 0x0F, 0x00, 0xF0, 0x00, 0x3C,
    0x00, 0x0F, 0x00, 0xF0, 0x00, 0x3C, 0x00, 0x0F, 0x80, 0xF0, 0x00, 0x3C, 0x00, 0x0F, 0x80, 0xF0, 0x00, 0x3C, 0x00, 0x0F, 0x80, 0xF0, 0x00, 0x3C,
    0x00, 0x0F, 0x80, 0xF0, 0x00, 0x3C, 0x00, 0x0F, 0x80, 0xF0, 0x00, 0x3C, 0x00, 0x0F, 0x80, 0xF0, 0x00, 0x3C, 0x00, 0x0F, 0x80, 0xF0, 0x00, 0x3C,
    0x00, 0x0F, 0x80, 0xF0, 0x00, 0x3C, 0x00, 0x0F, 0x80, 0xF0, 0x00, 0x3C, 0x00, 0x0F, 0x80, 0xF0, 0x00, 0x3C, 0x00, 0x0F, 0x80, 0xF0, 0x00, 0x3C,
    0x00, 0x0F, 0x80, 0xF0, 0x00, 0x3C, 0x00, 0x0F, 0x80, 0xF0, 0x00, 0x3C, 0x00, 0x0F, 0x80, 0xF0, 0x00, 0x3C, 0x00, 0x0F, 0x80, 0xF0, 0x00, 0x3C,
    0x00, 0x0F, 0x80, 0xF0, 0x00, 0x3C, 0x00, 0x0F, 0x80, 0xF0, 0x00, 0x3C, 0x00, 0x0F, 0x80, 0x00, 0x07, 0xC0, 0xF0, 0x7F, 0xF0, 0xF0, 0xFF, 0xF8,
    0xF3, 0xFF, 0xFC, 0xF7, 0xE0, 0xFE, 0xFF, 0x00, 0x3E, 0xFE, 0x00, 0x3F, 0xFC, 0x00, 0x1F, 0xF8, 0x00, 0x1F, 0xF8, 0x00, 0x1F, 0xF8, 0x00, 0x1F,
    0xF8, 0x00, 0x1F, 0xF8, 0x00, 0x1F, 0xF8, 0x00, 0x1F, 0xF8, 0x00, 0x1F, 0xF8, 0x00, 0x1F, 0xF8, 0x00, 0x1F, 0xF8, 0x00, 0x1F, 0xF8, 0x00, 0x1F,
    0xF8, 0x00, 0x1F, 0xF8, 0x00, 0x1F, 0xF8, 0x00, 0x1F, 0xF8, 0x00, 0x1F, 0xF8, 0x00, 0x1F, 0xF8, 0x00, 0x1F, 0xF8, 0x00, 0x1F, 0xF8, 0x00, 0x1F,
    0x00, 0x0F, 0x00, 0x00, 0x00, 0xFF, 0xF0, 0x00, 0x03, 0xFF, 0xFC, 0x00, 0x07, 0xFF, 0xFE, 0x00, 0x0F, 0xE0, 0x7F, 0x00, 0x1F, 0x80, 0x1F, 0x80,
    0x3F, 0x00, 0x0F, 0xC0, 0x3E, 0x00, 0x07, 0xC0, 0x7C, 0x00, 0x03, 0xE0, 0x7C, 0x00, 0x03, 0xE0, 0x78, 0x00, 0x01, 0xE0, 0xF8, 0x00, 0x01, 0xE0,
    0xF8, 0x00, 0x01, 0xF0, 0xF8, 0x00, 0x01, 0xF0, 0xF8, 0x00, 0x01, 0xF0, 0xF8, 0x00, 0x01, 0xF0, 0xF8, 0x00, 0x01, 0xE0, 0x78, 0x00, 0x01, 0xE0,
    0x7C, 0x00, 0x03, 0xE0, 0x7C, 0x00, 0x03, 0xE0, 0x3E, 0x00, 0x07, 0xC0, 0x3F, 0x00, 0x0F, 0xC0, 0x1F, 0x80, 0x1F, 0x80, 0x0F, 0xE0, 0x7F, 0x00,
    0x07, 0xFF, 0xFE, 0x00, 0x03, 0xFF, 0xFC, 0x00, 0x00, 0xFF, 0xF0, 0x00, 0x00, 0x06, 0x00, 0x00, 0x00, 0x0F, 0x80, 0x00, 0xF0, 0x7F, 0xF0, 0x00,
    0xF1, 0xFF, 0xF8, 0x00, 0xF7, 0xFF, 0xFC, 0x00, 0xFF, 0xC0, 0xFE, 0x00, 0xFE, 0x00, 0x3F, 0x00, 0xFC, 0x00, 0x1F, 0x00, 0xF8, 0x00, 0x0F, 0x80,
    0xF0, 0x00, 0x0F, 0x80, 0xF0, 0x00, 0x07, 0x80, 0xF0, 0x00, 0x07, 0xC0, 0xF0, 0x00, 0x07, 0xC0, 0xF0, 0x00, 0x07, 0xC0, 0xF0, 0x00, 0x07, 0xC0,
    0xF0, 0x00, 0x07, 0xC0, 0xF0, 0x00, 0x07, 0xC0, 0xF0, 0x00, 0x07, 0xC0, 0xF0, 0x00, 0x07, 0x80, 0xF0, 0x00, 0x0F, 0x80, 0xF0, 0x00, 0x0F, 0x80,
    0xF0, 0x00, 0x1F, 0x00, 0xF8, 0x00, 0x3F, 0x00, 0xFE, 0x00, 0x7E, 0x00, 0xFF, 0x81, 0xFC, 0x00, 0xFF, 0xFF, 0xF8, 0x00, 0xF3, 0xFF, 0xF0, 0x00,
    0xF0, 0xFF, 0xC0, 0x00, 0xF0, 0x0C, 0x00, 0x00, 0xF0, 0x00, 0x00, 0x00, 0xF0, 0x00, 0x00, 0x00, 0xF0, 0x00, 0x00, 0x00, 0xF0, 0x00, 0x00, 0x00,
    0xF0, 0x00, 0x00, 0x00, 0xF0, 0x00, 0x00, 0x00, 0xF0, 0x00, 0x00, 0x00, 0xF0, 0x00, 0x00, 0x00, 0xF0, 0x00, 0x00, 0x00, 0xF0, 0x00, 0x00, 0x00,
    0x00, 0x1F, 0x00, 0x00, 0x00, 0xFF, 0xE3, 0xC0, 0x03, 0xFF, 0xF3, 0xC0, 0x07, 0xFF, 0xFF, 0xC0, 0x0F, 0xE0, 0x7F, 0xC0, 0x1F, 0x80, 0x0F, 0xC0,
    0x3F, 0x00, 0x07, 0xC0, 0x3E, 0x00, 0x07, 0xC0, 0x7C, 0x00, 0x07, 0xC0, 0x7C, 0x00, 0x07, 0xC0, 0x78, 0x00, 0x07, 0xC0, 0xF8, 0x00, 0x07, 0xC0,
    0xF8, 0x00, 0x07, 0xC0, 0xF8, 0x00, 0x07, 0xC0, 0xF8, 0x00, 0x07, 0xC0, 0xF8, 0x00, 0x07, 0xC0, 0xF8, 0x00, 0x07, 0xC0, 0x78, 0x00, 0x07, 0xC0,
    0x78, 0x00, 0x07, 0xC0, 0x7C, 0x00, 0x07, 0xC0, 0x7E, 0x00, 0x07, 0xC0, 0x3E, 0x00, 0x0F, 0xC0, 0x3F, 0x00, 0x1F, 0xC0, 0x1F, 0xE0, 0xFF, 0xC0,
    0x0F, 0xFF, 0xFB, 0xC0, 0x07, 0xFF, 0xF3, 0xC0, 0x01, 0xFF, 0xC3, 0xC0, 0x00, 0x3C, 0x03, 0xC0, 0x00, 0x00, 0x07, 0xC0, 0x00, 0x00, 0x07, 0xC0,
    0x00, 0x00, 0x07, 0xC0, 0x00, 0x00, 0x07, 0xC0, 0x00, 0x00, 0x07, 0xC0, 0x00, 0x00, 0x07, 0xC0, 0x00, 0x00, 0x07, 0xC0, 0x00, 0x00, 0x07, 0xC0,
    0x00, 0x00, 0x07, 0xC0, 0x00, 0x00, 0x07, 0xC0, 0x00, 0x07, 0xC0, 0xE0, 0x3F, 0xF8, 0xE0, 0xFF, 0xF8, 0xF1, 0xFF, 0xF0, 0xF3, 0xF8, 0x30, 0xF7,
    0xC0, 0x00, 0xFF, 0x00, 0x00, 0xFE, 0x00, 0x00, 0xFC, 0x00, 0x00, 0xF8, 0x00, 0x00, 0xF8, 0x00, 0x00, 0xF0, 0x00, 0x00, 0xF0, 0x00, 0x00, 0xF0,
    0x00, 0x00, 0xF0, 0x00, 0x00, 0xF0, 0x00, 0x00, 0xF0, 0x00, 0x00, 0xF0, 0x00, 0x00, 0xF0, 0x00, 0x00, 0xF0, 0x00, 0x00, 0xF0, 0x00, 0x00, 0xF0,
    0x00, 0x00, 0xF0, 0x00, 0x00, 0xF0, 0x00, 0x00, 0xF0, 0x00, 0x00, 0xF0, 0x00, 0x00, 0xF0, 0x00, 0x00, 0x00, 0x3E, 0x00, 0x03, 0xFF, 0xE0, 0x0F,
    0xFF, 0xF8, 0x1F, 0xFF, 0xFE, 0x3F, 0x00, 0x7C, 0x3C, 0x00, 0x18, 0x7C, 0x00, 0x00, 0x7C, 0x00, 0x00, 0x7C, 0x00, 0x00, 0x3E, 0x00, 0x00, 0x3F,
    0x80, 0x00, 0x1F, 0xF0, 0x00, 0x07, 0xFE, 0x00, 0x01, 0xFF, 0xC0, 0x00, 0x7F, 0xF8, 0x00, 0x07, 0xFC, 0x00, 0x00, 0xFE, 0x00, 0x00, 0x3F, 0x00,
    0x00, 0x1F, 0x00, 0x00, 0x0F, 0x00, 0x00, 0x0F, 0x60, 0x00, 0x1F, 0x78, 0x00, 0x1E, 0xFE, 0x00, 0x7E, 0x7F, 0xFF, 0xFC, 0x1F, 0xFF, 0xF8, 0x03,
    0xFF, 0xE0, 0x00, 0x0E, 0x00, 0x00, 0xE0, 0x00, 0x00, 0x00, 0xE0, 0x00, 0x00, 0x01, 0xE0, 0x00, 0x00, 0x01, 0xE0, 0x00, 0x00, 0x01, 0xE0, 0x00,
    0x00, 0x01, 0xE0, 0x00, 0x00, 0x01, 0xE0, 0x00, 0x00, 0xFF, 0xFF, 0xFF, 0x00, 0xFF, 0xFF, 0xFF, 0x00, 0xFF, 0xFF, 0xFF, 0x00, 0x01, 0xE0, 0x00,
    0x00, 0x01, 0xE0, 0x00, 0x00, 0x01, 0xE0, 0x00, 0x00, 0x01, 0xE0, 0x00, 0x00, 0x01, 0xE0, 0x00, 0x00, 0x01, 0xE0, 0x00, 0x00, 0x01, 0xE0, 0x00,
    0x00, 0x01, 0xE0, 0x00, 0x00, 0x01, 0xE0, 0x00, 0x00, 0x01, 0xE0, 0x00, 0x00, 0x01, 0xE0, 0x00, 0x00, 0x01, 0xE0, 0x00, 0x00, 0x01, 0xE0, 0x00,
    0x00, 0x01, 0xE0, 0x00, 0x00, 0x01, 0xE0, 0x00, 0x00, 0x01, 0xF0, 0x00, 0x00, 0x01, 0xF0, 0x00, 0x00, 0x00, 0xF0, 0x00, 0x00, 0x00, 0xF8, 0x00,
    0x00, 0x00, 0xFE, 0x03, 0x00, 0x00, 0x7F, 0xFF, 0x80, 0x00, 0x3F, 0xFF, 0x80, 0x00, 0x1F, 0xFF, 0x00, 0x00, 0x00, 0xC0, 0x00, 0xF8, 0x00, 0x1E,
    0xF8, 0x00, 0x1E, 0xF8, 0x00, 0x1E, 0xF8, 0x00, 0x1E, 0xF8, 0x00, 0x1E, 0xF8, 0x00, 0x1E, 0xF8, 0x00, 0x1E, 0xF8, 0x00, 0x1E, 0xF8, 0x00, 0x1E,
    0xF8, 0x00, 0x1E, 0xF8, 0x00, 0x1E, 0xF8, 0x00, 0x1E, 0xF8, 0x00, 0x1E, 0xF8, 0x00, 0x1E, 0xF8, 0x00, 0x1E, 0xF8, 0x00, 0x1E, 0xF8, 0x00, 0x1E,
    0xF8, 0x00, 0x1E, 0xF8, 0x00, 0x1E, 0xF8, 0x00, 0x3E, 0x7C, 0x00, 0x7E, 0x7E, 0x01, 0xFE, 0x7F, 0x87, 0xEE, 0x3F, 0xFF, 0x8E, 0x1F, 0xFF, 0x0E,
    0x0F, 0xFC, 0x0E, 0x00, 0xC0, 0x00, 0xF0, 0x00, 0x03, 0xC0, 0xF8, 0x00, 0x07, 0xC0, 0x78, 0x00, 0x07, 0x80, 0x7C, 0x00, 0x07, 0x80, 0x3C, 0x00,
    0x0F, 0x00, 0x3C, 0x00, 0x0F, 0x00, 0x3E, 0x00, 0x1F, 0x00, 0x1E, 0x00, 0x1E, 0x00, 0x1F, 0x00, 0x1E, 0x00, 0x0F, 0x00, 0x3C, 0x00, 0x0F, 0x00,
    0x3C, 0x00, 0x07, 0x80, 0x7C, 0x00, 0x07, 0x80, 0x78, 0x00, 0x07, 0xC0, 0x78, 0x00, 0x03, 0xC0, 0xF0, 0x00, 0x03, 0xC0, 0xF0, 0x00, 0x01, 0xE1,
    0xF0, 0x00, 0x01, 0xE1, 0xE0, 0x00, 0x01, 0xF1, 0xE0, 0x00, 0x00, 0xF3, 0xC0, 0x00, 0x00, 0xF3, 0xC0, 0x00, 0x00, 0x7B, 0x80, 0x00, 0x00, 0x7F,
    0x80, 0x00, 0x00, 0x3F, 0x80, 0x00, 0x00, 0x3F, 0x00, 0x00, 0x00, 0x3F, 0x00, 0x00, 0xF0, 0x00, 0x3C, 0x00, 0x0F, 0xF8, 0x00, 0x7E, 0x00, 0x0F,
    0xF8, 0x00, 0x7E, 0x00, 0x1F, 0x78, 0x00, 0x7E, 0x00, 0x1E, 0x78, 0x00, 0xFF, 0x00, 0x1E, 0x7C, 0x00, 0xEF, 0x00, 0x3E, 0x3C, 0x00, 0xE7, 0x00,
    0x3C, 0x3C, 0x00, 0xE7, 0x80, 0x3C, 0x3E, 0x01, 0xE7, 0x80, 0x3C, 0x1E, 0x01, 0xC3, 0x80, 0x78, 0x1E, 0x01, 0xC3, 0xC0, 0x78, 0x1F, 0x03, 0xC3,
    0xC0, 0x78, 0x0F, 0x03, 0x83, 0xC0, 0xF0, 0x0F, 0x03, 0x81, 0xE0, 0xF0, 0x0F, 0x87, 0x81, 0xE0, 0xF0, 0x07, 0x87, 0x01, 0xE1, 0xE0, 0x07, 0x87,
    0x00, 0xF1, 0xE0, 0x07, 0x8F, 0x00, 0xF1, 0xE0, 0x03, 0xCF, 0x00, 0xF1, 0xE0, 0x03, 0xCE, 0x00, 0x73, 0xC0, 0x03, 0xCE, 0x00, 0x7B, 0xC0, 0x01,
    0xFE, 0x00, 0x7B, 0xC0, 0x01, 0xFC, 0x00, 0x3F, 0x80, 0x01, 0xFC, 0x00, 0x3F, 0x80, 0x00, 0xFC, 0x00, 0x3F, 0x80, 0x00, 0xF8, 0x00, 0x1F, 0x00,
    0x7C, 0x00, 0x0F, 0x80, 0x3E, 0x00, 0x1F, 0x00, 0x1F, 0x00, 0x3E, 0x00, 0x0F, 0x80, 0x3C, 0x00, 0x07, 0x80, 0x7C, 0x00, 0x07, 0xC0, 0xF8, 0x00,
    0x03, 0xE0, 0xF0, 0x00, 0x01, 0xE1, 0xE0, 0x00, 0x01, 0xF3, 0xE0, 0x00, 0x00, 0xFB, 0xC0, 0x00, 0x00, 0x7F, 0x80, 0x00, 0x00, 0x3F, 0x80, 0x00,
    0x00, 0x3F, 0x00, 0x00, 0x00, 0x7F, 0x00, 0x00, 0x00, 0x7F, 0x80, 0x00, 0x00, 0xF7, 0xC0, 0x00, 0x01, 0xF3, 0xC0, 0x00, 0x01, 0xE3, 0xE0, 0x00,
    0x03, 0xC1, 0xF0, 0x00, 0x07, 0xC0, 0xF8, 0x00, 0x0F, 0x80, 0x78, 0x00, 0x0F, 0x00, 0x7C, 0x00, 0x1F, 0x00, 0x3E, 0x00, 0x3E, 0x00, 0x1F, 0x00,
    0x3C, 0x00, 0x0F, 0x00, 0xF8, 0x00, 0x0F, 0xC0, 0xF0, 0x00, 0x03, 0xC0, 0xF8, 0x00, 0x07, 0xC0, 0x78, 0x00, 0x07, 0x80, 0x7C, 0x00, 0x07, 0x80,
    0x3C, 0x00, 0x0F, 0x80, 0x3E, 0x00, 0x0F, 0x00, 0x1E, 0x00, 0x0F, 0x00, 0x1F, 0x00, 0x1E, 0x00, 0x0F, 0x00, 0x1E, 0x00, 0x0F, 0x00, 0x3E, 0x00,
    0x0F, 0x80, 0x3C, 0x00, 0x07, 0x80, 0x3C, 0x00, 0x07, 0xC0, 0x78, 0x00, 0x03, 0xC0, 0x78, 0x00, 0x03, 0xE0, 0xF8, 0x00, 0x01, 0xE0, 0xF0, 0x00,
    0x01, 0xE0, 0xF0, 0x00, 0x00, 0xF1, 0xE0, 0x00, 0x00, 0xF1, 0xE0, 0x00, 0x00, 0x79, 0xE0, 0x00, 0x00, 0x7B, 0xC0, 0x00, 0x00, 0x3F, 0xC0, 0x00,
    0x00, 0x3F, 0x80, 0x00, 0x00, 0x3F, 0x80, 0x00, 0x00, 0x1F, 0x80, 0x00, 0x00, 0x1F, 0x00, 0x00, 0x00, 0x1F, 0x00, 0x00, 0x00, 0x1E, 0x00, 0x00,
    0x00, 0x1E, 0x00, 0x00, 0x00, 0x3E, 0x00, 0x00, 0x00, 0x3C, 0x00, 0x00, 0x00, 0x78, 0x00, 0x00, 0x00, 0xF8, 0x00, 0x00, 0x27, 0xF0, 0x00, 0x00,
    0x7F, 0xE0, 0x00, 0x00, 0x7F, 0xC0, 0x00, 0x00, 0x7F, 0x00, 0x00, 0x00, 0x3F, 0xFF, 0xFE, 0x3F, 0xFF, 0xFE, 0x3F, 0xFF, 0xFE, 0x00, 0x00, 0x3C,
    0x00, 0x00, 0x7C, 0x00, 0x00, 0xF8, 0x00, 0x01, 0xF0, 0x00, 0x03, 0xE0, 0x00, 0x07, 0xC0, 0x00, 0x0F, 0x80, 0x00, 0x1F, 0x00, 0x00, 0x1F, 0x00,
    0x00, 0x3E, 0x00, 0x00, 0x7C, 0x00, 0x00, 0xF8, 0x00, 0x01, 0xF0, 0x00, 0x03, 0xE0, 0x00, 0x07, 0xC0, 0x00, 0x07, 0x80, 0x00, 0x0F, 0x80, 0x00,
    0x1F, 0x00, 0x00, 0x3E, 0x00, 0x00, 0x7F, 0xFF, 0xFF, 0xFF, 0xFF, 0xFF, 0xFF, 0xFF, 0xFF, 0xFF, 0xFF, 0xFF, 0x01, 0xF0, 0x07, 0xF0, 0x07, 0xC0,
    0x0F, 0x00, 0x0E, 0x00, 0x0E, 0x00, 0x0E, 0x00, 0x0E, 0x00, 0x0E, 0x00, 0x0E, 0x00, 0x0E, 0x00, 0x0E, 0x00, 0x0E, 0x00, 0x0E, 0x00, 0x0E, 0x00,
    0x0E, 0x00, 0x0E, 0x00, 0x0E, 0x00, 0x0E, 0x00, 0x0E, 0x00, 0x1E, 0x00, 0xFC, 0x00, 0xF8, 0x00, 0xFC, 0x00, 0x3E, 0x00, 0x1E, 0x00, 0x0E, 0x00,
    0x0E, 0x00, 0x0E, 0x00, 0x0E, 0x00, 0x0E, 0x00, 0x0E, 0x00, 0x0E, 0x00, 0x0E, 0x00, 0x0E, 0x00, 0x0E, 0x00, 0x0E, 0x00, 0x0E, 0x00, 0x0E, 0x00,
    0x0E, 0x00, 0x0E, 0x00, 0x0F, 0x00, 0x0F, 0x00, 0x07, 0xF0, 0x03, 0xF0, 0x00, 0x30, 0xC0, 0xC0, 0xC0, 0xC0, 0xC0, 0xC0, 0xC0, 0xC0, 0xC0, 0xC0,
    0xC0, 0xC0, 0xC0, 0xC0, 0xC0, 0xC0, 0xC0, 0xC0, 0xC0, 0xC0, 0xC0, 0xC0, 0xC0, 0xC0, 0xC0, 0xC0, 0xC0, 0xC0, 0xC0, 0xC0, 0xC0, 0xC0, 0xC0, 0xC0,
    0xC0, 0xC0, 0xC0, 0xC0, 0xC0, 0xC0, 0xC0, 0xC0, 0xC0, 0xC0, 0xC0, 0xC0, 0xC0, 0xC0, 0xF8, 0x00, 0xFE, 0x00, 0x3E, 0x00, 0x0F, 0x00, 0x07, 0x00,
    0x07, 0x00, 0x07, 0x00, 0x07, 0x00, 0x07, 0x00, 0x07, 0x00, 0x07, 0x00, 0x07, 0x00, 0x07, 0x00, 0x07, 0x00, 0x07, 0x00, 0x07, 0x00, 0x07, 0x00,
    0x07, 0x00, 0x07, 0x00, 0x07, 0x00, 0x07, 0x80, 0x03, 0xF0, 0x01, 0xF0, 0x03, 0xF0, 0x07, 0xC0, 0x07, 0x80, 0x07, 0x00, 0x07, 0x00, 0x07, 0x00,
    0x07, 0x00, 0x07, 0x00, 0x07, 0x00, 0x07, 0x00, 0x07, 0x00, 0x07, 0x00, 0x07, 0x00, 0x07, 0x00, 0x07, 0x00, 0x07, 0x00, 0x07, 0x00, 0x07, 0x00,
    0x0F, 0x00, 0x0F, 0x00, 0xFE, 0x00, 0xFC, 0x00, 0xC0, 0x00, 0x00, 0x3C, 0x00, 0x00, 0x00, 0x00, 0x01, 0xFF, 0xC0, 0x00, 0x00, 0x00, 0x07, 0xFF,
    0xF0, 0x00, 0x00, 0x00, 0x0F, 0xFF, 0xF8, 0x00, 0x00, 0xC0, 0x1F, 0xC1, 0xFC, 0x00, 0x00, 0xE0, 0x3F, 0x00, 0x7E, 0x00, 0x01, 0xF0, 0x7E, 0x00,
    0x1F, 0x80, 0x03, 0xE0, 0x7C, 0x00, 0x0F, 0xC0, 0x07, 0xC0, 0xF8, 0x00, 0x07, 0xF0, 0x1F, 0x80, 0x70, 0x00, 0x03, 0xFF, 0xFF, 0x80, 0x10, 0x00,
    0x01, 0xFF, 0xFE, 0x00, 0x00, 0x00, 0x00, 0x7F, 0xFC, 0x00, 0x00, 0x00, 0x00, 0x1F, 0xF0, 0x00, 0xF8, 0x00, 0x00, 0x7C, 0x7C, 0x00, 0x00, 0xF8,
    0x7C, 0x00, 0x00, 0xF8, 0x3E, 0x00, 0x01, 0xF0, 0x1F, 0x00, 0x01, 0xE0, 0x1F, 0x00, 0x03, 0xE0, 0x0F, 0x80, 0x07, 0xC0, 0x07, 0x80, 0x07, 0x80,
    0x07, 0xC0, 0x0F, 0x80, 0x03, 0xC0, 0x0F, 0x00, 0x03, 0xE0, 0x1E, 0x00, 0x01, 0xF0, 0x1E, 0x00, 0x00, 0xF0, 0x3C, 0x00, 0x00, 0xF8, 0x7C, 0x00,
    0x00, 0x78, 0x78, 0x00, 0x00, 0x3C, 0xF0, 0x00, 0x00, 0x3C, 0xF0, 0x00, 0x00, 0x1F, 0xE0, 0x00, 0x1F, 0xFF, 0xFF, 0xE0, 0x1F, 0xFF, 0xFF, 0xE0,
    0x1F, 0xFF, 0xFF, 0xE0, 0x00, 0x07, 0x80, 0x00, 0x00, 0x07, 0x80, 0x00, 0x00, 0x07, 0x80, 0x00, 0x1F, 0xFF, 0xFF, 0xE0, 0x1F, 0xFF, 0xFF, 0xE0,
    0x1F, 0xFF, 0xFF, 0xE0, 0x00, 0x07, 0x80, 0x00, 0x00, 0x07, 0x80, 0x00, 0x00, 0x07, 0x80, 0x00, 0x00, 0x07, 0x80, 0x00, 0x00, 0x07, 0x80, 0x00,
    0x00, 0x07, 0x80, 0x00, 0x00, 0x07, 0x80, 0x00, 0x00, 0x07, 0x80, 0x00,
};
}  // namespace
const Face face48r = {48, 48, 60, 390, kCp48r, kOff48r, kMidx48r, kMet48r, kBlob48r};

// --- 48px bold: 390 glyphs, 50349 bitmap bytes, em=48, ascent 48/60
namespace {
const uint16_t kCp48b[] = {
    0x0020, 0x0021, 0x0022, 0x0023, 0x0024, 0x0025, 0x0026, 0x0027, 0x0028, 0x0029, 0x002A, 0x002B, 0x002C, 0x002D, 0x002E, 0x002F,
    0x0030, 0x0031, 0x0032, 0x0033, 0x0034, 0x0035, 0x0036, 0x0037, 0x0038, 0x0039, 0x003A, 0x003B, 0x003C, 0x003D, 0x003E, 0x003F,
    0x0040, 0x0041, 0x0042, 0x0043, 0x0044, 0x0045, 0x0046, 0x0047, 0x0048, 0x0049, 0x004A, 0x004B, 0x004C, 0x004D, 0x004E, 0x004F,
    0x0050, 0x0051, 0x0052, 0x0053, 0x0054, 0x0055, 0x0056, 0x0057, 0x0058, 0x0059, 0x005A, 0x005B, 0x005C, 0x005D, 0x005E, 0x005F,
    0x0060, 0x0061, 0x0062, 0x0063, 0x0064, 0x0065, 0x0066, 0x0067, 0x0068, 0x0069, 0x006A, 0x006B, 0x006C, 0x006D, 0x006E, 0x006F,
    0x0070, 0x0071, 0x0072, 0x0073, 0x0074, 0x0075, 0x0076, 0x0077, 0x0078, 0x0079, 0x007A, 0x007B, 0x007C, 0x007D, 0x007E, 0x00A2,
    0x00A3, 0x00A5, 0x00A7, 0x00A9, 0x00AB, 0x00AE, 0x00B0, 0x00B1, 0x00B6, 0x00B7, 0x00BB, 0x00C0, 0x00C1, 0x00C2, 0x00C3, 0x00C4,
    0x00C5, 0x00C6, 0x00C7, 0x00C8, 0x00C9, 0x00CA, 0x00CB, 0x00CC, 0x00CD, 0x00CE, 0x00CF, 0x00D1, 0x00D2, 0x00D3, 0x00D4, 0x00D5,
    0x00D6, 0x00D7, 0x00D8, 0x00D9, 0x00DA, 0x00DB, 0x00DC, 0x00DD, 0x00DF, 0x00E0, 0x00E1, 0x00E2, 0x00E3, 0x00E4, 0x00E5, 0x00E6,
    0x00E7, 0x00E8, 0x00E9, 0x00EA, 0x00EB, 0x00EC, 0x00ED, 0x00EE, 0x00EF, 0x00F1, 0x00F2, 0x00F3, 0x00F4, 0x00F5, 0x00F6, 0x00F7,
    0x00F8, 0x00F9, 0x00FA, 0x00FB, 0x00FC, 0x00FD, 0x00FF, 0x0394, 0x03A3, 0x03A9, 0x03BC, 0x2013, 0x2014, 0x2018, 0x2019, 0x201C,
    0x201D, 0x201E, 0x2020, 0x2021, 0x2022, 0x2026, 0x2030, 0x2039, 0x203A, 0x203B, 0x20AC, 0x2103, 0x2109, 0x2122, 0x2190, 0x2191,
    0x2192, 0x2193, 0x2194, 0x2248, 0x2260, 0x2264, 0x2265, 0x2460, 0x2461, 0x2462, 0x2463, 0x2464, 0x2465, 0x2466, 0x2467, 0x2468,
    0x2469, 0x246A, 0x246B, 0x246C, 0x246D, 0x246E, 0x246F, 0x2470, 0x2471, 0x2472, 0x2473, 0x2500, 0x2502, 0x250C, 0x2510, 0x2514,
    0x2518, 0x251C, 0x2524, 0x252C, 0x2534, 0x253C, 0x25A0, 0x25A1, 0x25B2, 0x25BC, 0x25C6, 0x25CB, 0x25CF, 0x2605, 0x2606, 0x26A0,
    0x2713, 0x3000, 0x3001, 0x3002, 0x3003, 0x3005, 0x3007, 0x3008, 0x3009, 0x300A, 0x300B, 0x300C, 0x300D, 0x300E, 0x300F, 0x3010,
    0x3011, 0x3014, 0x3015, 0x3016, 0x3017, 0x301C, 0x30FB, 0xFE30, 0xFE31, 0xFE32, 0xFE33, 0xFE34, 0xFE35, 0xFE36, 0xFE37, 0xFE38,
    0xFE39, 0xFE3A, 0xFE3B, 0xFE3C, 0xFE3D, 0xFE3E, 0xFE3F, 0xFE40, 0xFE41, 0xFE42, 0xFE43, 0xFE44, 0xFE45, 0xFE46, 0xFE47, 0xFE48,
    0xFE49, 0xFE4A, 0xFE4B, 0xFE4C, 0xFE4D, 0xFE4E, 0xFE4F, 0xFF01, 0xFF02, 0xFF03, 0xFF04, 0xFF05, 0xFF06, 0xFF07, 0xFF08, 0xFF09,
    0xFF0A, 0xFF0B, 0xFF0C, 0xFF0D, 0xFF0E, 0xFF0F, 0xFF10, 0xFF11, 0xFF12, 0xFF13, 0xFF14, 0xFF15, 0xFF16, 0xFF17, 0xFF18, 0xFF19,
    0xFF1A, 0xFF1B, 0xFF1C, 0xFF1D, 0xFF1E, 0xFF1F, 0xFF20, 0xFF21, 0xFF22, 0xFF23, 0xFF24, 0xFF25, 0xFF26, 0xFF27, 0xFF28, 0xFF29,
    0xFF2A, 0xFF2B, 0xFF2C, 0xFF2D, 0xFF2E, 0xFF2F, 0xFF30, 0xFF31, 0xFF32, 0xFF33, 0xFF34, 0xFF35, 0xFF36, 0xFF37, 0xFF38, 0xFF39,
    0xFF3A, 0xFF3B, 0xFF3C, 0xFF3D, 0xFF3E, 0xFF3F, 0xFF40, 0xFF41, 0xFF42, 0xFF43, 0xFF44, 0xFF45, 0xFF46, 0xFF47, 0xFF48, 0xFF49,
    0xFF4A, 0xFF4B, 0xFF4C, 0xFF4D, 0xFF4E, 0xFF4F, 0xFF50, 0xFF51, 0xFF52, 0xFF53, 0xFF54, 0xFF55, 0xFF56, 0xFF57, 0xFF58, 0xFF59,
    0xFF5A, 0xFF5B, 0xFF5C, 0xFF5D, 0xFF5E, 0xFFE5,
};
const uint32_t kOff48b[] = {
    0, 1, 36, 75, 215, 335, 551, 731, 744, 828, 912, 981,
    1053, 1077, 1089, 1097, 1202, 1310, 1415, 1523, 1631, 1771, 1876, 1984,
    2124, 2232, 2340, 2367, 2433, 2508, 2553, 2628, 2736, 2926, 3101, 3241,
    3385, 3525, 3630, 3735, 3879, 4019, 4089, 4179, 4319, 4424, 4599, 4739,
    4883, 4988, 5164, 5304, 5412, 5552, 5692, 5832, 6042, 6182, 6322, 6462,
    6548, 6653, 6739, 6831, 6840, 6856, 6937, 7085, 7166, 7314, 7395, 7506,
    7662, 7810, 7847, 7945, 8093, 8130, 8265, 8373, 8481, 8637, 8793, 8874,
    8955, 9054, 9162, 9270, 9432, 9540, 9696, 9777, 9863, 9911, 9997, 10021,
    10126, 10270, 10410, 10521, 10701, 10789, 10969, 11003, 11096, 11264, 11272, 11360,
    11585, 11810, 12035, 12255, 12475, 12685, 12895, 13087, 13222, 13357, 13492, 13624,
    13714, 13804, 13939, 14071, 14247, 14427, 14607, 14787, 14963, 15139, 15205, 15361,
    15541, 15721, 15901, 16077, 16257, 16405, 16516, 16627, 16738, 16846, 16954, 17074,
    17209, 17326, 17437, 17548, 17659, 17767, 17841, 17915, 18026, 18134, 18278, 18426,
    18574, 18722, 18866, 19010, 19082, 19198, 19346, 19494, 19642, 19786, 19982, 20174,
    20314, 20454, 20634, 20790, 20808, 20844, 20868, 20892, 20928, 20964, 21000, 21111,
    21222, 21252, 21292, 21580, 21624, 21668, 21843, 21983, 22211, 22433, 22518, 22656,
    22791, 22929, 23061, 23199, 23309, 23479, 23664, 23849, 24119, 24389, 24659, 24929,
    25199, 25469, 25739, 26009, 26279, 26549, 26819, 27089, 27359, 27629, 27899, 28169,
    28439, 28709, 28979, 29249, 29261, 29309, 29409, 29509, 29609, 29709, 29901, 30093,
    30243, 30393, 30681, 30871, 31061, 31295, 31529, 31811, 32069, 32327, 32579, 32831,
    33083, 33273, 33274, 33304, 33336, 33436, 33631, 33895, 34030, 34165, 34300, 34435,
    34497, 34557, 34653, 34746, 34836, 34926, 35018, 35110, 35245, 35380, 35470, 35494,
    35526, 35567, 35579, 35627, 35675, 35759, 35843, 35921, 36005, 36089, 36173, 36263,
    36353, 36479, 36611, 36719, 36833, 36913, 36993, 37061, 37129, 37261, 37389, 37461,
    37539, 37547, 37555, 37597, 37675, 37683, 37695, 37731, 37767, 37821, 38001, 38193,
    38415, 38600, 38618, 38710, 38802, 38987, 39157, 39193, 39218, 39238, 39508, 39656,
    39800, 39944, 40092, 40236, 40384, 40532, 40676, 40824, 40972, 41036, 41116, 41306,
    41386, 41576, 41687, 41957, 42137, 42281, 42429, 42573, 42717, 42861, 43009, 43153,
    43297, 43408, 43552, 43696, 43876, 44020, 44205, 44349, 44579, 44723, 44871, 45015,
    45163, 45343, 45559, 45703, 45847, 45991, 46081, 46351, 46441, 46462, 46480, 46494,
    46610, 46766, 46882, 47038, 47154, 47310, 47470, 47622, 47702, 47855, 48007, 48124,
    48292, 48404, 48520, 48672, 48824, 48908, 49024, 49164, 49276, 49384, 49546, 49654,
    49806, 49887, 49979, 50027, 50119, 50209,
};
const uint16_t kMidx48b[] = {
    0, 1, 2, 3, 4, 5, 6, 7, 8, 9, 10, 11, 12, 13, 14, 15,
    16, 17, 16, 16, 18, 19, 16, 20, 16, 16, 21, 22, 23, 24, 23, 25,
    26, 27, 28, 29, 30, 31, 32, 33, 34, 35, 36, 37, 38, 39, 40, 41,
    42, 43, 44, 45, 46, 47, 48, 49, 50, 51, 46, 52, 15, 53, 54, 55,
    56, 57, 58, 59, 60, 61, 62, 63, 64, 65, 66, 67, 65, 68, 69, 70,
    71, 63, 72, 73, 74, 69, 75, 76, 77, 78, 79, 80, 81, 82, 83, 84,
    85, 86, 87, 88, 89, 88, 90, 91, 92, 93, 89, 94, 94, 94, 95, 95,
    96, 97, 98, 99, 99, 99, 100, 101, 102, 103, 104, 105, 106, 106, 106, 107,
    107, 108, 109, 110, 110, 110, 111, 112, 113, 114, 114, 114, 115, 115, 116, 117,
    118, 119, 119, 119, 120, 121, 122, 123, 124, 125, 126, 126, 126, 127, 127, 11,
    128, 64, 64, 64, 125, 129, 130, 50, 46, 131, 132, 133, 134, 135, 135, 136,
    136, 137, 138, 138, 139, 140, 141, 142, 142, 143, 144, 145, 146, 147, 148, 149,
    148, 150, 148, 151, 152, 153, 154, 155, 155, 155, 155, 155, 155, 155, 155, 155,
    155, 155, 155, 155, 155, 155, 155, 155, 155, 155, 155, 156, 157, 158, 159, 160,
    161, 162, 163, 164, 165, 166, 167, 167, 168, 169, 170, 171, 171, 172, 172, 173,
    174, 175, 176, 177, 178, 179, 180, 181, 182, 183, 184, 185, 186, 187, 188, 189,
    190, 191, 192, 193, 194, 195, 196, 197, 198, 199, 200, 201, 202, 203, 204, 205,
    206, 205, 207, 208, 209, 210, 211, 212, 213, 214, 215, 216, 217, 218, 219, 220,
    221, 221, 222, 223, 224, 225, 226, 227, 228, 229, 230, 146, 231, 232, 233, 234,
    235, 152, 236, 237, 238, 155, 239, 240, 241, 242, 243, 242, 244, 245, 242, 244,
    246, 247, 167, 248, 167, 249, 250, 229, 251, 252, 253, 254, 255, 256, 257, 245,
    258, 259, 255, 260, 257, 261, 262, 263, 264, 265, 266, 265, 229, 267, 268, 268,
    241, 269, 155, 270, 271, 272, 273, 274, 275, 274, 276, 277, 278, 279, 280, 281,
    282, 283, 284, 285, 286, 277, 287, 288, 289, 274, 290, 291, 292, 293, 292, 294,
    295, 191, 157, 192, 195, 296,
};
const Metrics kMet48b[] = {
    {1,1,1,12,0,-1}, {8,35,1,14,3,-35}, {17,13,3,23,3,-35}, {29,35,4,31,1,-35},
    {24,40,3,27,2,-37}, {41,36,6,43,1,-36}, {34,36,5,36,2,-36}, {7,13,1,13,3,-35},
    {13,42,2,16,2,-35}, {13,42,2,16,1,-35}, {24,23,3,26,1,-37}, {23,24,3,27,2,-29},
    {10,12,2,14,1,-6}, {13,6,2,15,1,-16}, {8,8,1,13,3,-8}, {20,35,3,20,0,-35},
    {24,36,3,27,2,-36}, {17,35,3,27,3,-35}, {26,35,4,27,1,-35}, {23,35,3,27,2,-35},
    {25,35,4,27,1,-35}, {8,27,1,13,3,-27}, {10,33,2,14,1,-27}, {23,25,3,27,2,-30},
    {23,15,3,27,2,-25}, {22,36,3,23,0,-36}, {39,38,5,43,2,-35}, {33,35,5,33,0,-35},
    {26,35,4,32,4,-35}, {26,36,4,31,3,-36}, {29,35,4,35,4,-35}, {20,35,3,27,4,-35},
    {20,35,3,26,4,-35}, {28,36,4,35,3,-36}, {28,35,4,37,4,-35}, {15,35,2,19,2,-35},
    {16,45,2,16,-4,-35}, {28,35,4,32,4,-35}, {21,35,3,27,4,-35}, {37,35,5,45,4,-35},
    {31,35,4,39,4,-35}, {32,36,4,38,3,-36}, {24,35,3,30,4,-35}, {32,44,4,38,3,-36},
    {28,35,4,31,4,-35}, {23,36,3,26,2,-36}, {26,35,4,28,1,-35}, {28,35,4,36,4,-35},
    {31,35,4,31,0,-35}, {46,35,6,46,0,-35}, {32,35,4,32,0,-35}, {30,35,4,30,0,-35},
    {12,43,2,16,3,-35}, {12,43,2,16,1,-35}, {25,23,4,27,1,-35}, {20,3,3,20,0,5},
    {14,8,2,18,2,-37}, {23,27,3,29,2,-27}, {25,37,4,30,3,-37}, {21,27,3,25,2,-27},
    {25,37,4,30,2,-37}, {24,27,3,29,2,-27}, {20,37,3,19,1,-37}, {25,39,4,30,2,-27},
    {25,37,4,31,3,-37}, {8,37,1,14,3,-37}, {14,49,2,14,-3,-37}, {26,37,4,30,4,-37},
    {40,27,5,47,3,-27}, {25,27,4,31,3,-27}, {26,27,4,30,2,-27}, {25,39,4,30,3,-27},
    {18,27,3,21,3,-27}, {20,27,3,24,2,-27}, {18,33,3,21,1,-33}, {27,27,4,27,0,-27},
    {41,27,6,41,0,-27}, {28,27,4,28,0,-27}, {27,39,4,27,0,-27}, {21,27,3,24,1,-27},
    {16,43,2,19,1,-35}, {5,48,1,26,11,-37}, {16,43,2,19,2,-35}, {23,8,3,27,2,-21},
    {21,35,3,27,3,-35}, {25,36,4,27,2,-36}, {27,35,4,27,0,-35}, {19,37,3,23,2,-37},
    {36,36,5,40,2,-36}, {26,22,4,29,2,-24}, {16,17,2,20,2,-36}, {23,31,3,27,2,-31},
    {25,42,4,31,2,-37}, {8,8,1,13,3,-22}, {33,45,5,33,0,-45}, {33,44,5,33,0,-44},
    {33,42,5,33,0,-42}, {43,35,6,46,0,-35}, {26,48,4,31,3,-36}, {20,45,3,27,4,-45},
    {20,44,3,27,4,-44}, {16,45,2,19,1,-45}, {16,45,2,19,2,-45}, {19,45,3,19,0,-45},
    {17,44,3,19,1,-44}, {31,44,4,39,4,-44}, {32,45,4,38,3,-45}, {32,44,4,38,3,-44},
    {21,22,3,27,3,-28}, {32,39,4,38,3,-37}, {28,45,4,36,4,-45}, {28,44,4,36,4,-44},
    {30,45,4,30,0,-45}, {29,37,4,34,3,-37}, {23,37,3,29,2,-37}, {23,36,3,29,2,-36},
    {23,40,3,29,2,-40}, {40,27,5,44,2,-27}, {21,39,3,25,2,-27}, {24,37,3,29,2,-37},
    {24,36,3,29,2,-36}, {13,37,2,14,0,-37}, {14,37,2,14,3,-37}, {19,37,3,14,-2,-37},
    {17,36,3,14,-1,-36}, {25,36,4,31,3,-36}, {26,37,4,30,2,-37}, {26,36,4,30,2,-36},
    {26,29,4,30,2,-28}, {27,49,4,27,0,-37}, {27,48,4,27,0,-36}, {33,36,5,36,2,-36},
    {28,39,4,32,3,-27}, {20,6,3,24,2,-16}, {44,6,6,48,2,-16}, {9,12,2,10,1,-35},
    {20,12,3,21,1,-35}, {21,12,3,25,1,-6}, {19,37,3,25,3,-37}, {14,15,2,18,2,-25},
    {35,8,5,41,3,-8}, {59,36,8,61,1,-36}, {14,22,2,18,2,-24}, {34,35,5,48,7,-36},
    {25,35,4,27,2,-35}, {46,38,6,48,1,-37}, {44,37,6,48,2,-37}, {33,17,5,37,1,-35},
    {44,23,6,48,2,-30}, {22,45,3,48,13,-41}, {22,44,3,48,13,-40}, {35,22,5,48,6,-29},
    {34,34,5,48,7,-35}, {37,37,5,48,5,-37}, {37,37,5,48,6,-37}, {46,45,6,48,1,-41},
    {48,2,6,48,0,-19}, {2,48,1,48,23,-42}, {25,25,4,48,23,-19}, {25,25,4,48,0,-19},
    {25,25,4,48,23,-42}, {25,25,4,48,0,-42}, {25,48,4,48,23,-42}, {25,48,4,48,0,-42},
    {48,25,6,48,0,-19}, {48,25,6,48,0,-42}, {48,48,6,48,0,-42}, {38,38,5,48,5,-37},
    {46,39,6,48,1,-40}, {46,39,6,48,1,-36}, {46,47,6,48,1,-42}, {44,43,6,48,2,-40},
    {44,42,6,48,2,-39}, {46,42,6,48,1,-40}, {35,38,5,35,0,-37}, {1,1,1,48,0,-1},
    {16,15,2,48,16,-25}, {16,16,2,48,16,-26}, {30,25,4,48,9,-30}, {38,39,5,48,4,-38},
    {44,44,6,48,2,-40}, {18,45,3,48,27,-41}, {18,45,3,48,3,-41}, {22,45,3,48,25,-41},
    {22,45,3,48,1,-41}, {16,31,2,48,31,-41}, {16,30,2,48,1,-26}, {18,32,3,48,29,-41},
    {18,31,3,48,1,-27}, {15,45,2,48,32,-41}, {15,45,2,48,1,-41}, {14,46,2,48,33,-41},
    {14,46,2,48,1,-41}, {17,45,3,48,30,-41}, {17,45,3,48,1,-41}, {44,15,6,48,2,-26},
    {12,12,2,48,18,-24}, {8,32,1,48,20,-34}, {2,41,1,48,23,-39}, {2,12,1,48,23,-24},
    {2,48,1,48,0,-42}, {7,48,1,48,1,-42}, {46,14,6,48,1,-10}, {46,14,6,48,1,-40},
    {46,13,6,48,1,-9}, {46,14,6,48,1,-41}, {46,14,6,48,1,-9}, {46,15,6,48,1,-11},
    {46,15,6,48,1,-41}, {46,21,6,48,1,-17}, {46,22,6,48,1,-41}, {46,18,6,48,1,-15},
    {46,19,6,48,1,-40}, {33,16,5,48,14,-12}, {33,16,5,48,1,-40}, {32,17,4,48,15,-13},
    {32,17,4,48,1,-41}, {32,33,4,48,8,-34}, {31,32,4,48,9,-34}, {46,12,6,48,1,-8},
    {46,13,6,48,1,-41}, {28,2,4,48,10,-37}, {48,7,6,48,0,-41}, {48,13,6,48,0,-41},
    {28,2,4,48,10,-1}, {28,3,4,48,10,-2}, {48,6,6,48,0,-2}, {8,36,1,48,20,-36},
    {20,18,3,48,14,-42}, {34,36,5,48,7,-36}, {27,48,4,48,10,-42}, {33,37,5,48,8,-36},
    {8,18,1,48,20,-42}, {14,46,2,48,32,-41}, {14,46,2,48,2,-41}, {34,37,5,48,7,-37},
    {11,18,2,48,18,-26}, {34,5,5,48,7,-21}, {10,10,2,48,19,-24}, {28,37,4,48,10,-36},
    {27,36,4,48,11,-36}, {28,36,4,48,10,-36}, {27,37,4,48,10,-36}, {29,36,4,48,10,-36},
    {26,37,4,48,11,-36}, {26,36,4,48,11,-36}, {10,32,2,48,19,-34}, {11,40,2,48,18,-34},
    {34,16,5,48,7,-27}, {24,37,3,48,12,-37}, {44,45,6,48,2,-41}, {29,36,4,48,11,-36},
    {31,37,4,48,9,-36}, {30,36,4,48,10,-36}, {26,36,4,48,12,-36}, {25,36,4,48,13,-36},
    {32,37,4,48,8,-36}, {30,36,4,48,9,-36}, {24,37,3,48,10,-36}, {32,36,4,48,10,-36},
    {36,36,5,48,6,-36}, {36,37,5,48,6,-36}, {28,36,4,48,11,-36}, {38,46,5,48,6,-36},
    {30,36,4,48,11,-36}, {30,37,4,48,9,-36}, {31,36,4,48,8,-36}, {47,36,6,48,0,-36},
    {32,36,4,48,8,-36}, {13,45,2,48,34,-41}, {13,45,2,48,1,-41}, {17,7,3,48,16,-46},
    {48,3,6,48,0,3}, {13,7,2,48,15,-46}, {26,29,4,48,11,-28}, {27,39,4,48,11,-38},
    {27,39,4,48,10,-38}, {28,29,4,48,10,-28}, {27,39,4,48,12,-39}, {29,40,4,48,10,-28},
    {26,38,4,48,11,-38}, {10,40,2,48,19,-40}, {21,51,3,48,10,-40}, {27,38,4,48,12,-38},
    {18,39,3,48,19,-38}, {44,28,6,48,2,-28}, {26,28,4,48,11,-28}, {27,38,4,48,11,-28},
    {27,38,4,48,10,-28}, {24,28,3,48,14,-28}, {27,35,4,48,11,-34}, {26,28,4,48,11,-27},
    {28,27,4,48,10,-27}, {43,27,6,48,2,-27}, {28,38,4,48,10,-27}, {24,27,3,48,12,-27},
    {32,35,4,48,8,-35},
};
const uint8_t kBlob48b[] = {
    0x00, 0xFF, 0xFF, 0xFF, 0xFF, 0xFF, 0xFF, 0xFF, 0xFE, 0xFE, 0xFE, 0xFE, 0xFE, 0xFE, 0xFE, 0xFE, 0xFE, 0x7E, 0x7E, 0x7E, 0x7E, 0x7E, 0x7E, 0x7E,
    0x00, 0x00, 0x00, 0x00, 0x3C, 0xFE, 0xFF, 0xFF, 0xFF, 0xFF, 0xFE, 0x7C, 0xFE, 0x3F, 0x80, 0xFE, 0x3F, 0x80, 0xFE, 0x3F, 0x80, 0xFE, 0x3F, 0x80,
    0xFE, 0x3F, 0x80, 0xFC, 0x1F, 0x80, 0xFC, 0x1F, 0x80, 0xFC, 0x1F, 0x00, 0x7C, 0x1F, 0x00, 0x7C, 0x1F, 0x00, 0x7C, 0x1F, 0x00, 0x7C, 0x1F, 0x00,
    0x7C, 0x1F, 0x00, 0x00, 0x3E, 0x0F, 0x80, 0x00, 0x3E, 0x0F, 0x80, 0x00, 0x3E, 0x0F, 0x80, 0x00, 0x3E, 0x1F, 0x80, 0x00, 0x7E, 0x1F, 0x00, 0x00,
    0x7C, 0x1F, 0x00, 0x00, 0x7C, 0x1F, 0x00, 0x00, 0x7C, 0x1F, 0x00, 0x00, 0x7C, 0x1F, 0x00, 0x00, 0x7C, 0x3E, 0x00, 0x3F, 0xFF, 0xFF, 0xF8, 0x3F,
    0xFF, 0xFF, 0xF8, 0x3F, 0xFF, 0xFF, 0xF8, 0x3F, 0xFF, 0xFF, 0xF8, 0x3F, 0xFF, 0xFF, 0xF8, 0x00, 0xF8, 0x7C, 0x00, 0x01, 0xF0, 0x7C, 0x00, 0x01,
    0xF0, 0x7C, 0x00, 0x01, 0xF0, 0x7C, 0x00, 0x01, 0xF0, 0xF8, 0x00, 0xFF, 0xFF, 0xFF, 0xE0, 0xFF, 0xFF, 0xFF, 0xE0, 0xFF, 0xFF, 0xFF, 0xE0, 0xFF,
    0xFF, 0xFF, 0xE0, 0xFF, 0xFF, 0xFF, 0xE0, 0x03, 0xE1, 0xF0, 0x00, 0x07, 0xC1, 0xF0, 0x00, 0x07, 0xC1, 0xF0, 0x00, 0x07, 0xC1, 0xF0, 0x00, 0x07,
    0xC3, 0xF0, 0x00, 0x07, 0xC3, 0xE0, 0x00, 0x0F, 0xC3, 0xE0, 0x00, 0x0F, 0x83, 0xE0, 0x00, 0x0F, 0x83, 0xE0, 0x00, 0x0F, 0x87, 0xE0, 0x00, 0x00,
    0x38, 0x00, 0x00, 0x38, 0x00, 0x00, 0x38, 0x00, 0x00, 0x38, 0x00, 0x03, 0xFF, 0xF0, 0x0F, 0xFF, 0xFC, 0x1F, 0xFF, 0xFE, 0x3F, 0xFF, 0xFC, 0x7F,
    0xFF, 0xFC, 0xFF, 0xFF, 0xFC, 0xFF, 0x38, 0x38, 0xFE, 0x38, 0x00, 0xFE, 0x38, 0x00, 0xFF, 0x38, 0x00, 0xFF, 0xB8, 0x00, 0x7F, 0xF8, 0x00, 0x7F,
    0xF8, 0x00, 0x3F, 0xFF, 0x00, 0x1F, 0xFF, 0xC0, 0x07, 0xFF, 0xF0, 0x03, 0xFF, 0xF8, 0x00, 0x7F, 0xFC, 0x00, 0x3F, 0xFE, 0x00, 0x3B, 0xFE, 0x00,
    0x39, 0xFE, 0x00, 0x38, 0xFF, 0x00, 0x38, 0x7F, 0xC0, 0x38, 0xFE, 0xF8, 0x38, 0xFE, 0xFF, 0xFF, 0xFE, 0xFF, 0xFF, 0xFC, 0xFF, 0xFF, 0xFC, 0xFF,
    0xFF, 0xF8, 0x7F, 0xFF, 0xE0, 0x07, 0xFF, 0x00, 0x00, 0x38, 0x00, 0x00, 0x38, 0x00, 0x00, 0x38, 0x00, 0x00, 0x38, 0x00, 0x00, 0x38, 0x00, 0x00,
    0x80, 0x00, 0x00, 0x00, 0x00, 0x0F, 0xF0, 0x00, 0x1F, 0x80, 0x00, 0x1F, 0xFC, 0x00, 0x3F, 0x00, 0x00, 0x3F, 0xFE, 0x00, 0x3F, 0x00, 0x00, 0x3F,
    0xFE, 0x00, 0x7E, 0x00, 0x00, 0x7F, 0xFF, 0x00, 0x7E, 0x00, 0x00, 0x7E, 0x3F, 0x00, 0xFC, 0x00, 0x00, 0x7E, 0x1F, 0x00, 0xF8, 0x00, 0x00, 0x7C,
    0x1F, 0x81, 0xF8, 0x00, 0x00, 0xFC, 0x1F, 0x81, 0xF0, 0x00, 0x00, 0xFC, 0x1F, 0x83, 0xF0, 0x00, 0x00, 0xFC, 0x1F, 0x87, 0xE0, 0x00, 0x00, 0xFC,
    0x1F, 0x87, 0xE0, 0x00, 0x00, 0x7C, 0x1F, 0x8F, 0xC0, 0x00, 0x00, 0x7C, 0x1F, 0x8F, 0xC3, 0xE0, 0x00, 0x7E, 0x3F, 0x1F, 0x8F, 0xF8, 0x00, 0x7E,
    0x3F, 0x1F, 0x9F, 0xFC, 0x00, 0x3F, 0xFF, 0x3F, 0x3F, 0xFE, 0x00, 0x3F, 0xFE, 0x3E, 0x3F, 0xFF, 0x00, 0x1F, 0xFC, 0x7E, 0x7E, 0x3F, 0x00, 0x0F,
    0xF8, 0x7C, 0x7E, 0x1F, 0x00, 0x03, 0xF0, 0xFC, 0x7C, 0x1F, 0x80, 0x00, 0x00, 0xF8, 0x7C, 0x1F, 0x80, 0x00, 0x01, 0xF8, 0x7C, 0x1F, 0x80, 0x00,
    0x03, 0xF0, 0x7C, 0x1F, 0x80, 0x00, 0x03, 0xF0, 0x7C, 0x1F, 0x80, 0x00, 0x07, 0xE0, 0x7C, 0x1F, 0x80, 0x00, 0x07, 0xE0, 0x7C, 0x1F, 0x80, 0x00,
    0x0F, 0xC0, 0x7C, 0x1F, 0x80, 0x00, 0x0F, 0x80, 0x7E, 0x1F, 0x00, 0x00, 0x1F, 0x80, 0x7E, 0x3F, 0x00, 0x00, 0x1F, 0x00, 0x3F, 0xFF, 0x00, 0x00,
    0x3F, 0x00, 0x3F, 0xFE, 0x00, 0x00, 0x3E, 0x00, 0x1F, 0xFC, 0x00, 0x00, 0x7E, 0x00, 0x0F, 0xF8, 0x00, 0x00, 0xFC, 0x00, 0x03, 0xF0, 0x00, 0x00,
    0x08, 0x00, 0x00, 0x00, 0x00, 0xFF, 0xC0, 0x00, 0x00, 0x03, 0xFF, 0xF0, 0x00, 0x00, 0x07, 0xFF, 0xF8, 0x00, 0x00, 0x0F, 0xFF, 0xFC, 0x00, 0x00,
    0x1F, 0xFF, 0xFC, 0x00, 0x00, 0x1F, 0xE3, 0xFC, 0x00, 0x00, 0x1F, 0xC0, 0xFC, 0x00, 0x00, 0x1F, 0xC0, 0xFC, 0x00, 0x00, 0x1F, 0x80, 0xFC, 0x00,
    0x00, 0x1F, 0xC1, 0xFC, 0x00, 0x00, 0x1F, 0xC1, 0xFC, 0x00, 0x00, 0x0F, 0xE7, 0xF8, 0x00, 0x00, 0x0F, 0xFF, 0xF8, 0x00, 0x00, 0x07, 0xFF, 0xF0,
    0x00, 0x00, 0x07, 0xFF, 0xE0, 0x00, 0x00, 0x03, 0xFF, 0xC0, 0x00, 0x00, 0x07, 0xFF, 0x00, 0x7F, 0x80, 0x1F, 0xFF, 0x00, 0x7F, 0x00, 0x3F, 0xFF,
    0x80, 0xFF, 0x00, 0x7F, 0xFF, 0xC0, 0xFF, 0x00, 0x7F, 0xDF, 0xE0, 0xFE, 0x00, 0xFF, 0x8F, 0xF1, 0xFE, 0x00, 0xFF, 0x07, 0xF9, 0xFC, 0x00, 0xFF,
    0x03, 0xFF, 0xFC, 0x00, 0xFE, 0x01, 0xFF, 0xF8, 0x00, 0xFE, 0x00, 0xFF, 0xF8, 0x00, 0xFF, 0x00, 0x7F, 0xF0, 0x00, 0xFF, 0x00, 0x3F, 0xE0, 0x00,
    0xFF, 0x80, 0x7F, 0xE0, 0x00, 0x7F, 0xFF, 0xFF, 0xF0, 0x00, 0x7F, 0xFF, 0xFF, 0xF8, 0x00, 0x3F, 0xFF, 0xFF, 0xFC, 0x00, 0x1F, 0xFF, 0xFD, 0xFE,
    0x00, 0x07, 0xFF, 0xF0, 0xFF, 0x00, 0x00, 0xFF, 0x80, 0x7F, 0xC0, 0xFE, 0xFE, 0xFE, 0xFE, 0xFE, 0xFC, 0xFC, 0xFC, 0x7C, 0x7C, 0x7C, 0x7C, 0x7C,
    0x01, 0xF8, 0x03, 0xF0, 0x07, 0xE0, 0x0F, 0xE0, 0x0F, 0xC0, 0x1F, 0xC0, 0x1F, 0x80, 0x3F, 0x80, 0x3F, 0x00, 0x3F, 0x00, 0x7F, 0x00, 0x7E, 0x00,
    0x7E, 0x00, 0x7E, 0x00, 0xFE, 0x00, 0xFE, 0x00, 0xFC, 0x00, 0xFC, 0x00, 0xFC, 0x00, 0xFC, 0x00, 0xFC, 0x00, 0xFC, 0x00, 0xFC, 0x00, 0xFC, 0x00,
    0xFC, 0x00, 0xFC, 0x00, 0xFE, 0x00, 0xFE, 0x00, 0x7E, 0x00, 0x7E, 0x00, 0x7E, 0x00, 0x7F, 0x00, 0x3F, 0x00, 0x3F, 0x00, 0x3F, 0x80, 0x1F, 0x80,
    0x1F, 0xC0, 0x0F, 0xC0, 0x0F, 0xE0, 0x07, 0xE0, 0x03, 0xF0, 0x01, 0xF8, 0xFE, 0x00, 0x7E, 0x00, 0x3F, 0x00, 0x1F, 0x80, 0x1F, 0x80, 0x0F, 0xC0,
    0x0F, 0xC0, 0x07, 0xE0, 0x07, 0xE0, 0x07, 0xF0, 0x03, 0xF0, 0x03, 0xF0, 0x03, 0xF0, 0x03, 0xF8, 0x03, 0xF8, 0x01, 0xF8, 0x01, 0xF8, 0x01, 0xF8,
    0x01, 0xF8, 0x01, 0xF8, 0x01, 0xF8, 0x01, 0xF8, 0x01, 0xF8, 0x01, 0xF8, 0x01, 0xF8, 0x01, 0xF8, 0x01, 0xF8, 0x01, 0xF8, 0x03, 0xF8, 0x03, 0xF0,
    0x03, 0xF0, 0x03, 0xF0, 0x07, 0xF0, 0x07, 0xE0, 0x07, 0xE0, 0x0F, 0xC0, 0x0F, 0xC0, 0x1F, 0x80, 0x1F, 0x80, 0x3F, 0x00, 0x7E, 0x00, 0xFE, 0x00,
    0x00, 0x7E, 0x00, 0x00, 0x7E, 0x00, 0x00, 0x7E, 0x00, 0x00, 0x7E, 0x00, 0x00, 0x7E, 0x00, 0x00, 0x7E, 0x00, 0x40, 0x3C, 0x02, 0x7C, 0x3C, 0x1E,
    0x7F, 0xBD, 0xFE, 0x7F, 0xFF, 0xFE, 0x7F, 0xFF, 0xFE, 0xFF, 0xFF, 0xFF, 0x0F, 0xFF, 0xF8, 0x00, 0xFF, 0x00, 0x01, 0xFF, 0x80, 0x03, 0xFF, 0xC0,
    0x03, 0xEF, 0xC0, 0x07, 0xE7, 0xE0, 0x0F, 0xE7, 0xF0, 0x1F, 0xC3, 0xF8, 0x0F, 0xC3, 0xF0, 0x03, 0x81, 0xC0, 0x00, 0x81, 0x00, 0x00, 0x7C, 0x00,
    0x00, 0x7C, 0x00, 0x00, 0x7C, 0x00, 0x00, 0x7C, 0x00, 0x00, 0x7C, 0x00, 0x00, 0x7C, 0x00, 0x00, 0x7C, 0x00, 0x00, 0x7C, 0x00, 0x00, 0x7C, 0x00,
    0xFF, 0xFF, 0xFE, 0xFF, 0xFF, 0xFE, 0xFF, 0xFF, 0xFE, 0xFF, 0xFF, 0xFE, 0xFF, 0xFF, 0xFE, 0xFF, 0xFF, 0xFE, 0x00, 0x7C, 0x00, 0x00, 0x7C, 0x00,
    0x00, 0x7C, 0x00, 0x00, 0x7C, 0x00, 0x00, 0x7C, 0x00, 0x00, 0x7C, 0x00, 0x00, 0x7C, 0x00, 0x00, 0x7C, 0x00, 0x00, 0x7C, 0x00, 0x1F, 0xC0, 0x1F,
    0xC0, 0x3F, 0x80, 0x3F, 0x80, 0x3F, 0x80, 0x3F, 0x00, 0x3F, 0x00, 0x7E, 0x00, 0x7E, 0x00, 0x7E, 0x00, 0x7C, 0x00, 0xFC, 0x00, 0xFF, 0xF8, 0xFF,
    0xF8, 0xFF, 0xF8, 0xFF, 0xF8, 0xFF, 0xF8, 0xFF, 0xF8, 0x3C, 0xFE, 0xFF, 0xFF, 0xFF, 0xFF, 0xFE, 0x7C, 0x00, 0x07, 0xF0, 0x00, 0x07, 0xE0, 0x00,
    0x0F, 0xE0, 0x00, 0x0F, 0xC0, 0x00, 0x1F, 0xC0, 0x00, 0x1F, 0xC0, 0x00, 0x1F, 0x80, 0x00, 0x3F, 0x80, 0x00, 0x3F, 0x80, 0x00, 0x3F, 0x00, 0x00,
    0x7F, 0x00, 0x00, 0x7E, 0x00, 0x00, 0x7E, 0x00, 0x00, 0xFE, 0x00, 0x00, 0xFC, 0x00, 0x01, 0xFC, 0x00, 0x01, 0xFC, 0x00, 0x01, 0xF8, 0x00, 0x03,
    0xF8, 0x00, 0x03, 0xF8, 0x00, 0x03, 0xF0, 0x00, 0x07, 0xF0, 0x00, 0x07, 0xE0, 0x00, 0x07, 0xE0, 0x00, 0x0F, 0xE0, 0x00, 0x0F, 0xC0, 0x00, 0x1F,
    0xC0, 0x00, 0x1F, 0xC0, 0x00, 0x1F, 0x80, 0x00, 0x3F, 0x80, 0x00, 0x3F, 0x80, 0x00, 0x3F, 0x00, 0x00, 0x7F, 0x00, 0x00, 0x7E, 0x00, 0x00, 0xFE,
    0x00, 0x00, 0x00, 0x10, 0x00, 0x01, 0xFF, 0x80, 0x07, 0xFF, 0xC0, 0x0F, 0xFF, 0xE0, 0x1F, 0xFF, 0xF0, 0x3F, 0xFF, 0xF8, 0x3F, 0xC7, 0xF8, 0x7F,
    0x81, 0xFC, 0x7F, 0x01, 0xFC, 0x7F, 0x00, 0xFE, 0xFF, 0x00, 0xFE, 0xFE, 0x00, 0xFE, 0xFE, 0x00, 0xFE, 0xFE, 0x00, 0xFE, 0xFE, 0x00, 0xFF, 0xFE,
    0x00, 0xFF, 0xFE, 0x00, 0xFF, 0xFE, 0x00, 0xFF, 0xFE, 0x00, 0xFF, 0xFE, 0x00, 0xFF, 0xFE, 0x00, 0xFF, 0xFE, 0x00, 0xFF, 0xFE, 0x00, 0xFE, 0xFE,
    0x00, 0xFE, 0xFE, 0x00, 0xFE, 0xFE, 0x00, 0xFE, 0x7F, 0x00, 0xFE, 0x7F, 0x01, 0xFE, 0x7F, 0x01, 0xFC, 0x3F, 0x83, 0xFC, 0x3F, 0xFF, 0xF8, 0x1F,
    0xFF, 0xF8, 0x1F, 0xFF, 0xF0, 0x0F, 0xFF, 0xE0, 0x03, 0xFF, 0xC0, 0x00, 0xFF, 0x00, 0x00, 0x3F, 0x80, 0x00, 0x7F, 0x80, 0x00, 0xFF, 0x80, 0x01,
    0xFF, 0x80, 0x07, 0xFF, 0x80, 0x0F, 0xFF, 0x80, 0x1F, 0xFF, 0x80, 0x3F, 0xFF, 0x80, 0x7F, 0xBF, 0x80, 0xFF, 0x3F, 0x80, 0x7E, 0x3F, 0x80, 0x3C,
    0x3F, 0x80, 0x38, 0x3F, 0x80, 0x10, 0x3F, 0x80, 0x00, 0x3F, 0x80, 0x00, 0x3F, 0x80, 0x00, 0x3F, 0x80, 0x00, 0x3F, 0x80, 0x00, 0x3F, 0x80, 0x00,
    0x3F, 0x80, 0x00, 0x3F, 0x80, 0x00, 0x3F, 0x80, 0x00, 0x3F, 0x80, 0x00, 0x3F, 0x80, 0x00, 0x3F, 0x80, 0x00, 0x3F, 0x80, 0x00, 0x3F, 0x80, 0x00,
    0x3F, 0x80, 0x00, 0x3F, 0x80, 0x00, 0x3F, 0x80, 0x00, 0x3F, 0x80, 0x00, 0x3F, 0x80, 0x00, 0x3F, 0x80, 0x00, 0x3F, 0x80, 0x00, 0x3F, 0x80, 0x00,
    0x08, 0x00, 0x03, 0xFF, 0x80, 0x0F, 0xFF, 0xE0, 0x3F, 0xFF, 0xF0, 0xFF, 0xFF, 0xF8, 0xFF, 0xFF, 0xFC, 0x7F, 0x83, 0xFC, 0x3E, 0x01, 0xFE, 0x18,
    0x01, 0xFE, 0x10, 0x00, 0xFE, 0x00, 0x00, 0xFE, 0x00, 0x00, 0xFE, 0x00, 0x01, 0xFE, 0x00, 0x01, 0xFC, 0x00, 0x01, 0xFC, 0x00, 0x03, 0xFC, 0x00,
    0x07, 0xF8, 0x00, 0x0F, 0xF8, 0x00, 0x0F, 0xF0, 0x00, 0x1F, 0xE0, 0x00, 0x3F, 0xC0, 0x00, 0x7F, 0xC0, 0x00, 0xFF, 0x80, 0x01, 0xFF, 0x00, 0x03,
    0xFE, 0x00, 0x07, 0xFC, 0x00, 0x0F, 0xF8, 0x00, 0x1F, 0xF0, 0x00, 0x3F, 0xE0, 0x00, 0x3F, 0x80, 0x00, 0x7F, 0xFF, 0xFF, 0xFF, 0xFF, 0xFF, 0xFF,
    0xFF, 0xFF, 0xFF, 0xFF, 0xFF, 0xFF, 0xFF, 0xFF, 0xFF, 0xFF, 0xFF, 0x00, 0x10, 0x00, 0x0F, 0xFF, 0x80, 0x3F, 0xFF, 0xE0, 0xFF, 0xFF, 0xF0, 0xFF,
    0xFF, 0xF8, 0x7F, 0xFF, 0xFC, 0x3F, 0x07, 0xFC, 0x38, 0x01, 0xFC, 0x10, 0x01, 0xFE, 0x00, 0x01, 0xFE, 0x00, 0x01, 0xFC, 0x00, 0x01, 0xFC, 0x00,
    0x01, 0xFC, 0x00, 0x03, 0xF8, 0x00, 0x0F, 0xF0, 0x07, 0xFF, 0xE0, 0x07, 0xFF, 0xC0, 0x07, 0xFE, 0x00, 0x07, 0xFF, 0xE0, 0x07, 0xFF, 0xF8, 0x07,
    0xFF, 0xFC, 0x00, 0x03, 0xFE, 0x00, 0x01, 0xFE, 0x00, 0x00, 0xFE, 0x00, 0x00, 0xFE, 0x00, 0x00, 0xFF, 0x00, 0x00, 0xFE, 0x00, 0x01, 0xFE, 0x80,
    0x01, 0xFE, 0xE0, 0x03, 0xFE, 0xFF, 0xFF, 0xFC, 0xFF, 0xFF, 0xFC, 0xFF, 0xFF, 0xF8, 0xFF, 0xFF, 0xF0, 0xFF, 0xFF, 0xC0, 0x0F, 0xFE, 0x00, 0x00,
    0x03, 0xFC, 0x00, 0x00, 0x03, 0xFC, 0x00, 0x00, 0x07, 0xFC, 0x00, 0x00, 0x07, 0xFC, 0x00, 0x00, 0x0F, 0xFC, 0x00, 0x00, 0x1F, 0xFC, 0x00, 0x00,
    0x1F, 0xFC, 0x00, 0x00, 0x3F, 0xFC, 0x00, 0x00, 0x7F, 0xFC, 0x00, 0x00, 0x7D, 0xFC, 0x00, 0x00, 0xFD, 0xFC, 0x00, 0x01, 0xF9, 0xFC, 0x00, 0x01,
    0xF1, 0xFC, 0x00, 0x03, 0xF3, 0xFC, 0x00, 0x07, 0xE3, 0xFC, 0x00, 0x07, 0xE3, 0xFC, 0x00, 0x0F, 0xC3, 0xFC, 0x00, 0x1F, 0x83, 0xFC, 0x00, 0x1F,
    0x83, 0xFC, 0x00, 0x3F, 0x03, 0xFC, 0x00, 0x7E, 0x03, 0xFC, 0x00, 0x7E, 0x03, 0xFC, 0x00, 0xFF, 0xFF, 0xFF, 0xC0, 0xFF, 0xFF, 0xFF, 0xC0, 0xFF,
    0xFF, 0xFF, 0xC0, 0xFF, 0xFF, 0xFF, 0xC0, 0xFF, 0xFF, 0xFF, 0xC0, 0xFF, 0xFF, 0xFF, 0xC0, 0x00, 0x03, 0xFC, 0x00, 0x00, 0x03, 0xFC, 0x00, 0x00,
    0x03, 0xFC, 0x00, 0x00, 0x03, 0xFC, 0x00, 0x00, 0x03, 0xFC, 0x00, 0x00, 0x03, 0xFC, 0x00, 0x00, 0x03, 0xFC, 0x00, 0x3F, 0xFF, 0xF8, 0x3F, 0xFF,
    0xF8, 0x3F, 0xFF, 0xF8, 0x3F, 0xFF, 0xF8, 0x3F, 0xFF, 0xF8, 0x3F, 0xFF, 0xF8, 0x3F, 0x80, 0x00, 0x3F, 0x80, 0x00, 0x3F, 0x00, 0x00, 0x3F, 0x00,
    0x00, 0x3F, 0x00, 0x00, 0x7F, 0x00, 0x00, 0x7F, 0x18, 0x00, 0x7F, 0xFF, 0xC0, 0x7F, 0xFF, 0xE0, 0x7F, 0xFF, 0xF8, 0x7F, 0xFF, 0xF8, 0x7F, 0xFF,
    0xFC, 0x18, 0x0F, 0xFC, 0x00, 0x03, 0xFE, 0x00, 0x01, 0xFE, 0x00, 0x00, 0xFE, 0x00, 0x00, 0xFE, 0x00, 0x00, 0xFE, 0x00, 0x00, 0xFE, 0x00, 0x00,
    0xFE, 0x00, 0x01, 0xFE, 0x80, 0x01, 0xFE, 0xF0, 0x03, 0xFC, 0xFF, 0xFF, 0xFC, 0xFF, 0xFF, 0xF8, 0xFF, 0xFF, 0xF0, 0xFF, 0xFF, 0xE0, 0x7F, 0xFF,
    0x80, 0x0F, 0xFC, 0x00, 0x00, 0x00, 0x70, 0x00, 0x3F, 0xF8, 0x00, 0xFF, 0xF8, 0x03, 0xFF, 0xF8, 0x07, 0xFF, 0xF8, 0x0F, 0xFF, 0xF8, 0x1F, 0xF8,
    0x04, 0x1F, 0xE0, 0x00, 0x3F, 0x80, 0x00, 0x3F, 0x00, 0x00, 0x7F, 0x00, 0x00, 0x7E, 0x00, 0x00, 0x7E, 0x00, 0x00, 0xFE, 0x1F, 0xC0, 0xFE, 0x7F,
    0xF0, 0xFC, 0xFF, 0xF8, 0xFD, 0xFF, 0xFC, 0xFF, 0xFF, 0xFC, 0xFF, 0xFF, 0xFE, 0xFF, 0x81, 0xFE, 0xFF, 0x00, 0xFF, 0xFE, 0x00, 0xFF, 0xFE, 0x00,
    0x7F, 0xFE, 0x00, 0x7F, 0xFE, 0x00, 0x7F, 0xFE, 0x00, 0x7F, 0xFE, 0x00, 0x7F, 0x7F, 0x00, 0xFF, 0x7F, 0x00, 0xFE, 0x7F, 0x81, 0xFE, 0x3F, 0xFF,
    0xFC, 0x1F, 0xFF, 0xFC, 0x1F, 0xFF, 0xF8, 0x07, 0xFF, 0xF0, 0x03, 0xFF, 0xC0, 0x00, 0xFF, 0x00, 0xFF, 0xFF, 0xFF, 0x80, 0xFF, 0xFF, 0xFF, 0x80,
    0xFF, 0xFF, 0xFF, 0x80, 0xFF, 0xFF, 0xFF, 0x80, 0xFF, 0xFF, 0xFF, 0x80, 0xFF, 0xFF, 0xFF, 0x00, 0x00, 0x00, 0x7F, 0x00, 0x00, 0x00, 0xFF, 0x00,
    0x00, 0x00, 0xFE, 0x00, 0x00, 0x01, 0xFE, 0x00, 0x00, 0x01, 0xFC, 0x00, 0x00, 0x01, 0xFC, 0x00, 0x00, 0x03, 0xF8, 0x00, 0x00, 0x03, 0xF8, 0x00,
    0x00, 0x07, 0xF8, 0x00, 0x00, 0x07, 0xF0, 0x00, 0x00, 0x0F, 0xF0, 0x00, 0x00, 0x0F, 0xE0, 0x00, 0x00, 0x0F, 0xE0, 0x00, 0x00, 0x1F, 0xC0, 0x00,
    0x00, 0x1F, 0xC0, 0x00, 0x00, 0x3F, 0xC0, 0x00, 0x00, 0x3F, 0x80, 0x00, 0x00, 0x7F, 0x80, 0x00, 0x00, 0x7F, 0x00, 0x00, 0x00, 0xFF, 0x00, 0x00,
    0x00, 0xFF, 0x00, 0x00, 0x00, 0xFE, 0x00, 0x00, 0x01, 0xFE, 0x00, 0x00, 0x01, 0xFC, 0x00, 0x00, 0x03, 0xFC, 0x00, 0x00, 0x03, 0xF8, 0x00, 0x00,
    0x07, 0xF8, 0x00, 0x00, 0x07, 0xF8, 0x00, 0x00, 0x0F, 0xF0, 0x00, 0x00, 0x00, 0x10, 0x00, 0x03, 0xFF, 0x80, 0x0F, 0xFF, 0xE0, 0x1F, 0xFF, 0xF0,
    0x3F, 0xFF, 0xF8, 0x7F, 0xFF, 0xFC, 0x7F, 0xC3, 0xFC, 0x7F, 0x01, 0xFE, 0x7F, 0x00, 0xFE, 0x7F, 0x00, 0xFE, 0x7F, 0x00, 0xFE, 0x7F, 0x01, 0xFC,
    0x7F, 0x81, 0xFC, 0x3F, 0xC7, 0xF8, 0x1F, 0xFF, 0xF8, 0x0F, 0xFF, 0xE0, 0x07, 0xFF, 0xC0, 0x03, 0xFF, 0x80, 0x07, 0xFF, 0xC0, 0x1F, 0xFF, 0xF0,
    0x3F, 0xFF, 0xF8, 0x7F, 0xC7, 0xFC, 0x7F, 0x01, 0xFE, 0xFE, 0x00, 0xFE, 0xFE, 0x00, 0x7E, 0xFC, 0x00, 0x7F, 0xFC, 0x00, 0x7F, 0xFE, 0x00, 0x7F,
    0xFE, 0x00, 0xFF, 0xFF, 0x01, 0xFE, 0xFF, 0xFF, 0xFE, 0x7F, 0xFF, 0xFC, 0x3F, 0xFF, 0xF8, 0x1F, 0xFF, 0xF0, 0x0F, 0xFF, 0xE0, 0x01, 0xFF, 0x00,
    0x00, 0x10, 0x00, 0x03, 0xFF, 0x00, 0x0F, 0xFF, 0xC0, 0x1F, 0xFF, 0xE0, 0x3F, 0xFF, 0xF0, 0x7F, 0xFF, 0xF8, 0x7F, 0x87, 0xFC, 0xFF, 0x01, 0xFC,
    0xFE, 0x01, 0xFE, 0xFE, 0x00, 0xFE, 0xFE, 0x00, 0xFE, 0xFE, 0x00, 0xFE, 0xFE, 0x00, 0x7F, 0xFE, 0x00, 0xFF, 0xFE, 0x00, 0xFF, 0xFE, 0x00, 0xFF,
    0xFF, 0x01, 0xFF, 0xFF, 0x83, 0xFF, 0x7F, 0xFF, 0xFF, 0x7F, 0xFF, 0xFF, 0x3F, 0xFF, 0x7E, 0x1F, 0xFE, 0x7E, 0x0F, 0xFC, 0x7E, 0x00, 0xC0, 0xFE,
    0x00, 0x00, 0xFE, 0x00, 0x00, 0xFC, 0x00, 0x01, 0xFC, 0x00, 0x01, 0xFC, 0x00, 0x07, 0xF8, 0x00, 0x0F, 0xF8, 0x3F, 0xFF, 0xF0, 0x3F, 0xFF, 0xE0,
    0x3F, 0xFF, 0xC0, 0x3F, 0xFF, 0x80, 0x3F, 0xFE, 0x00, 0x3F, 0xE0, 0x00, 0x7C, 0xFE, 0xFF, 0xFF, 0xFF, 0xFF, 0xFE, 0x7C, 0x00, 0x00, 0x00, 0x00,
    0x00, 0x00, 0x00, 0x00, 0x00, 0x00, 0x00, 0x3C, 0xFE, 0xFF, 0xFF, 0xFF, 0xFF, 0xFE, 0x7C, 0x0F, 0x00, 0x3F, 0x80, 0x3F, 0xC0, 0x3F, 0xC0, 0x3F,
    0xC0, 0x3F, 0xC0, 0x3F, 0x80, 0x0F, 0x00, 0x00, 0x00, 0x00, 0x00, 0x00, 0x00, 0x00, 0x00, 0x00, 0x00, 0x00, 0x00, 0x00, 0x00, 0x00, 0x00, 0x00,
    0x00, 0x00, 0x00, 0x00, 0x00, 0x00, 0x00, 0x00, 0x00, 0x1F, 0xC0, 0x1F, 0xC0, 0x3F, 0x80, 0x3F, 0x80, 0x3F, 0x80, 0x3F, 0x00, 0x3F, 0x00, 0x7E,
    0x00, 0x7E, 0x00, 0x7E, 0x00, 0x7C, 0x00, 0xFC, 0x00, 0x00, 0x00, 0x02, 0x00, 0x00, 0x0E, 0x00, 0x00, 0x3E, 0x00, 0x00, 0xFE, 0x00, 0x03, 0xFE,
    0x00, 0x0F, 0xFE, 0x00, 0x3F, 0xF8, 0x00, 0xFF, 0xE0, 0x03, 0xFF, 0x80, 0x0F, 0xFE, 0x00, 0x3F, 0xF8, 0x00, 0xFF, 0xE0, 0x00, 0xFF, 0x80, 0x00,
    0xFF, 0x00, 0x00, 0xFF, 0xE0, 0x00, 0x7F, 0xF8, 0x00, 0x1F, 0xFF, 0x00, 0x03, 0xFF, 0xC0, 0x00, 0xFF, 0xF8, 0x00, 0x3F, 0xFE, 0x00, 0x07, 0xFE,
    0x00, 0x01, 0xFE, 0x00, 0x00, 0x7E, 0x00, 0x00, 0x1E, 0x00, 0x00, 0x02, 0xFF, 0xFF, 0xFE, 0xFF, 0xFF, 0xFE, 0xFF, 0xFF, 0xFE, 0xFF, 0xFF, 0xFE,
    0xFF, 0xFF, 0xFE, 0xFF, 0xFF, 0xFE, 0x00, 0x00, 0x00, 0x00, 0x00, 0x00, 0x00, 0x00, 0x00, 0xFF, 0xFF, 0xFE, 0xFF, 0xFF, 0xFE, 0xFF, 0xFF, 0xFE,
    0xFF, 0xFF, 0xFE, 0xFF, 0xFF, 0xFE, 0xFF, 0xFF, 0xFE, 0x80, 0x00, 0x00, 0xE0, 0x00, 0x00, 0xF8, 0x00, 0x00, 0xFE, 0x00, 0x00, 0xFF, 0x80, 0x00,
    0xFF, 0xE0, 0x00, 0x3F, 0xF8, 0x00, 0x0F, 0xFE, 0x00, 0x03, 0xFF, 0x80, 0x00, 0xFF, 0xE0, 0x00, 0x1F, 0xF8, 0x00, 0x07, 0xFE, 0x00, 0x01, 0xFE,
    0x00, 0x01, 0xFE, 0x00, 0x07, 0xFE, 0x00, 0x3F, 0xFC, 0x00, 0xFF, 0xF0, 0x07, 0xFF, 0xC0, 0x1F, 0xFE, 0x00, 0xFF, 0xF8, 0x00, 0xFF, 0xE0, 0x00,
    0xFF, 0x80, 0x00, 0xFC, 0x00, 0x00, 0xF0, 0x00, 0x00, 0xC0, 0x00, 0x00, 0x00, 0x10, 0x00, 0x07, 0xFF, 0x80, 0x3F, 0xFF, 0xE0, 0xFF, 0xFF, 0xF0,
    0x7F, 0xFF, 0xF8, 0x7F, 0xFF, 0xF8, 0x3F, 0x07, 0xFC, 0x38, 0x03, 0xFC, 0x20, 0x01, 0xFC, 0x00, 0x01, 0xFC, 0x00, 0x01, 0xFC, 0x00, 0x01, 0xFC,
    0x00, 0x03, 0xF8, 0x00, 0x07, 0xF8, 0x00, 0x1F, 0xF0, 0x00, 0x3F, 0xE0, 0x00, 0x7F, 0xC0, 0x00, 0xFF, 0x80, 0x00, 0xFF, 0x00, 0x01, 0xFC, 0x00,
    0x01, 0xF8, 0x00, 0x01, 0xF8, 0x00, 0x01, 0xF8, 0x00, 0x01, 0xF8, 0x00, 0x00, 0x00, 0x00, 0x00, 0x00, 0x00, 0x00, 0x00, 0x00, 0x00, 0x00, 0x00,
    0x00, 0xF0, 0x00, 0x03, 0xF8, 0x00, 0x03, 0xFC, 0x00, 0x03, 0xFC, 0x00, 0x03, 0xFC, 0x00, 0x03, 0xFC, 0x00, 0x03, 0xF8, 0x00, 0x00, 0xF0, 0x00,
    0x00, 0x00, 0xFF, 0xC0, 0x00, 0x00, 0x0F, 0xFF, 0xF8, 0x00, 0x00, 0x3F, 0xFF, 0xFE, 0x00, 0x00, 0x7F, 0xFF, 0xFF, 0x80, 0x01, 0xFF, 0x80, 0x7F,
    0xC0, 0x03, 0xFC, 0x00, 0x0F, 0xE0, 0x07, 0xF0, 0x00, 0x07, 0xF0, 0x0F, 0xE0, 0x00, 0x03, 0xF0, 0x0F, 0xC0, 0x00, 0x01, 0xF8, 0x1F, 0x80, 0x7F,
    0xC0, 0xF8, 0x3F, 0x01, 0xFF, 0xF8, 0xFC, 0x3E, 0x07, 0xFF, 0xF8, 0x7C, 0x3E, 0x0F, 0xFF, 0xF8, 0x7C, 0x7E, 0x1F, 0xC1, 0xF8, 0x7E, 0x7C, 0x1F,
    0x81, 0xF8, 0x3E, 0x7C, 0x3F, 0x01, 0xF8, 0x3E, 0x7C, 0x3F, 0x01, 0xF8, 0x3E, 0xFC, 0x3E, 0x01, 0xF8, 0x3E, 0xFC, 0x3E, 0x01, 0xF8, 0x3E, 0xFC,
    0x3E, 0x01, 0xF0, 0x3E, 0xF8, 0x3E, 0x01, 0xF0, 0x7C, 0xF8, 0x3E, 0x01, 0xF0, 0x7C, 0xFC, 0x3E, 0x03, 0xF0, 0x7C, 0xFC, 0x3F, 0x03, 0xF8, 0xFC,
    0x7C, 0x1F, 0x87, 0xF8, 0xF8, 0x7C, 0x1F, 0xFF, 0xFF, 0xF0, 0x7C, 0x0F, 0xFF, 0x7F, 0xF0, 0x7E, 0x07, 0xFE, 0x3F, 0xE0, 0x3E, 0x01, 0xF8, 0x1F,
    0x80, 0x3F, 0x00, 0x00, 0x00, 0x00, 0x1F, 0x80, 0x00, 0x00, 0x00, 0x0F, 0xC0, 0x00, 0x00, 0x00, 0x0F, 0xF0, 0x00, 0x0C, 0x00, 0x07, 0xFC, 0x00,
    0xFC, 0x00, 0x01, 0xFF, 0xFF, 0xFC, 0x00, 0x00, 0xFF, 0xFF, 0xFC, 0x00, 0x00, 0x3F, 0xFF, 0xF8, 0x00, 0x00, 0x03, 0xFF, 0x80, 0x00, 0x00, 0x0F,
    0xF8, 0x00, 0x00, 0x00, 0x0F, 0xFC, 0x00, 0x00, 0x00, 0x1F, 0xFC, 0x00, 0x00, 0x00, 0x1F, 0xFC, 0x00, 0x00, 0x00, 0x3F, 0xFE, 0x00, 0x00, 0x00,
    0x3F, 0xFE, 0x00, 0x00, 0x00, 0x3F, 0x7E, 0x00, 0x00, 0x00, 0x7F, 0x7F, 0x00, 0x00, 0x00, 0x7F, 0x7F, 0x00, 0x00, 0x00, 0x7F, 0x3F, 0x00, 0x00,
    0x00, 0xFE, 0x3F, 0x80, 0x00, 0x00, 0xFE, 0x3F, 0x80, 0x00, 0x00, 0xFE, 0x3F, 0x80, 0x00, 0x01, 0xFE, 0x1F, 0xC0, 0x00, 0x01, 0xFC, 0x1F, 0xC0,
    0x00, 0x01, 0xFC, 0x1F, 0xC0, 0x00, 0x03, 0xFC, 0x0F, 0xE0, 0x00, 0x03, 0xF8, 0x0F, 0xE0, 0x00, 0x03, 0xF8, 0x0F, 0xE0, 0x00, 0x07, 0xF8, 0x0F,
    0xF0, 0x00, 0x07, 0xF0, 0x07, 0xF0, 0x00, 0x07, 0xFF, 0xFF, 0xF8, 0x00, 0x0F, 0xFF, 0xFF, 0xF8, 0x00, 0x0F, 0xFF, 0xFF, 0xF8, 0x00, 0x0F, 0xFF,
    0xFF, 0xFC, 0x00, 0x1F, 0xFF, 0xFF, 0xFC, 0x00, 0x1F, 0xFF, 0xFF, 0xFC, 0x00, 0x1F, 0xC0, 0x01, 0xFE, 0x00, 0x3F, 0xC0, 0x01, 0xFE, 0x00, 0x3F,
    0xC0, 0x01, 0xFE, 0x00, 0x3F, 0x80, 0x00, 0xFF, 0x00, 0x7F, 0x80, 0x00, 0xFF, 0x00, 0x7F, 0x80, 0x00, 0xFF, 0x00, 0x7F, 0x00, 0x00, 0x7F, 0x80,
    0xFF, 0x00, 0x00, 0x7F, 0x80, 0xFF, 0xFF, 0x80, 0x00, 0xFF, 0xFF, 0xF0, 0x00, 0xFF, 0xFF, 0xFC, 0x00, 0xFF, 0xFF, 0xFE, 0x00, 0xFF, 0xFF, 0xFF,
    0x00, 0xFF, 0xFF, 0xFF, 0x00, 0xFE, 0x01, 0xFF, 0x00, 0xFE, 0x00, 0xFF, 0x80, 0xFE, 0x00, 0x7F, 0x80, 0xFE, 0x00, 0x7F, 0x80, 0xFE, 0x00, 0x7F,
    0x80, 0xFE, 0x00, 0x7F, 0x00, 0xFE, 0x00, 0xFF, 0x00, 0xFE, 0x01, 0xFF, 0x00, 0xFF, 0xFF, 0xFE, 0x00, 0xFF, 0xFF, 0xFC, 0x00, 0xFF, 0xFF, 0xF0,
    0x00, 0xFF, 0xFF, 0xF0, 0x00, 0xFF, 0xFF, 0xFC, 0x00, 0xFF, 0xFF, 0xFF, 0x00, 0xFE, 0x01, 0xFF, 0x00, 0xFE, 0x00, 0x7F, 0x80, 0xFE, 0x00, 0x7F,
    0x80, 0xFE, 0x00, 0x3F, 0x80, 0xFE, 0x00, 0x3F, 0xC0, 0xFE, 0x00, 0x3F, 0xC0, 0xFE, 0x00, 0x3F, 0x80, 0xFE, 0x00, 0x7F, 0x80, 0xFE, 0x00, 0xFF,
    0x80, 0xFF, 0xFF, 0xFF, 0x80, 0xFF, 0xFF, 0xFF, 0x00, 0xFF, 0xFF, 0xFE, 0x00, 0xFF, 0xFF, 0xFC, 0x00, 0xFF, 0xFF, 0xF0, 0x00, 0xFF, 0xFF, 0x80,
    0x00, 0x00, 0x00, 0x80, 0x00, 0x00, 0x3F, 0xFE, 0x00, 0x00, 0xFF, 0xFF, 0xC0, 0x03, 0xFF, 0xFF, 0xC0, 0x07, 0xFF, 0xFF, 0xC0, 0x0F, 0xFF, 0xFF,
    0x80, 0x1F, 0xF8, 0x1F, 0x80, 0x3F, 0xE0, 0x03, 0x00, 0x3F, 0xC0, 0x00, 0x00, 0x7F, 0xC0, 0x00, 0x00, 0x7F, 0x80, 0x00, 0x00, 0x7F, 0x00, 0x00,
    0x00, 0xFF, 0x00, 0x00, 0x00, 0xFF, 0x00, 0x00, 0x00, 0xFF, 0x00, 0x00, 0x00, 0xFE, 0x00, 0x00, 0x00, 0xFE, 0x00, 0x00, 0x00, 0xFE, 0x00, 0x00,
    0x00, 0xFE, 0x00, 0x00, 0x00, 0xFE, 0x00, 0x00, 0x00, 0xFE, 0x00, 0x00, 0x00, 0xFE, 0x00, 0x00, 0x00, 0xFF, 0x00, 0x00, 0x00, 0xFF, 0x00, 0x00,
    0x00, 0xFF, 0x00, 0x00, 0x00, 0x7F, 0x80, 0x00, 0x00, 0x7F, 0x80, 0x00, 0x00, 0x7F, 0xC0, 0x00, 0x00, 0x3F, 0xE0, 0x00, 0x80, 0x3F, 0xF0, 0x03,
    0x80, 0x1F, 0xFF, 0xFF, 0x80, 0x0F, 0xFF, 0xFF, 0x80, 0x07, 0xFF, 0xFF, 0x80, 0x03, 0xFF, 0xFF, 0x80, 0x00, 0xFF, 0xFF, 0x80, 0x00, 0x1F, 0xF8,
    0x00, 0xFF, 0xFF, 0x00, 0x00, 0xFF, 0xFF, 0xF0, 0x00, 0xFF, 0xFF, 0xFC, 0x00, 0xFF, 0xFF, 0xFE, 0x00, 0xFF, 0xFF, 0xFF, 0x00, 0xFF, 0xFF, 0xFF,
    0x80, 0xFE, 0x00, 0xFF, 0xC0, 0xFE, 0x00, 0x7F, 0xC0, 0xFE, 0x00, 0x3F, 0xE0, 0xFE, 0x00, 0x1F, 0xE0, 0xFE, 0x00, 0x0F, 0xF0, 0xFE, 0x00, 0x0F,
    0xF0, 0xFE, 0x00, 0x0F, 0xF0, 0xFE, 0x00, 0x07, 0xF0, 0xFE, 0x00, 0x07, 0xF0, 0xFE, 0x00, 0x07, 0xF0, 0xFE, 0x00, 0x07, 0xF8, 0xFE, 0x00, 0x07,
    0xF8, 0xFE, 0x00, 0x07, 0xF8, 0xFE, 0x00, 0x07, 0xF0, 0xFE, 0x00, 0x07, 0xF0, 0xFE, 0x00, 0x0F, 0xF0, 0xFE, 0x00, 0x0F, 0xF0, 0xFE, 0x00, 0x0F,
    0xF0, 0xFE, 0x00, 0x1F, 0xE0, 0xFE, 0x00, 0x1F, 0xE0, 0xFE, 0x00, 0x3F, 0xE0, 0xFE, 0x00, 0x7F, 0xC0, 0xFE, 0x01, 0xFF, 0x80, 0xFF, 0xFF, 0xFF,
    0x80, 0xFF, 0xFF, 0xFF, 0x00, 0xFF, 0xFF, 0xFC, 0x00, 0xFF, 0xFF, 0xF8, 0x00, 0xFF, 0xFF, 0xE0, 0x00, 0xFF, 0xFF, 0x00, 0x00, 0xFF, 0xFF, 0xF0,
    0xFF, 0xFF, 0xF0, 0xFF, 0xFF, 0xF0, 0xFF, 0xFF, 0xF0, 0xFF, 0xFF, 0xF0, 0xFF, 0xFF, 0xF0, 0xFF, 0x00, 0x00, 0xFF, 0x00, 0x00, 0xFF, 0x00, 0x00,
    0xFF, 0x00, 0x00, 0xFF, 0x00, 0x00, 0xFF, 0x00, 0x00, 0xFF, 0x00, 0x00, 0xFF, 0x00, 0x00, 0xFF, 0xFF, 0xE0, 0xFF, 0xFF, 0xE0, 0xFF, 0xFF, 0xE0,
    0xFF, 0xFF, 0xE0, 0xFF, 0xFF, 0xE0, 0xFF, 0xFF, 0xE0, 0xFF, 0x00, 0x00, 0xFF, 0x00, 0x00, 0xFF, 0x00, 0x00, 0xFF, 0x00, 0x00, 0xFF, 0x00, 0x00,
    0xFF, 0x00, 0x00, 0xFF, 0x00, 0x00, 0xFF, 0x00, 0x00, 0xFF, 0x00, 0x00, 0xFF, 0xFF, 0xF0, 0xFF, 0xFF, 0xF0, 0xFF, 0xFF, 0xF0, 0xFF, 0xFF, 0xF0,
    0xFF, 0xFF, 0xF0, 0xFF, 0xFF, 0xF0, 0xFF, 0xFF, 0xF0, 0xFF, 0xFF, 0xF0, 0xFF, 0xFF, 0xF0, 0xFF, 0xFF, 0xF0, 0xFF, 0xFF, 0xF0, 0xFF, 0xFF, 0xF0,
    0xFE, 0x00, 0x00, 0xFE, 0x00, 0x00, 0xFE, 0x00, 0x00, 0xFE, 0x00, 0x00, 0xFE, 0x00, 0x00, 0xFE, 0x00, 0x00, 0xFE, 0x00, 0x00, 0xFE, 0x00, 0x00,
    0xFE, 0x00, 0x00, 0xFF, 0xFF, 0xE0, 0xFF, 0xFF, 0xE0, 0xFF, 0xFF, 0xE0, 0xFF, 0xFF, 0xE0, 0xFF, 0xFF, 0xE0, 0xFF, 0xFF, 0xE0, 0xFE, 0x00, 0x00,
    0xFE, 0x00, 0x00, 0xFE, 0x00, 0x00, 0xFE, 0x00, 0x00, 0xFE, 0x00, 0x00, 0xFE, 0x00, 0x00, 0xFE, 0x00, 0x00, 0xFE, 0x00, 0x00, 0xFE, 0x00, 0x00,
    0xFE, 0x00, 0x00, 0xFE, 0x00, 0x00, 0xFE, 0x00, 0x00, 0xFE, 0x00, 0x00, 0xFE, 0x00, 0x00, 0x00, 0x00, 0x40, 0x00, 0x00, 0x1F, 0xFF, 0x80, 0x00,
    0xFF, 0xFF, 0xF0, 0x01, 0xFF, 0xFF, 0xE0, 0x07, 0xFF, 0xFF, 0xE0, 0x0F, 0xFF, 0xFF, 0xE0, 0x1F, 0xFE, 0x07, 0xC0, 0x1F, 0xF0, 0x00, 0xC0, 0x3F,
    0xE0, 0x00, 0x00, 0x3F, 0xC0, 0x00, 0x00, 0x7F, 0x80, 0x00, 0x00, 0x7F, 0x80, 0x00, 0x00, 0xFF, 0x00, 0x00, 0x00, 0xFF, 0x00, 0x00, 0x00, 0xFF,
    0x00, 0x00, 0x00, 0xFE, 0x00, 0x00, 0x00, 0xFE, 0x03, 0xFF, 0xF0, 0xFE, 0x03, 0xFF, 0xF0, 0xFE, 0x03, 0xFF, 0xF0, 0xFE, 0x03, 0xFF, 0xF0, 0xFE,
    0x03, 0xFF, 0xF0, 0xFE, 0x03, 0xFF, 0xF0, 0xFF, 0x00, 0x07, 0xF0, 0xFF, 0x00, 0x07, 0xF0, 0xFF, 0x00, 0x07, 0xF0, 0x7F, 0x80, 0x07, 0xF0, 0x7F,
    0x80, 0x07, 0xF0, 0x7F, 0xC0, 0x07, 0xF0, 0x3F, 0xE0, 0x07, 0xF0, 0x3F, 0xF0, 0x07, 0xF0, 0x1F, 0xFF, 0xFF, 0xF0, 0x0F, 0xFF, 0xFF, 0xF0, 0x07,
    0xFF, 0xFF, 0xF0, 0x03, 0xFF, 0xFF, 0xF0, 0x00, 0xFF, 0xFF, 0xE0, 0x00, 0x1F, 0xFC, 0x00, 0xFF, 0x00, 0x07, 0xF0, 0xFF, 0x00, 0x07, 0xF0, 0xFF,
    0x00, 0x07, 0xF0, 0xFF, 0x00, 0x07, 0xF0, 0xFF, 0x00, 0x07, 0xF0, 0xFF, 0x00, 0x07, 0xF0, 0xFF, 0x00, 0x07, 0xF0, 0xFF, 0x00, 0x07, 0xF0, 0xFF,
    0x00, 0x07, 0xF0, 0xFF, 0x00, 0x07, 0xF0, 0xFF, 0x00, 0x07, 0xF0, 0xFF, 0x00, 0x07, 0xF0, 0xFF, 0x00, 0x07, 0xF0, 0xFF, 0x00, 0x07, 0xF0, 0xFF,
    0xFF, 0xFF, 0xF0, 0xFF, 0xFF, 0xFF, 0xF0, 0xFF, 0xFF, 0xFF, 0xF0, 0xFF, 0xFF, 0xFF, 0xF0, 0xFF, 0xFF, 0xFF, 0xF0, 0xFF, 0xFF, 0xFF, 0xF0, 0xFF,
    0x00, 0x07, 0xF0, 0xFF, 0x00, 0x07, 0xF0, 0xFF, 0x00, 0x07, 0xF0, 0xFF, 0x00, 0x07, 0xF0, 0xFF, 0x00, 0x07, 0xF0, 0xFF, 0x00, 0x07, 0xF0, 0xFF,
    0x00, 0x07, 0xF0, 0xFF, 0x00, 0x07, 0xF0, 0xFF, 0x00, 0x07, 0xF0, 0xFF, 0x00, 0x07, 0xF0, 0xFF, 0x00, 0x07, 0xF0, 0xFF, 0x00, 0x07, 0xF0, 0xFF,
    0x00, 0x07, 0xF0, 0xFF, 0x00, 0x07, 0xF0, 0xFF, 0x00, 0x07, 0xF0, 0xFF, 0xFE, 0xFF, 0xFE, 0xFF, 0xFE, 0xFF, 0xFE, 0xFF, 0xFE, 0x3F, 0xF8, 0x0F,
    0xE0, 0x0F, 0xE0, 0x0F, 0xE0, 0x0F, 0xE0, 0x0F, 0xE0, 0x0F, 0xE0, 0x0F, 0xE0, 0x0F, 0xE0, 0x0F, 0xE0, 0x0F, 0xE0, 0x0F, 0xE0, 0x0F, 0xE0, 0x0F,
    0xE0, 0x0F, 0xE0, 0x0F, 0xE0, 0x0F, 0xE0, 0x0F, 0xE0, 0x0F, 0xE0, 0x0F, 0xE0, 0x0F, 0xE0, 0x0F, 0xE0, 0x0F, 0xE0, 0x0F, 0xE0, 0x3F, 0xF0, 0xFF,
    0xFC, 0xFF, 0xFE, 0xFF, 0xFE, 0xFF, 0xFE, 0xFF, 0xFE, 0x00, 0xFF, 0x00, 0xFF, 0x00, 0xFF, 0x00, 0xFF, 0x00, 0xFF, 0x00, 0xFF, 0x00, 0xFF, 0x00,
    0xFF, 0x00, 0xFF, 0x00, 0xFF, 0x00, 0xFF, 0x00, 0xFF, 0x00, 0xFF, 0x00, 0xFF, 0x00, 0xFF, 0x00, 0xFF, 0x00, 0xFF, 0x00, 0xFF, 0x00, 0xFF, 0x00,
    0xFF, 0x00, 0xFF, 0x00, 0xFF, 0x00, 0xFF, 0x00, 0xFF, 0x00, 0xFF, 0x00, 0xFF, 0x00, 0xFF, 0x00, 0xFF, 0x00, 0xFF, 0x00, 0xFF, 0x00, 0xFF, 0x00,
    0xFF, 0x00, 0xFF, 0x00, 0xFF, 0x00, 0xFE, 0x00, 0xFE, 0x00, 0xFE, 0x01, 0xFE, 0x03, 0xFE, 0xFF, 0xFC, 0xFF, 0xFC, 0xFF, 0xF8, 0xFF, 0xF0, 0xFF,
    0xC0, 0x18, 0x00, 0xFF, 0x00, 0x1F, 0xF0, 0xFF, 0x00, 0x1F, 0xE0, 0xFF, 0x00, 0x3F, 0xC0, 0xFF, 0x00, 0x7F, 0x80, 0xFF, 0x00, 0xFF, 0x00, 0xFF,
    0x01, 0xFF, 0x00, 0xFF, 0x01, 0xFE, 0x00, 0xFF, 0x03, 0xFC, 0x00, 0xFF, 0x07, 0xF8, 0x00, 0xFF, 0x0F, 0xF8, 0x00, 0xFF, 0x0F, 0xF0, 0x00, 0xFF,
    0x1F, 0xE0, 0x00, 0xFF, 0x3F, 0xC0, 0x00, 0xFF, 0x7F, 0xC0, 0x00, 0xFF, 0x7F, 0x80, 0x00, 0xFF, 0xFF, 0x00, 0x00, 0xFF, 0xFF, 0x00, 0x00, 0xFF,
    0xFF, 0x80, 0x00, 0xFF, 0xFF, 0xC0, 0x00, 0xFF, 0xFF, 0xC0, 0x00, 0xFF, 0xFF, 0xE0, 0x00, 0xFF, 0x9F, 0xE0, 0x00, 0xFF, 0x0F, 0xF0, 0x00, 0xFF,
    0x07, 0xF8, 0x00, 0xFF, 0x07, 0xF8, 0x00, 0xFF, 0x03, 0xFC, 0x00, 0xFF, 0x03, 0xFE, 0x00, 0xFF, 0x01, 0xFE, 0x00, 0xFF, 0x00, 0xFF, 0x00, 0xFF,
    0x00, 0xFF, 0x00, 0xFF, 0x00, 0x7F, 0x80, 0xFF, 0x00, 0x7F, 0xC0, 0xFF, 0x00, 0x3F, 0xC0, 0xFF, 0x00, 0x1F, 0xE0, 0xFF, 0x00, 0x1F, 0xF0, 0xFE,
    0x00, 0x00, 0xFE, 0x00, 0x00, 0xFE, 0x00, 0x00, 0xFE, 0x00, 0x00, 0xFE, 0x00, 0x00, 0xFE, 0x00, 0x00, 0xFE, 0x00, 0x00, 0xFE, 0x00, 0x00, 0xFE,
    0x00, 0x00, 0xFE, 0x00, 0x00, 0xFE, 0x00, 0x00, 0xFE, 0x00, 0x00, 0xFE, 0x00, 0x00, 0xFE, 0x00, 0x00, 0xFE, 0x00, 0x00, 0xFE, 0x00, 0x00, 0xFE,
    0x00, 0x00, 0xFE, 0x00, 0x00, 0xFE, 0x00, 0x00, 0xFE, 0x00, 0x00, 0xFE, 0x00, 0x00, 0xFE, 0x00, 0x00, 0xFE, 0x00, 0x00, 0xFE, 0x00, 0x00, 0xFE,
    0x00, 0x00, 0xFE, 0x00, 0x00, 0xFE, 0x00, 0x00, 0xFE, 0x00, 0x00, 0xFE, 0x00, 0x00, 0xFF, 0xFF, 0xF8, 0xFF, 0xFF, 0xF8, 0xFF, 0xFF, 0xF8, 0xFF,
    0xFF, 0xF8, 0xFF, 0xFF, 0xF8, 0xFF, 0xFF, 0xF8, 0xFF, 0xC0, 0x00, 0x1F, 0xF8, 0xFF, 0xE0, 0x00, 0x1F, 0xF8, 0xFF, 0xE0, 0x00, 0x3F, 0xF8, 0xFF,
    0xE0, 0x00, 0x3F, 0xF8, 0xFF, 0xF0, 0x00, 0x3F, 0xF8, 0xFF, 0xF0, 0x00, 0x7F, 0xF8, 0xFF, 0xF0, 0x00, 0x7F, 0xF8, 0xFF, 0xF0, 0x00, 0x7F, 0xF8,
    0xFD, 0xF8, 0x00, 0xFF, 0xF8, 0xFD, 0xF8, 0x00, 0xFF, 0xF8, 0xFD, 0xF8, 0x00, 0xFB, 0xF8, 0xFE, 0xFC, 0x01, 0xFB, 0xF8, 0xFE, 0xFC, 0x01, 0xFB,
    0xF8, 0xFE, 0xFC, 0x01, 0xF3, 0xF8, 0xFE, 0x7E, 0x03, 0xF3, 0xF8, 0xFE, 0x7E, 0x03, 0xF3, 0xF8, 0xFE, 0x7E, 0x03, 0xF3, 0xF8, 0xFE, 0x7E, 0x07,
    0xE3, 0xF8, 0xFE, 0x3F, 0x07, 0xE3, 0xF8, 0xFE, 0x3F, 0x07, 0xE3, 0xF8, 0xFE, 0x3F, 0x0F, 0xC3, 0xF8, 0xFE, 0x1F, 0x8F, 0xC3, 0xF8, 0xFE, 0x1F,
    0x8F, 0xC3, 0xF8, 0xFE, 0x1F, 0x8F, 0x83, 0xF8, 0xFE, 0x0F, 0xDF, 0x83, 0xF8, 0xFE, 0x0F, 0xDF, 0x83, 0xF8, 0xFE, 0x0F, 0xDF, 0x03, 0xF8, 0xFE,
    0x07, 0xFF, 0x03, 0xF8, 0xFE, 0x07, 0xFF, 0x03, 0xF8, 0xFE, 0x07, 0xFE, 0x03, 0xF8, 0xFE, 0x07, 0xFE, 0x03, 0xF8, 0xFE, 0x03, 0xFE, 0x03, 0xF8,
    0xFE, 0x03, 0xFC, 0x03, 0xF8, 0xFE, 0x03, 0xFC, 0x03, 0xF8, 0xFE, 0x01, 0xFC, 0x03, 0xF8, 0xFF, 0xC0, 0x00, 0xFE, 0xFF, 0xC0, 0x00, 0xFE, 0xFF,
    0xE0, 0x00, 0xFE, 0xFF, 0xE0, 0x00, 0xFE, 0xFF, 0xF0, 0x00, 0xFE, 0xFF, 0xF8, 0x00, 0xFE, 0xFF, 0xF8, 0x00, 0xFE, 0xFF, 0xFC, 0x00, 0xFE, 0xFF,
    0xFC, 0x00, 0xFE, 0xFD, 0xFE, 0x00, 0xFE, 0xFC, 0xFE, 0x00, 0xFE, 0xFC, 0xFF, 0x00, 0xFE, 0xFE, 0x7F, 0x80, 0xFE, 0xFE, 0x7F, 0x80, 0xFE, 0xFE,
    0x3F, 0xC0, 0xFE, 0xFE, 0x3F, 0xC0, 0xFE, 0xFE, 0x1F, 0xE0, 0xFE, 0xFE, 0x0F, 0xE0, 0xFE, 0xFE, 0x0F, 0xF0, 0xFE, 0xFE, 0x07, 0xF8, 0xFE, 0xFE,
    0x07, 0xF8, 0xFE, 0xFE, 0x03, 0xFC, 0xFE, 0xFE, 0x03, 0xFC, 0xFE, 0xFE, 0x01, 0xFE, 0xFE, 0xFE, 0x00, 0xFE, 0xFE, 0xFE, 0x00, 0xFF, 0xFE, 0xFE,
    0x00, 0x7F, 0xFE, 0xFE, 0x00, 0x7F, 0xFE, 0xFE, 0x00, 0x3F, 0xFE, 0xFE, 0x00, 0x3F, 0xFE, 0xFE, 0x00, 0x1F, 0xFE, 0xFE, 0x00, 0x1F, 0xFE, 0xFE,
    0x00, 0x0F, 0xFE, 0xFE, 0x00, 0x07, 0xFE, 0xFE, 0x00, 0x07, 0xFE, 0x00, 0x00, 0x80, 0x00, 0x00, 0x7F, 0xFE, 0x00, 0x01, 0xFF, 0xFF, 0x80, 0x03,
    0xFF, 0xFF, 0xC0, 0x0F, 0xFF, 0xFF, 0xF0, 0x1F, 0xFF, 0xFF, 0xF0, 0x1F, 0xF8, 0x1F, 0xF8, 0x3F, 0xE0, 0x07, 0xFC, 0x3F, 0xC0, 0x03, 0xFC, 0x7F,
    0x80, 0x01, 0xFE, 0x7F, 0x80, 0x01, 0xFE, 0xFF, 0x00, 0x00, 0xFE, 0xFF, 0x00, 0x00, 0xFF, 0xFF, 0x00, 0x00, 0xFF, 0xFF, 0x00, 0x00, 0xFF, 0xFF,
    0x00, 0x00, 0xFF, 0xFE, 0x00, 0x00, 0xFF, 0xFE, 0x00, 0x00, 0x7F, 0xFE, 0x00, 0x00, 0x7F, 0xFE, 0x00, 0x00, 0xFF, 0xFE, 0x00, 0x00, 0xFF, 0xFF,
    0x00, 0x00, 0xFF, 0xFF, 0x00, 0x00, 0xFF, 0xFF, 0x00, 0x00, 0xFF, 0xFF, 0x00, 0x00, 0xFF, 0x7F, 0x80, 0x01, 0xFE, 0x7F, 0x80, 0x01, 0xFE, 0x7F,
    0xC0, 0x03, 0xFE, 0x3F, 0xE0, 0x07, 0xFC, 0x3F, 0xF8, 0x1F, 0xFC, 0x1F, 0xFF, 0xFF, 0xF8, 0x0F, 0xFF, 0xFF, 0xF0, 0x07, 0xFF, 0xFF, 0xE0, 0x03,
    0xFF, 0xFF, 0xC0, 0x00, 0xFF, 0xFF, 0x00, 0x00, 0x1F, 0xF8, 0x00, 0xFF, 0xFF, 0x00, 0xFF, 0xFF, 0xE0, 0xFF, 0xFF, 0xF0, 0xFF, 0xFF, 0xF8, 0xFF,
    0xFF, 0xFC, 0xFF, 0xFF, 0xFE, 0xFE, 0x03, 0xFE, 0xFE, 0x01, 0xFE, 0xFE, 0x00, 0xFF, 0xFE, 0x00, 0xFF, 0xFE, 0x00, 0xFF, 0xFE, 0x00, 0xFF, 0xFE,
    0x00, 0xFF, 0xFE, 0x00, 0xFF, 0xFE, 0x00, 0xFE, 0xFE, 0x01, 0xFE, 0xFE, 0x07, 0xFE, 0xFF, 0xFF, 0xFC, 0xFF, 0xFF, 0xF8, 0xFF, 0xFF, 0xF0, 0xFF,
    0xFF, 0xE0, 0xFF, 0xFF, 0x80, 0xFF, 0xE0, 0x00, 0xFE, 0x00, 0x00, 0xFE, 0x00, 0x00, 0xFE, 0x00, 0x00, 0xFE, 0x00, 0x00, 0xFE, 0x00, 0x00, 0xFE,
    0x00, 0x00, 0xFE, 0x00, 0x00, 0xFE, 0x00, 0x00, 0xFE, 0x00, 0x00, 0xFE, 0x00, 0x00, 0xFE, 0x00, 0x00, 0xFE, 0x00, 0x00, 0x00, 0x00, 0x80, 0x00,
    0x00, 0x7F, 0xFE, 0x00, 0x01, 0xFF, 0xFF, 0x80, 0x03, 0xFF, 0xFF, 0xC0, 0x0F, 0xFF, 0xFF, 0xF0, 0x1F, 0xFF, 0xFF, 0xF0, 0x1F, 0xF8, 0x1F, 0xF8,
    0x3F, 0xE0, 0x07, 0xFC, 0x3F, 0xC0, 0x03, 0xFC, 0x7F, 0x80, 0x01, 0xFE, 0x7F, 0x80, 0x01, 0xFE, 0xFF, 0x00, 0x00, 0xFE, 0xFF, 0x00, 0x00, 0xFF,
    0xFF, 0x00, 0x00, 0xFF, 0xFF, 0x00, 0x00, 0xFF, 0xFF, 0x00, 0x00, 0xFF, 0xFE, 0x00, 0x00, 0xFF, 0xFE, 0x00, 0x00, 0x7F, 0xFE, 0x00, 0x00, 0x7F,
    0xFE, 0x00, 0x00, 0xFF, 0xFE, 0x00, 0x00, 0xFF, 0xFF, 0x00, 0x00, 0xFF, 0xFF, 0x00, 0x00, 0xFF, 0xFF, 0x00, 0x00, 0xFF, 0xFF, 0x00, 0x00, 0xFF,
    0x7F, 0x80, 0x01, 0xFE, 0x7F, 0x80, 0x01, 0xFE, 0x7F, 0xC0, 0x03, 0xFE, 0x3F, 0xE0, 0x07, 0xFC, 0x3F, 0xF8, 0x1F, 0xFC, 0x1F, 0xFF, 0xFF, 0xF8,
    0x0F, 0xFF, 0xFF, 0xF0, 0x07, 0xFF, 0xFF, 0xE0, 0x03, 0xFF, 0xFF, 0xC0, 0x00, 0xFF, 0xFF, 0x00, 0x00, 0x1F, 0xFF, 0x80, 0x00, 0x00, 0x7F, 0xC0,
    0x00, 0x00, 0x3F, 0xC0, 0x00, 0x00, 0x1F, 0xE0, 0x00, 0x00, 0x1F, 0xF0, 0x00, 0x00, 0x0F, 0xF8, 0x00, 0x00, 0x07, 0xFC, 0x00, 0x00, 0x03, 0xFE,
    0x00, 0x00, 0x03, 0xFF, 0xFF, 0xFF, 0x00, 0x00, 0xFF, 0xFF, 0xE0, 0x00, 0xFF, 0xFF, 0xF8, 0x00, 0xFF, 0xFF, 0xFC, 0x00, 0xFF, 0xFF, 0xFC, 0x00,
    0xFF, 0xFF, 0xFE, 0x00, 0xFE, 0x01, 0xFE, 0x00, 0xFE, 0x00, 0xFF, 0x00, 0xFE, 0x00, 0xFF, 0x00, 0xFE, 0x00, 0xFF, 0x00, 0xFE, 0x00, 0x7F, 0x00,
    0xFE, 0x00, 0xFF, 0x00, 0xFE, 0x00, 0xFF, 0x00, 0xFE, 0x00, 0xFF, 0x00, 0xFE, 0x01, 0xFE, 0x00, 0xFE, 0x07, 0xFE, 0x00, 0xFF, 0xFF, 0xFC, 0x00,
    0xFF, 0xFF, 0xF8, 0x00, 0xFF, 0xFF, 0xF0, 0x00, 0xFF, 0xFF, 0xC0, 0x00, 0xFF, 0xFF, 0xC0, 0x00, 0xFF, 0xFF, 0xE0, 0x00, 0xFE, 0x0F, 0xF0, 0x00,
    0xFE, 0x07, 0xF0, 0x00, 0xFE, 0x07, 0xF8, 0x00, 0xFE, 0x03, 0xFC, 0x00, 0xFE, 0x03, 0xFC, 0x00, 0xFE, 0x01, 0xFE, 0x00, 0xFE, 0x01, 0xFE, 0x00,
    0xFE, 0x00, 0xFF, 0x00, 0xFE, 0x00, 0x7F, 0x80, 0xFE, 0x00, 0x7F, 0x80, 0xFE, 0x00, 0x3F, 0xC0, 0xFE, 0x00, 0x3F, 0xE0, 0xFE, 0x00, 0x1F, 0xF0,
    0x00, 0x08, 0x00, 0x03, 0xFF, 0xE0, 0x07, 0xFF, 0xFC, 0x1F, 0xFF, 0xFC, 0x3F, 0xFF, 0xFC, 0x3F, 0xFF, 0xF8, 0x7F, 0xC1, 0xF8, 0x7F, 0x00, 0x30,
    0x7F, 0x00, 0x00, 0x7F, 0x00, 0x00, 0x7F, 0x00, 0x00, 0x7F, 0x00, 0x00, 0x7F, 0x80, 0x00, 0x7F, 0xE0, 0x00, 0x7F, 0xF8, 0x00, 0x3F, 0xFE, 0x00,
    0x1F, 0xFF, 0x80, 0x1F, 0xFF, 0xC0, 0x07, 0xFF, 0xE0, 0x03, 0xFF, 0xF0, 0x00, 0xFF, 0xF8, 0x00, 0x3F, 0xFC, 0x00, 0x0F, 0xFC, 0x00, 0x07, 0xFC,
    0x00, 0x01, 0xFC, 0x00, 0x01, 0xFE, 0x00, 0x01, 0xFE, 0x80, 0x01, 0xFC, 0xE0, 0x01, 0xFC, 0xF8, 0x03, 0xFC, 0xFF, 0xFF, 0xF8, 0xFF, 0xFF, 0xF8,
    0xFF, 0xFF, 0xF0, 0xFF, 0xFF, 0xE0, 0x7F, 0xFF, 0x80, 0x0F, 0xFC, 0x00, 0xFF, 0xFF, 0xFF, 0xC0, 0xFF, 0xFF, 0xFF, 0xC0, 0xFF, 0xFF, 0xFF, 0xC0,
    0xFF, 0xFF, 0xFF, 0xC0, 0xFF, 0xFF, 0xFF, 0xC0, 0xFF, 0xFF, 0xFF, 0xC0, 0x00, 0x7F, 0x80, 0x00, 0x00, 0x7F, 0x80, 0x00, 0x00, 0x7F, 0x80, 0x00,
    0x00, 0x7F, 0x80, 0x00, 0x00, 0x7F, 0x80, 0x00, 0x00, 0x7F, 0x80, 0x00, 0x00, 0x7F, 0x80, 0x00, 0x00, 0x7F, 0x80, 0x00, 0x00, 0x7F, 0x80, 0x00,
    0x00, 0x7F, 0x80, 0x00, 0x00, 0x7F, 0x80, 0x00, 0x00, 0x7F, 0x80, 0x00, 0x00, 0x7F, 0x80, 0x00, 0x00, 0x7F, 0x80, 0x00, 0x00, 0x7F, 0x80, 0x00,
    0x00, 0x7F, 0x80, 0x00, 0x00, 0x7F, 0x80, 0x00, 0x00, 0x7F, 0x80, 0x00, 0x00, 0x7F, 0x80, 0x00, 0x00, 0x7F, 0x80, 0x00, 0x00, 0x7F, 0x80, 0x00,
    0x00, 0x7F, 0x80, 0x00, 0x00, 0x7F, 0x80, 0x00, 0x00, 0x7F, 0x80, 0x00, 0x00, 0x7F, 0x80, 0x00, 0x00, 0x7F, 0x80, 0x00, 0x00, 0x7F, 0x80, 0x00,
    0x00, 0x7F, 0x80, 0x00, 0x00, 0x7F, 0x80, 0x00, 0xFE, 0x00, 0x07, 0xF0, 0xFE, 0x00, 0x07, 0xF0, 0xFE, 0x00, 0x07, 0xF0, 0xFE, 0x00, 0x07, 0xF0,
    0xFE, 0x00, 0x07, 0xF0, 0xFE, 0x00, 0x07, 0xF0, 0xFE, 0x00, 0x07, 0xF0, 0xFE, 0x00, 0x07, 0xF0, 0xFE, 0x00, 0x07, 0xF0, 0xFE, 0x00, 0x07, 0xF0,
    0xFE, 0x00, 0x07, 0xF0, 0xFE, 0x00, 0x07, 0xF0, 0xFE, 0x00, 0x07, 0xF0, 0xFE, 0x00, 0x07, 0xF0, 0xFE, 0x00, 0x07, 0xF0, 0xFE, 0x00, 0x07, 0xF0,
    0xFE, 0x00, 0x07, 0xF0, 0xFE, 0x00, 0x07, 0xF0, 0xFE, 0x00, 0x07, 0xF0, 0xFE, 0x00, 0x07, 0xF0, 0xFE, 0x00, 0x07, 0xF0, 0xFE, 0x00, 0x07, 0xF0,
    0xFE, 0x00, 0x07, 0xF0, 0xFE, 0x00, 0x07, 0xF0, 0xFF, 0x00, 0x07, 0xF0, 0xFF, 0x00, 0x0F, 0xF0, 0x7F, 0x00, 0x0F, 0xF0, 0x7F, 0x80, 0x1F, 0xE0,
    0x7F, 0xC0, 0x3F, 0xE0, 0x3F, 0xFF, 0xFF, 0xC0, 0x1F, 0xFF, 0xFF, 0x80, 0x0F, 0xFF, 0xFF, 0x80, 0x07, 0xFF, 0xFE, 0x00, 0x03, 0xFF, 0xFC, 0x00,
    0x00, 0x7F, 0xE0, 0x00, 0xFF, 0x00, 0x00, 0xFE, 0xFF, 0x00, 0x01, 0xFE, 0x7F, 0x00, 0x01, 0xFC, 0x7F, 0x00, 0x01, 0xFC, 0x7F, 0x80, 0x03, 0xFC,
    0x3F, 0x80, 0x03, 0xF8, 0x3F, 0x80, 0x03, 0xF8, 0x3F, 0xC0, 0x03, 0xF8, 0x1F, 0xC0, 0x07, 0xF0, 0x1F, 0xC0, 0x07, 0xF0, 0x1F, 0xE0, 0x07, 0xF0,
    0x0F, 0xE0, 0x0F, 0xE0, 0x0F, 0xE0, 0x0F, 0xE0, 0x0F, 0xF0, 0x0F, 0xE0, 0x07, 0xF0, 0x1F, 0xC0, 0x07, 0xF0, 0x1F, 0xC0, 0x07, 0xF0, 0x1F, 0xC0,
    0x03, 0xF8, 0x3F, 0x80, 0x03, 0xF8, 0x3F, 0x80, 0x03, 0xF8, 0x3F, 0x80, 0x01, 0xFC, 0x7F, 0x00, 0x01, 0xFC, 0x7F, 0x00, 0x01, 0xFC, 0x7F, 0x00,
    0x00, 0xFC, 0x7E, 0x00, 0x00, 0xFE, 0xFE, 0x00, 0x00, 0xFE, 0xFE, 0x00, 0x00, 0x7E, 0xFC, 0x00, 0x00, 0x7E, 0xFC, 0x00, 0x00, 0x7F, 0xFC, 0x00,
    0x00, 0x3F, 0xF8, 0x00, 0x00, 0x3F, 0xF8, 0x00, 0x00, 0x3F, 0xF8, 0x00, 0x00, 0x1F, 0xF0, 0x00, 0x00, 0x1F, 0xF0, 0x00, 0x00, 0x1F, 0xF0, 0x00,
    0xFE, 0x00, 0x0F, 0xE0, 0x01, 0xFC, 0xFE, 0x00, 0x1F, 0xE0, 0x01, 0xFC, 0x7F, 0x00, 0x1F, 0xE0, 0x01, 0xFC, 0x7F, 0x00, 0x1F, 0xF0, 0x03, 0xFC,
    0x7F, 0x00, 0x1F, 0xF0, 0x03, 0xF8, 0x7F, 0x00, 0x3F, 0xF0, 0x03, 0xF8, 0x3F, 0x80, 0x3F, 0xF0, 0x03, 0xF8, 0x3F, 0x80, 0x3F, 0xF8, 0x03, 0xF8,
    0x3F, 0x80, 0x3F, 0xF8, 0x07, 0xF0, 0x3F, 0x80, 0x7F, 0xF8, 0x07, 0xF0, 0x1F, 0xC0, 0x7F, 0xF8, 0x07, 0xF0, 0x1F, 0xC0, 0x7E, 0xFC, 0x07, 0xF0,
    0x1F, 0xC0, 0x7E, 0xFC, 0x0F, 0xE0, 0x1F, 0xC0, 0xFC, 0xFC, 0x0F, 0xE0, 0x0F, 0xC0, 0xFC, 0xFC, 0x0F, 0xE0, 0x0F, 0xE0, 0xFC, 0xFE, 0x0F, 0xE0,
    0x0F, 0xE0, 0xFC, 0x7E, 0x1F, 0xC0, 0x0F, 0xE1, 0xF8, 0x7E, 0x1F, 0xC0, 0x07, 0xE1, 0xF8, 0x7E, 0x1F, 0xC0, 0x07, 0xF1, 0xF8, 0x7F, 0x1F, 0xC0,
    0x07, 0xF1, 0xF8, 0x3F, 0x1F, 0x80, 0x07, 0xF3, 0xF0, 0x3F, 0x3F, 0x80, 0x03, 0xF3, 0xF0, 0x3F, 0x3F, 0x80, 0x03, 0xF3, 0xF0, 0x3F, 0x3F, 0x80,
    0x03, 0xFB, 0xF0, 0x1F, 0xBF, 0x00, 0x03, 0xFB, 0xE0, 0x1F, 0xBF, 0x00, 0x01, 0xFF, 0xE0, 0x1F, 0xFF, 0x00, 0x01, 0xFF, 0xE0, 0x0F, 0xFF, 0x00,
    0x01, 0xFF, 0xE0, 0x0F, 0xFE, 0x00, 0x01, 0xFF, 0xC0, 0x0F, 0xFE, 0x00, 0x00, 0xFF, 0xC0, 0x0F, 0xFE, 0x00, 0x00, 0xFF, 0xC0, 0x07, 0xFE, 0x00,
    0x00, 0xFF, 0xC0, 0x07, 0xFC, 0x00, 0x00, 0xFF, 0x80, 0x07, 0xFC, 0x00, 0x00, 0x7F, 0x80, 0x07, 0xFC, 0x00, 0x7F, 0x80, 0x01, 0xFE, 0x3F, 0xC0,
    0x03, 0xFC, 0x3F, 0xC0, 0x03, 0xFC, 0x1F, 0xE0, 0x07, 0xF8, 0x0F, 0xF0, 0x0F, 0xF0, 0x0F, 0xF0, 0x0F, 0xF0, 0x07, 0xF8, 0x1F, 0xE0, 0x07, 0xF8,
    0x1F, 0xE0, 0x03, 0xFC, 0x3F, 0xC0, 0x01, 0xFC, 0x3F, 0x80, 0x01, 0xFE, 0x7F, 0x80, 0x00, 0xFF, 0xFF, 0x00, 0x00, 0x7F, 0xFF, 0x00, 0x00, 0x7F,
    0xFE, 0x00, 0x00, 0x3F, 0xFC, 0x00, 0x00, 0x3F, 0xFC, 0x00, 0x00, 0x1F, 0xF8, 0x00, 0x00, 0x1F, 0xF0, 0x00, 0x00, 0x1F, 0xF8, 0x00, 0x00, 0x3F,
    0xFC, 0x00, 0x00, 0x7F, 0xFC, 0x00, 0x00, 0x7F, 0xFE, 0x00, 0x00, 0xFF, 0xFF, 0x00, 0x01, 0xFE, 0x7F, 0x00, 0x01, 0xFE, 0x7F, 0x80, 0x03, 0xFC,
    0x3F, 0xC0, 0x03, 0xFC, 0x3F, 0xC0, 0x07, 0xF8, 0x1F, 0xE0, 0x0F, 0xF0, 0x0F, 0xF0, 0x0F, 0xF0, 0x0F, 0xF0, 0x1F, 0xE0, 0x07, 0xF8, 0x3F, 0xC0,
    0x07, 0xFC, 0x3F, 0xC0, 0x03, 0xFC, 0x7F, 0x80, 0x01, 0xFE, 0xFF, 0x80, 0x01, 0xFF, 0xFF, 0x00, 0x03, 0xFC, 0x7F, 0x80, 0x07, 0xF8, 0x7F, 0x80,
    0x07, 0xF8, 0x3F, 0xC0, 0x0F, 0xF0, 0x3F, 0xC0, 0x0F, 0xF0, 0x1F, 0xE0, 0x1F, 0xE0, 0x1F, 0xE0, 0x1F, 0xE0, 0x0F, 0xF0, 0x3F, 0xC0, 0x0F, 0xF0,
    0x3F, 0xC0, 0x07, 0xF8, 0x7F, 0x80, 0x07, 0xF8, 0x7F, 0x80, 0x03, 0xFC, 0xFF, 0x00, 0x01, 0xFC, 0xFE, 0x00, 0x01, 0xFF, 0xFE, 0x00, 0x00, 0xFF,
    0xFC, 0x00, 0x00, 0xFF, 0xFC, 0x00, 0x00, 0x7F, 0xF8, 0x00, 0x00, 0x7F, 0xF8, 0x00, 0x00, 0x3F, 0xF0, 0x00, 0x00, 0x3F, 0xF0, 0x00, 0x00, 0x1F,
    0xE0, 0x00, 0x00, 0x1F, 0xE0, 0x00, 0x00, 0x1F, 0xE0, 0x00, 0x00, 0x1F, 0xE0, 0x00, 0x00, 0x1F, 0xE0, 0x00, 0x00, 0x1F, 0xE0, 0x00, 0x00, 0x1F,
    0xE0, 0x00, 0x00, 0x1F, 0xE0, 0x00, 0x00, 0x1F, 0xE0, 0x00, 0x00, 0x1F, 0xE0, 0x00, 0x00, 0x1F, 0xE0, 0x00, 0x00, 0x1F, 0xE0, 0x00, 0x00, 0x1F,
    0xE0, 0x00, 0x00, 0x1F, 0xE0, 0x00, 0x00, 0x1F, 0xE0, 0x00, 0x7F, 0xFF, 0xFF, 0x80, 0x7F, 0xFF, 0xFF, 0x80, 0x7F, 0xFF, 0xFF, 0x80, 0x7F, 0xFF,
    0xFF, 0x80, 0x7F, 0xFF, 0xFF, 0x80, 0x7F, 0xFF, 0xFF, 0x00, 0x00, 0x00, 0xFF, 0x00, 0x00, 0x01, 0xFE, 0x00, 0x00, 0x01, 0xFE, 0x00, 0x00, 0x03,
    0xFC, 0x00, 0x00, 0x07, 0xF8, 0x00, 0x00, 0x07, 0xF8, 0x00, 0x00, 0x0F, 0xF0, 0x00, 0x00, 0x1F, 0xE0, 0x00, 0x00, 0x1F, 0xE0, 0x00, 0x00, 0x3F,
    0xC0, 0x00, 0x00, 0x7F, 0x80, 0x00, 0x00, 0x7F, 0x80, 0x00, 0x00, 0xFF, 0x00, 0x00, 0x01, 0xFE, 0x00, 0x00, 0x01, 0xFE, 0x00, 0x00, 0x03, 0xFC,
    0x00, 0x00, 0x07, 0xF8, 0x00, 0x00, 0x07, 0xF8, 0x00, 0x00, 0x0F, 0xF0, 0x00, 0x00, 0x0F, 0xE0, 0x00, 0x00, 0x1F, 0xE0, 0x00, 0x00, 0x3F, 0xC0,
    0x00, 0x00, 0x3F, 0x80, 0x00, 0x00, 0x7F, 0xFF, 0xFF, 0xC0, 0xFF, 0xFF, 0xFF, 0xC0, 0xFF, 0xFF, 0xFF, 0xC0, 0xFF, 0xFF, 0xFF, 0xC0, 0xFF, 0xFF,
    0xFF, 0xC0, 0xFF, 0xFF, 0xFF, 0xC0, 0xFF, 0xF0, 0xFF, 0xF0, 0xFF, 0xF0, 0xFF, 0xF0, 0xFF, 0xF0, 0xFF, 0xF0, 0xFC, 0x00, 0xFC, 0x00, 0xFC, 0x00,
    0xFC, 0x00, 0xFC, 0x00, 0xFC, 0x00, 0xFC, 0x00, 0xFC, 0x00, 0xFC, 0x00, 0xFC, 0x00, 0xFC, 0x00, 0xFC, 0x00, 0xFC, 0x00, 0xFC, 0x00, 0xFC, 0x00,
    0xFC, 0x00, 0xFC, 0x00, 0xFC, 0x00, 0xFC, 0x00, 0xFC, 0x00, 0xFC, 0x00, 0xFC, 0x00, 0xFC, 0x00, 0xFC, 0x00, 0xFC, 0x00, 0xFC, 0x00, 0xFC, 0x00,
    0xFC, 0x00, 0xFC, 0x00, 0xFC, 0x00, 0xFC, 0x00, 0xFF, 0xF0, 0xFF, 0xF0, 0xFF, 0xF0, 0xFF, 0xF0, 0xFF, 0xF0, 0xFF, 0xF0, 0xFE, 0x00, 0x00, 0x7E,
    0x00, 0x00, 0x7F, 0x00, 0x00, 0x3F, 0x00, 0x00, 0x3F, 0x00, 0x00, 0x3F, 0x80, 0x00, 0x1F, 0x80, 0x00, 0x1F, 0xC0, 0x00, 0x1F, 0xC0, 0x00, 0x0F,
    0xC0, 0x00, 0x0F, 0xE0, 0x00, 0x0F, 0xE0, 0x00, 0x07, 0xE0, 0x00, 0x07, 0xF0, 0x00, 0x03, 0xF0, 0x00, 0x03, 0xF0, 0x00, 0x03, 0xF8, 0x00, 0x01,
    0xF8, 0x00, 0x01, 0xFC, 0x00, 0x01, 0xFC, 0x00, 0x00, 0xFC, 0x00, 0x00, 0xFE, 0x00, 0x00, 0xFE, 0x00, 0x00, 0x7E, 0x00, 0x00, 0x7F, 0x00, 0x00,
    0x3F, 0x00, 0x00, 0x3F, 0x80, 0x00, 0x3F, 0x80, 0x00, 0x1F, 0x80, 0x00, 0x1F, 0xC0, 0x00, 0x1F, 0xC0, 0x00, 0x0F, 0xC0, 0x00, 0x0F, 0xE0, 0x00,
    0x07, 0xE0, 0x00, 0x07, 0xF0, 0xFF, 0xF0, 0xFF, 0xF0, 0xFF, 0xF0, 0xFF, 0xF0, 0xFF, 0xF0, 0xFF, 0xF0, 0x07, 0xF0, 0x07, 0xF0, 0x07, 0xF0, 0x07,
    0xF0, 0x07, 0xF0, 0x07, 0xF0, 0x07, 0xF0, 0x07, 0xF0, 0x07, 0xF0, 0x07, 0xF0, 0x07, 0xF0, 0x07, 0xF0, 0x07, 0xF0, 0x07, 0xF0, 0x07, 0xF0, 0x07,
    0xF0, 0x07, 0xF0, 0x07, 0xF0, 0x07, 0xF0, 0x07, 0xF0, 0x07, 0xF0, 0x07, 0xF0, 0x07, 0xF0, 0x07, 0xF0, 0x07, 0xF0, 0x07, 0xF0, 0x07, 0xF0, 0x07,
    0xF0, 0x07, 0xF0, 0x07, 0xF0, 0x07, 0xF0, 0xFF, 0xF0, 0xFF, 0xF0, 0xFF, 0xF0, 0xFF, 0xF0, 0xFF, 0xF0, 0xFF, 0xF0, 0x00, 0x3C, 0x00, 0x00, 0x00,
    0x3C, 0x00, 0x00, 0x00, 0x7E, 0x00, 0x00, 0x00, 0x7E, 0x00, 0x00, 0x00, 0x7F, 0x00, 0x00, 0x00, 0xFF, 0x00, 0x00, 0x00, 0xFF, 0x80, 0x00, 0x01,
    0xFF, 0x80, 0x00, 0x01, 0xFF, 0xC0, 0x00, 0x03, 0xF7, 0xC0, 0x00, 0x03, 0xE7, 0xE0, 0x00, 0x07, 0xE3, 0xE0, 0x00, 0x07, 0xC3, 0xF0, 0x00, 0x0F,
    0xC1, 0xF0, 0x00, 0x0F, 0x81, 0xF8, 0x00, 0x0F, 0x80, 0xF8, 0x00, 0x1F, 0x00, 0xFC, 0x00, 0x1F, 0x00, 0x7E, 0x00, 0x3F, 0x00, 0x7E, 0x00, 0x3E,
    0x00, 0x3F, 0x00, 0x7E, 0x00, 0x3F, 0x00, 0x7C, 0x00, 0x1F, 0x80, 0xFC, 0x00, 0x1F, 0x80, 0xFF, 0xFF, 0xF0, 0xFF, 0xFF, 0xF0, 0xFF, 0xFF, 0xF0,
    0xFF, 0x00, 0x7F, 0x80, 0x3F, 0xC0, 0x1F, 0xE0, 0x0F, 0xE0, 0x07, 0xF0, 0x01, 0xF8, 0x00, 0xFC, 0x00, 0xFF, 0x80, 0x07, 0xFF, 0xF0, 0x1F, 0xFF,
    0xF8, 0x1F, 0xFF, 0xFC, 0x0F, 0xFF, 0xFC, 0x0F, 0xFF, 0xFE, 0x0E, 0x01, 0xFE, 0x00, 0x00, 0xFE, 0x00, 0x00, 0xFE, 0x00, 0x00, 0xFE, 0x01, 0xFF,
    0xFE, 0x0F, 0xFF, 0xFE, 0x3F, 0xFF, 0xFE, 0x7F, 0xFF, 0xFE, 0x7F, 0xC0, 0xFE, 0xFF, 0x00, 0xFE, 0xFF, 0x00, 0xFE, 0xFE, 0x00, 0xFE, 0xFE, 0x00,
    0xFE, 0xFF, 0x01, 0xFE, 0xFF, 0x03, 0xFE, 0xFF, 0xFF, 0xFE, 0x7F, 0xFF, 0xFE, 0x7F, 0xFF, 0x7E, 0x3F, 0xFE, 0x7E, 0x1F, 0xFC, 0x3E, 0x07, 0xF0,
    0x3E, 0xFF, 0x00, 0x00, 0x00, 0xFF, 0x00, 0x00, 0x00, 0xFF, 0x00, 0x00, 0x00, 0xFF, 0x00, 0x00, 0x00, 0xFF, 0x00, 0x00, 0x00, 0xFF, 0x00, 0x00,
    0x00, 0xFF, 0x00, 0x00, 0x00, 0xFF, 0x00, 0x00, 0x00, 0xFF, 0x00, 0x00, 0x00, 0xFF, 0x00, 0x00, 0x00, 0xFF, 0x0F, 0xC0, 0x00, 0xFF, 0x3F, 0xF0,
    0x00, 0xFF, 0x7F, 0xF8, 0x00, 0xFE, 0xFF, 0xFC, 0x00, 0xFF, 0xFF, 0xFE, 0x00, 0xFF, 0xFF, 0xFF, 0x00, 0xFF, 0xC0, 0xFF, 0x00, 0xFF, 0x80, 0xFF,
    0x00, 0xFF, 0x00, 0x7F, 0x80, 0xFF, 0x00, 0x7F, 0x80, 0xFF, 0x00, 0x7F, 0x80, 0xFF, 0x00, 0x3F, 0x80, 0xFF, 0x00, 0x3F, 0x80, 0xFF, 0x00, 0x3F,
    0x80, 0xFF, 0x00, 0x3F, 0x80, 0xFF, 0x00, 0x3F, 0x80, 0xFF, 0x00, 0x7F, 0x80, 0xFF, 0x00, 0x7F, 0x80, 0xFF, 0x00, 0x7F, 0x80, 0xFF, 0x80, 0xFF,
    0x00, 0xFF, 0xC0, 0xFF, 0x00, 0xFF, 0xFF, 0xFF, 0x00, 0xFF, 0xFF, 0xFE, 0x00, 0xFF, 0xFF, 0xFC, 0x00, 0xFE, 0xFF, 0xF8, 0x00, 0xFE, 0x3F, 0xF0,
    0x00, 0xFC, 0x1F, 0xC0, 0x00, 0x00, 0x7F, 0xC0, 0x03, 0xFF, 0xF8, 0x07, 0xFF, 0xF8, 0x0F, 0xFF, 0xF8, 0x1F, 0xFF, 0xF0, 0x3F, 0xFF, 0xF0, 0x3F,
    0xC0, 0x30, 0x7F, 0x80, 0x00, 0x7F, 0x80, 0x00, 0x7F, 0x00, 0x00, 0xFF, 0x00, 0x00, 0xFF, 0x00, 0x00, 0xFF, 0x00, 0x00, 0xFF, 0x00, 0x00, 0xFF,
    0x00, 0x00, 0xFF, 0x00, 0x00, 0xFF, 0x00, 0x00, 0x7F, 0x00, 0x00, 0x7F, 0x80, 0x00, 0x7F, 0x80, 0x08, 0x7F, 0xC0, 0x38, 0x3F, 0xFF, 0xF8, 0x1F,
    0xFF, 0xF8, 0x1F, 0xFF, 0xF8, 0x07, 0xFF, 0xF8, 0x03, 0xFF, 0xF0, 0x00, 0x7F, 0x80, 0x00, 0x00, 0x3F, 0x80, 0x00, 0x00, 0x3F, 0x80, 0x00, 0x00,
    0x3F, 0x80, 0x00, 0x00, 0x3F, 0x80, 0x00, 0x00, 0x3F, 0x80, 0x00, 0x00, 0x3F, 0x80, 0x00, 0x00, 0x3F, 0x80, 0x00, 0x00, 0x3F, 0x80, 0x00, 0x00,
    0x3F, 0x80, 0x00, 0x00, 0x3F, 0x80, 0x01, 0xFC, 0x3F, 0x80, 0x07, 0xFF, 0x3F, 0x80, 0x0F, 0xFF, 0xBF, 0x80, 0x1F, 0xFF, 0xFF, 0x80, 0x3F, 0xFF,
    0xFF, 0x80, 0x3F, 0xFF, 0xFF, 0x80, 0x7F, 0xC0, 0xFF, 0x80, 0x7F, 0x80, 0x7F, 0x80, 0x7F, 0x00, 0x7F, 0x80, 0x7F, 0x00, 0x3F, 0x80, 0xFF, 0x00,
    0x3F, 0x80, 0xFF, 0x00, 0x3F, 0x80, 0xFF, 0x00, 0x3F, 0x80, 0xFF, 0x00, 0x3F, 0x80, 0xFF, 0x00, 0x3F, 0x80, 0xFF, 0x00, 0x3F, 0x80, 0xFF, 0x00,
    0x3F, 0x80, 0x7F, 0x00, 0x3F, 0x80, 0x7F, 0x00, 0x7F, 0x80, 0x7F, 0x80, 0x7F, 0x80, 0x7F, 0xC0, 0xFF, 0x80, 0x3F, 0xFF, 0xFF, 0x80, 0x3F, 0xFF,
    0xFF, 0x80, 0x1F, 0xFF, 0xFF, 0x80, 0x0F, 0xFF, 0xBF, 0x80, 0x07, 0xFF, 0x1F, 0x80, 0x01, 0xF8, 0x1F, 0x80, 0x00, 0x7F, 0x80, 0x03, 0xFF, 0xE0,
    0x07, 0xFF, 0xF8, 0x0F, 0xFF, 0xFC, 0x1F, 0xFF, 0xFE, 0x3F, 0xFF, 0xFE, 0x3F, 0xC0, 0xFF, 0x7F, 0x80, 0x7F, 0x7F, 0x00, 0x7F, 0x7F, 0x00, 0x3F,
    0xFF, 0xFF, 0xFF, 0xFF, 0xFF, 0xFF, 0xFF, 0xFF, 0xFF, 0xFF, 0xFF, 0xFF, 0xFF, 0xFF, 0xFF, 0xFF, 0x00, 0x00, 0xFF, 0x00, 0x00, 0x7F, 0x00, 0x00,
    0x7F, 0x80, 0x00, 0x7F, 0x80, 0x02, 0x3F, 0xC0, 0x0E, 0x3F, 0xFF, 0xFE, 0x1F, 0xFF, 0xFE, 0x0F, 0xFF, 0xFE, 0x07, 0xFF, 0xFE, 0x01, 0xFF, 0xFC,
    0x00, 0x7F, 0xE0, 0x00, 0x7F, 0xC0, 0x01, 0xFF, 0xF0, 0x03, 0xFF, 0xE0, 0x07, 0xFF, 0xE0, 0x0F, 0xFF, 0xE0, 0x0F, 0xFF, 0xC0, 0x0F, 0xF0, 0x00,
    0x0F, 0xE0, 0x00, 0x0F, 0xE0, 0x00, 0x0F, 0xE0, 0x00, 0x1F, 0xFF, 0x80, 0x7F, 0xFF, 0x80, 0xFF, 0xFF, 0x80, 0xFF, 0xFF, 0x80, 0xFF, 0xFF, 0x80,
    0xFF, 0xFF, 0x80, 0x0F, 0xE0, 0x00, 0x0F, 0xE0, 0x00, 0x0F, 0xE0, 0x00, 0x0F, 0xE0, 0x00, 0x0F, 0xE0, 0x00, 0x0F, 0xE0, 0x00, 0x0F, 0xE0, 0x00,
    0x0F, 0xE0, 0x00, 0x0F, 0xE0, 0x00, 0x0F, 0xE0, 0x00, 0x0F, 0xE0, 0x00, 0x0F, 0xE0, 0x00, 0x0F, 0xE0, 0x00, 0x0F, 0xE0, 0x00, 0x0F, 0xE0, 0x00,
    0x0F, 0xE0, 0x00, 0x0F, 0xE0, 0x00, 0x0F, 0xE0, 0x00, 0x0F, 0xE0, 0x00, 0x0F, 0xE0, 0x00, 0x0F, 0xE0, 0x00, 0x01, 0xFC, 0x1F, 0x80, 0x07, 0xFF,
    0x3F, 0x80, 0x0F, 0xFF, 0xBF, 0x80, 0x1F, 0xFF, 0xFF, 0x80, 0x3F, 0xFF, 0xFF, 0x80, 0x3F, 0xFF, 0xFF, 0x80, 0x7F, 0xC0, 0xFF, 0x80, 0x7F, 0x80,
    0x7F, 0x80, 0x7F, 0x00, 0x7F, 0x80, 0x7F, 0x00, 0x3F, 0x80, 0xFF, 0x00, 0x3F, 0x80, 0xFF, 0x00, 0x3F, 0x80, 0xFF, 0x00, 0x3F, 0x80, 0xFF, 0x00,
    0x3F, 0x80, 0xFF, 0x00, 0x3F, 0x80, 0xFF, 0x00, 0x3F, 0x80, 0xFF, 0x00, 0x3F, 0x80, 0x7F, 0x00, 0x3F, 0x80, 0x7F, 0x00, 0x7F, 0x80, 0x7F, 0x80,
    0x7F, 0x80, 0x7F, 0xC0, 0xFF, 0x80, 0x3F, 0xFF, 0xFF, 0x80, 0x3F, 0xFF, 0xFF, 0x80, 0x1F, 0xFF, 0xBF, 0x80, 0x0F, 0xFF, 0xBF, 0x80, 0x07, 0xFE,
    0x3F, 0x80, 0x01, 0xF8, 0x3F, 0x80, 0x00, 0x00, 0x3F, 0x80, 0x00, 0x00, 0x3F, 0x80, 0x00, 0x00, 0x7F, 0x80, 0x00, 0x00, 0x7F, 0x80, 0x20, 0x00,
    0xFF, 0x00, 0x38, 0x01, 0xFF, 0x00, 0x3F, 0xFF, 0xFF, 0x00, 0x3F, 0xFF, 0xFE, 0x00, 0x3F, 0xFF, 0xFC, 0x00, 0x3F, 0xFF, 0xF8, 0x00, 0x3F, 0xFF,
    0xF0, 0x00, 0x07, 0xFF, 0x80, 0x00, 0xFF, 0x00, 0x00, 0x00, 0xFF, 0x00, 0x00, 0x00, 0xFF, 0x00, 0x00, 0x00, 0xFF, 0x00, 0x00, 0x00, 0xFF, 0x00,
    0x00, 0x00, 0xFF, 0x00, 0x00, 0x00, 0xFF, 0x00, 0x00, 0x00, 0xFF, 0x00, 0x00, 0x00, 0xFF, 0x00, 0x00, 0x00, 0xFF, 0x00, 0x00, 0x00, 0xFF, 0x0F,
    0xE0, 0x00, 0xFF, 0x3F, 0xF8, 0x00, 0xFF, 0x7F, 0xFC, 0x00, 0xFE, 0xFF, 0xFE, 0x00, 0xFF, 0xFF, 0xFF, 0x00, 0xFF, 0xFF, 0xFF, 0x00, 0xFF, 0xC0,
    0xFF, 0x00, 0xFF, 0x80, 0x7F, 0x80, 0xFF, 0x80, 0x7F, 0x80, 0xFF, 0x00, 0x7F, 0x80, 0xFF, 0x00, 0x7F, 0x80, 0xFF, 0x00, 0x3F, 0x80, 0xFF, 0x00,
    0x3F, 0x80, 0xFF, 0x00, 0x3F, 0x80, 0xFF, 0x00, 0x3F, 0x80, 0xFF, 0x00, 0x3F, 0x80, 0xFF, 0x00, 0x3F, 0x80, 0xFF, 0x00, 0x3F, 0x80, 0xFF, 0x00,
    0x3F, 0x80, 0xFF, 0x00, 0x3F, 0x80, 0xFF, 0x00, 0x3F, 0x80, 0xFF, 0x00, 0x3F, 0x80, 0xFF, 0x00, 0x3F, 0x80, 0xFF, 0x00, 0x3F, 0x80, 0xFF, 0x00,
    0x3F, 0x80, 0xFF, 0x00, 0x3F, 0x80, 0xFF, 0x00, 0x3F, 0x80, 0x3E, 0x7F, 0xFF, 0xFF, 0xFF, 0x7F, 0x3E, 0x00, 0x00, 0x00, 0x7F, 0x7F, 0x7F, 0x7F,
    0x7F, 0x7F, 0x7F, 0x7F, 0x7F, 0x7F, 0x7F, 0x7F, 0x7F, 0x7F, 0x7F, 0x7F, 0x7F, 0x7F, 0x7F, 0x7F, 0x7F, 0x7F, 0x7F, 0x7F, 0x7F, 0x7F, 0x7F, 0x00,
    0xF8, 0x01, 0xFC, 0x03, 0xFC, 0x03, 0xFC, 0x03, 0xFC, 0x01, 0xFC, 0x00, 0xF8, 0x00, 0x00, 0x00, 0x00, 0x00, 0x00, 0x03, 0xFC, 0x03, 0xFC, 0x03,
    0xFC, 0x03, 0xFC, 0x03, 0xFC, 0x03, 0xFC, 0x03, 0xFC, 0x03, 0xFC, 0x03, 0xFC, 0x03, 0xFC, 0x03, 0xFC, 0x03, 0xFC, 0x03, 0xFC, 0x03, 0xFC, 0x03,
    0xFC, 0x03, 0xFC, 0x03, 0xFC, 0x03, 0xFC, 0x03, 0xFC, 0x03, 0xFC, 0x03, 0xFC, 0x03, 0xFC, 0x03, 0xFC, 0x03, 0xFC, 0x03, 0xFC, 0x03, 0xFC, 0x03,
    0xFC, 0x03, 0xFC, 0x03, 0xFC, 0x03, 0xFC, 0x03, 0xFC, 0x03, 0xFC, 0x03, 0xFC, 0xFF, 0xF8, 0xFF, 0xF8, 0xFF, 0xF0, 0xFF, 0xF0, 0xFF, 0xE0, 0x7F,
    0x00, 0xFE, 0x00, 0x00, 0x00, 0xFE, 0x00, 0x00, 0x00, 0xFE, 0x00, 0x00, 0x00, 0xFE, 0x00, 0x00, 0x00, 0xFE, 0x00, 0x00, 0x00, 0xFE, 0x00, 0x00,
    0x00, 0xFE, 0x00, 0x00, 0x00, 0xFE, 0x00, 0x00, 0x00, 0xFE, 0x00, 0x00, 0x00, 0xFE, 0x00, 0x00, 0x00, 0xFE, 0x00, 0x7F, 0x80, 0xFE, 0x00, 0xFF,
    0x00, 0xFE, 0x01, 0xFE, 0x00, 0xFE, 0x03, 0xFC, 0x00, 0xFE, 0x07, 0xF8, 0x00, 0xFE, 0x0F, 0xF0, 0x00, 0xFE, 0x1F, 0xE0, 0x00, 0xFE, 0x3F, 0xE0,
    0x00, 0xFE, 0x7F, 0xC0, 0x00, 0xFE, 0x7F, 0x80, 0x00, 0xFE, 0xFF, 0x00, 0x00, 0xFF, 0xFE, 0x00, 0x00, 0xFF, 0xFE, 0x00, 0x00, 0xFF, 0xFF, 0x00,
    0x00, 0xFF, 0xFF, 0x80, 0x00, 0xFF, 0xFF, 0x80, 0x00, 0xFF, 0xFF, 0xC0, 0x00, 0xFF, 0x1F, 0xE0, 0x00, 0xFE, 0x0F, 0xF0, 0x00, 0xFE, 0x0F, 0xF0,
    0x00, 0xFE, 0x07, 0xF8, 0x00, 0xFE, 0x03, 0xFC, 0x00, 0xFE, 0x03, 0xFE, 0x00, 0xFE, 0x01, 0xFE, 0x00, 0xFE, 0x00, 0xFF, 0x00, 0xFE, 0x00, 0xFF,
    0x80, 0xFE, 0x00, 0x7F, 0xC0, 0xFF, 0xFF, 0xFF, 0xFF, 0xFF, 0xFF, 0xFF, 0xFF, 0xFF, 0xFF, 0xFF, 0xFF, 0xFF, 0xFF, 0xFF, 0xFF, 0xFF, 0xFF, 0xFF,
    0xFF, 0xFF, 0xFF, 0xFF, 0xFF, 0xFF, 0xFF, 0xFF, 0xFF, 0xFF, 0xFF, 0xFF, 0xFF, 0xFF, 0xFF, 0xFF, 0xFF, 0xFF, 0xFC, 0x0F, 0xE0, 0x0F, 0xE0, 0xFE,
    0x3F, 0xF8, 0x3F, 0xF8, 0xFE, 0xFF, 0xFC, 0xFF, 0xFC, 0xFF, 0xFF, 0xFF, 0xFF, 0xFE, 0xFF, 0xFF, 0xFF, 0xFF, 0xFF, 0xFF, 0xFF, 0xFF, 0xFF, 0xFF,
    0xFF, 0xC1, 0xFF, 0xC0, 0xFF, 0xFF, 0x80, 0xFF, 0x80, 0xFF, 0xFF, 0x80, 0xFF, 0x80, 0x7F, 0xFF, 0x00, 0x7F, 0x80, 0x7F, 0xFF, 0x00, 0x7F, 0x00,
    0x7F, 0xFF, 0x00, 0x7F, 0x00, 0x7F, 0xFF, 0x00, 0x7F, 0x00, 0x7F, 0xFF, 0x00, 0x7F, 0x00, 0x7F, 0xFF, 0x00, 0x7F, 0x00, 0x7F, 0xFF, 0x00, 0x7F,
    0x00, 0x7F, 0xFF, 0x00, 0x7F, 0x00, 0x7F, 0xFF, 0x00, 0x7F, 0x00, 0x7F, 0xFF, 0x00, 0x7F, 0x00, 0x7F, 0xFF, 0x00, 0x7F, 0x00, 0x7F, 0xFF, 0x00,
    0x7F, 0x00, 0x7F, 0xFF, 0x00, 0x7F, 0x00, 0x7F, 0xFF, 0x00, 0x7F, 0x00, 0x7F, 0xFF, 0x00, 0x7F, 0x00, 0x7F, 0xFF, 0x00, 0x7F, 0x00, 0x7F, 0xFF,
    0x00, 0x7F, 0x00, 0x7F, 0xFF, 0x00, 0x7F, 0x00, 0x7F, 0xFC, 0x0F, 0xE0, 0x00, 0xFC, 0x3F, 0xF8, 0x00, 0xFE, 0xFF, 0xFC, 0x00, 0xFE, 0xFF, 0xFE,
    0x00, 0xFF, 0xFF, 0xFF, 0x00, 0xFF, 0xFF, 0xFF, 0x00, 0xFF, 0xC0, 0xFF, 0x00, 0xFF, 0x80, 0x7F, 0x80, 0xFF, 0x80, 0x7F, 0x80, 0xFF, 0x00, 0x7F,
    0x80, 0xFF, 0x00, 0x3F, 0x80, 0xFF, 0x00, 0x3F, 0x80, 0xFF, 0x00, 0x3F, 0x80, 0xFF, 0x00, 0x3F, 0x80, 0xFF, 0x00, 0x3F, 0x80, 0xFF, 0x00, 0x3F,
    0x80, 0xFF, 0x00, 0x3F, 0x80, 0xFF, 0x00, 0x3F, 0x80, 0xFF, 0x00, 0x3F, 0x80, 0xFF, 0x00, 0x3F, 0x80, 0xFF, 0x00, 0x3F, 0x80, 0xFF, 0x00, 0x3F,
    0x80, 0xFF, 0x00, 0x3F, 0x80, 0xFF, 0x00, 0x3F, 0x80, 0xFF, 0x00, 0x3F, 0x80, 0xFF, 0x00, 0x3F, 0x80, 0xFF, 0x00, 0x3F, 0x80, 0x00, 0x7F, 0x80,
    0x00, 0x03, 0xFF, 0xF0, 0x00, 0x07, 0xFF, 0xF8, 0x00, 0x0F, 0xFF, 0xFC, 0x00, 0x1F, 0xFF, 0xFE, 0x00, 0x3F, 0xFF, 0xFF, 0x00, 0x3F, 0xC0, 0xFF,
    0x00, 0x7F, 0x80, 0x7F, 0x80, 0x7F, 0x00, 0x7F, 0x80, 0x7F, 0x00, 0x3F, 0x80, 0xFF, 0x00, 0x3F, 0x80, 0xFF, 0x00, 0x3F, 0xC0, 0xFF, 0x00, 0x3F,
    0xC0, 0xFF, 0x00, 0x3F, 0xC0, 0xFF, 0x00, 0x3F, 0xC0, 0xFF, 0x00, 0x3F, 0xC0, 0xFF, 0x00, 0x3F, 0x80, 0x7F, 0x00, 0x3F, 0x80, 0x7F, 0x00, 0x7F,
    0x80, 0x7F, 0x80, 0x7F, 0x80, 0x3F, 0xC0, 0xFF, 0x00, 0x3F, 0xFF, 0xFF, 0x00, 0x1F, 0xFF, 0xFE, 0x00, 0x0F, 0xFF, 0xFC, 0x00, 0x07, 0xFF, 0xF8,
    0x00, 0x03, 0xFF, 0xF0, 0x00, 0x00, 0x7F, 0x80, 0x00, 0xFE, 0x0F, 0xC0, 0x00, 0xFE, 0x3F, 0xF0, 0x00, 0xFE, 0x7F, 0xFC, 0x00, 0xFE, 0xFF, 0xFC,
    0x00, 0xFF, 0xFF, 0xFE, 0x00, 0xFF, 0xFF, 0xFF, 0x00, 0xFF, 0xC0, 0xFF, 0x00, 0xFF, 0x80, 0xFF, 0x00, 0xFF, 0x00, 0x7F, 0x80, 0xFF, 0x00, 0x7F,
    0x80, 0xFF, 0x00, 0x7F, 0x80, 0xFF, 0x00, 0x3F, 0x80, 0xFF, 0x00, 0x3F, 0x80, 0xFF, 0x00, 0x3F, 0x80, 0xFF, 0x00, 0x3F, 0x80, 0xFF, 0x00, 0x3F,
    0x80, 0xFF, 0x00, 0x7F, 0x80, 0xFF, 0x00, 0x7F, 0x80, 0xFF, 0x00, 0x7F, 0x80, 0xFF, 0x80, 0xFF, 0x00, 0xFF, 0xC0, 0xFF, 0x00, 0xFF, 0xFF, 0xFF,
    0x00, 0xFF, 0xFF, 0xFE, 0x00, 0xFF, 0xFF, 0xFC, 0x00, 0xFF, 0xFF, 0xF8, 0x00, 0xFF, 0x3F, 0xF0, 0x00, 0xFF, 0x1F, 0xC0, 0x00, 0xFF, 0x00, 0x00,
    0x00, 0xFF, 0x00, 0x00, 0x00, 0xFF, 0x00, 0x00, 0x00, 0xFF, 0x00, 0x00, 0x00, 0xFF, 0x00, 0x00, 0x00, 0xFF, 0x00, 0x00, 0x00, 0xFF, 0x00, 0x00,
    0x00, 0xFF, 0x00, 0x00, 0x00, 0xFF, 0x00, 0x00, 0x00, 0xFF, 0x00, 0x00, 0x00, 0xFF, 0x00, 0x00, 0x00, 0xFF, 0x00, 0x00, 0x00, 0x01, 0xFC, 0x1F,
    0x80, 0x07, 0xFF, 0x3F, 0x80, 0x0F, 0xFF, 0xBF, 0x80, 0x1F, 0xFF, 0xFF, 0x80, 0x3F, 0xFF, 0xFF, 0x80, 0x3F, 0xFF, 0xFF, 0x80, 0x7F, 0xC0, 0xFF,
    0x80, 0x7F, 0x80, 0x7F, 0x80, 0x7F, 0x00, 0x7F, 0x80, 0x7F, 0x00, 0x3F, 0x80, 0xFF, 0x00, 0x3F, 0x80, 0xFF, 0x00, 0x3F, 0x80, 0xFF, 0x00, 0x3F,
    0x80, 0xFF, 0x00, 0x3F, 0x80, 0xFF, 0x00, 0x3F, 0x80, 0xFF, 0x00, 0x3F, 0x80, 0xFF, 0x00, 0x3F, 0x80, 0x7F, 0x00, 0x3F, 0x80, 0x7F, 0x00, 0x7F,
    0x80, 0x7F, 0x80, 0x7F, 0x80, 0x7F, 0xC0, 0xFF, 0x80, 0x3F, 0xFF, 0xFF, 0x80, 0x3F, 0xFF, 0xFF, 0x80, 0x1F, 0xFF, 0xBF, 0x80, 0x0F, 0xFF, 0xBF,
    0x80, 0x07, 0xFE, 0x3F, 0x80, 0x01, 0xF8, 0x3F, 0x80, 0x00, 0x00, 0x3F, 0x80, 0x00, 0x00, 0x3F, 0x80, 0x00, 0x00, 0x3F, 0x80, 0x00, 0x00, 0x3F,
    0x80, 0x00, 0x00, 0x3F, 0x80, 0x00, 0x00, 0x3F, 0x80, 0x00, 0x00, 0x3F, 0x80, 0x00, 0x00, 0x3F, 0x80, 0x00, 0x00, 0x3F, 0x80, 0x00, 0x00, 0x3F,
    0x80, 0x00, 0x00, 0x3F, 0x80, 0x00, 0x00, 0x3F, 0x80, 0xFC, 0x0F, 0xC0, 0xFC, 0x3F, 0xC0, 0xFE, 0x7F, 0xC0, 0xFE, 0xFF, 0xC0, 0xFE, 0xFF, 0x80,
    0xFF, 0xFF, 0x80, 0xFF, 0xFF, 0x80, 0xFF, 0xF0, 0x00, 0xFF, 0xC0, 0x00, 0xFF, 0x80, 0x00, 0xFF, 0x00, 0x00, 0xFF, 0x00, 0x00, 0xFF, 0x00, 0x00,
    0xFF, 0x00, 0x00, 0xFF, 0x00, 0x00, 0xFF, 0x00, 0x00, 0xFF, 0x00, 0x00, 0xFF, 0x00, 0x00, 0xFF, 0x00, 0x00, 0xFF, 0x00, 0x00, 0xFF, 0x00, 0x00,
    0xFF, 0x00, 0x00, 0xFF, 0x00, 0x00, 0xFF, 0x00, 0x00, 0xFF, 0x00, 0x00, 0xFF, 0x00, 0x00, 0xFF, 0x00, 0x00, 0x03, 0xFE, 0x00, 0x0F, 0xFF, 0xC0,
    0x3F, 0xFF, 0xF0, 0x7F, 0xFF, 0xE0, 0x7F, 0xFF, 0xE0, 0xFF, 0xFF, 0xE0, 0xFE, 0x01, 0xC0, 0xFE, 0x00, 0x40, 0xFE, 0x00, 0x00, 0xFF, 0x80, 0x00,
    0x7F, 0xE0, 0x00, 0x7F, 0xFC, 0x00, 0x3F, 0xFF, 0x00, 0x0F, 0xFF, 0xC0, 0x03, 0xFF, 0xE0, 0x00, 0xFF, 0xE0, 0x00, 0x3F, 0xF0, 0x00, 0x0F, 0xF0,
    0x00, 0x07, 0xF0, 0x80, 0x07, 0xF0, 0xE0, 0x07, 0xF0, 0xFF, 0xFF, 0xF0, 0xFF, 0xFF, 0xE0, 0xFF, 0xFF, 0xE0, 0xFF, 0xFF, 0xC0, 0xFF, 0xFF, 0x00,
    0x0F, 0xFC, 0x00, 0x03, 0xE0, 0x00, 0x03, 0xE0, 0x00, 0x07, 0xE0, 0x00, 0x07, 0xE0, 0x00, 0x07, 0xE0, 0x00, 0x0F, 0xE0, 0x00, 0x1F, 0xFF, 0xC0,
    0x3F, 0xFF, 0xC0, 0xFF, 0xFF, 0xC0, 0xFF, 0xFF, 0xC0, 0xFF, 0xFF, 0xC0, 0xFF, 0xFF, 0xC0, 0x0F, 0xE0, 0x00, 0x0F, 0xE0, 0x00, 0x0F, 0xE0, 0x00,
    0x0F, 0xE0, 0x00, 0x0F, 0xE0, 0x00, 0x0F, 0xE0, 0x00, 0x0F, 0xE0, 0x00, 0x0F, 0xE0, 0x00, 0x0F, 0xE0, 0x00, 0x0F, 0xE0, 0x00, 0x0F, 0xE0, 0x00,
    0x0F, 0xE0, 0x00, 0x0F, 0xE0, 0x00, 0x0F, 0xE0, 0x00, 0x0F, 0xE0, 0x00, 0x0F, 0xFF, 0xC0, 0x0F, 0xFF, 0xC0, 0x07, 0xFF, 0xC0, 0x07, 0xFF, 0xC0,
    0x03, 0xFF, 0xC0, 0x00, 0xFF, 0x00, 0xFF, 0x00, 0x7F, 0x80, 0xFF, 0x00, 0x7F, 0x80, 0xFF, 0x00, 0x7F, 0x80, 0xFF, 0x00, 0x7F, 0x80, 0xFF, 0x00,
    0x7F, 0x80, 0xFF, 0x00, 0x7F, 0x80, 0xFF, 0x00, 0x7F, 0x80, 0xFF, 0x00, 0x7F, 0x80, 0xFF, 0x00, 0x7F, 0x80, 0xFF, 0x00, 0x7F, 0x80, 0xFF, 0x00,
    0x7F, 0x80, 0xFF, 0x00, 0x7F, 0x80, 0xFF, 0x00, 0x7F, 0x80, 0xFF, 0x00, 0x7F, 0x80, 0xFF, 0x00, 0x7F, 0x80, 0xFF, 0x00, 0x7F, 0x80, 0xFF, 0x00,
    0x7F, 0x80, 0xFF, 0x00, 0x7F, 0x80, 0xFF, 0x00, 0xFF, 0x80, 0xFF, 0x00, 0xFF, 0x80, 0x7F, 0x81, 0xFF, 0x80, 0x7F, 0xFF, 0xFF, 0x80, 0x7F, 0xFF,
    0xFF, 0x80, 0x3F, 0xFF, 0xBF, 0x80, 0x1F, 0xFF, 0x9F, 0x80, 0x0F, 0xFE, 0x1F, 0x80, 0x03, 0xF8, 0x1F, 0x80, 0xFF, 0x00, 0x0F, 0xE0, 0x7F, 0x00,
    0x1F, 0xE0, 0x7F, 0x00, 0x1F, 0xC0, 0x7F, 0x80, 0x1F, 0xC0, 0x3F, 0x80, 0x3F, 0xC0, 0x3F, 0x80, 0x3F, 0x80, 0x3F, 0xC0, 0x3F, 0x80, 0x1F, 0xC0,
    0x7F, 0x80, 0x1F, 0xC0, 0x7F, 0x00, 0x0F, 0xE0, 0x7F, 0x00, 0x0F, 0xE0, 0x7F, 0x00, 0x0F, 0xE0, 0xFE, 0x00, 0x07, 0xE0, 0xFE, 0x00, 0x07, 0xF0,
    0xFC, 0x00, 0x07, 0xF1, 0xFC, 0x00, 0x03, 0xF1, 0xFC, 0x00, 0x03, 0xF9, 0xF8, 0x00, 0x03, 0xFB, 0xF8, 0x00, 0x01, 0xFB, 0xF8, 0x00, 0x01, 0xFB,
    0xF0, 0x00, 0x00, 0xFF, 0xF0, 0x00, 0x00, 0xFF, 0xE0, 0x00, 0x00, 0xFF, 0xE0, 0x00, 0x00, 0x7F, 0xE0, 0x00, 0x00, 0x7F, 0xC0, 0x00, 0x00, 0x7F,
    0xC0, 0x00, 0x00, 0x3F, 0xC0, 0x00, 0xFF, 0x00, 0x7F, 0x80, 0x7F, 0x80, 0x7F, 0x00, 0xFF, 0x80, 0x7F, 0x00, 0x7F, 0x00, 0xFF, 0x80, 0x7F, 0x00,
    0x7F, 0x00, 0xFF, 0x80, 0x7F, 0x00, 0x3F, 0x80, 0xFF, 0xC0, 0xFE, 0x00, 0x3F, 0x81, 0xFF, 0xC0, 0xFE, 0x00, 0x3F, 0x81, 0xF7, 0xC0, 0xFE, 0x00,
    0x1F, 0x81, 0xF7, 0xC0, 0xFE, 0x00, 0x1F, 0xC1, 0xF7, 0xE1, 0xFC, 0x00, 0x1F, 0xC3, 0xF7, 0xE1, 0xFC, 0x00, 0x1F, 0xC3, 0xE3, 0xE1, 0xFC, 0x00,
    0x0F, 0xC3, 0xE3, 0xE1, 0xF8, 0x00, 0x0F, 0xE3, 0xE3, 0xE3, 0xF8, 0x00, 0x0F, 0xE7, 0xE3, 0xF3, 0xF8, 0x00, 0x0F, 0xE7, 0xC1, 0xF3, 0xF8, 0x00,
    0x07, 0xE7, 0xC1, 0xF3, 0xF0, 0x00, 0x07, 0xE7, 0xC1, 0xF3, 0xF0, 0x00, 0x07, 0xF7, 0xC1, 0xF7, 0xF0, 0x00, 0x03, 0xFF, 0xC1, 0xFF, 0xE0, 0x00,
    0x03, 0xFF, 0x80, 0xFF, 0xE0, 0x00, 0x03, 0xFF, 0x80, 0xFF, 0xE0, 0x00, 0x03, 0xFF, 0x80, 0xFF, 0xE0, 0x00, 0x01, 0xFF, 0x80, 0xFF, 0xC0, 0x00,
    0x01, 0xFF, 0x00, 0x7F, 0xC0, 0x00, 0x01, 0xFF, 0x00, 0x7F, 0xC0, 0x00, 0x00, 0xFF, 0x00, 0x7F, 0xC0, 0x00, 0x00, 0xFF, 0x00, 0x7F, 0x80, 0x00,
    0x7F, 0x80, 0x1F, 0xE0, 0x3F, 0xC0, 0x3F, 0xC0, 0x3F, 0xC0, 0x3F, 0xC0, 0x1F, 0xE0, 0x7F, 0x80, 0x0F, 0xE0, 0xFF, 0x00, 0x0F, 0xF0, 0xFF, 0x00,
    0x07, 0xF9, 0xFE, 0x00, 0x07, 0xF9, 0xFC, 0x00, 0x03, 0xFF, 0xFC, 0x00, 0x01, 0xFF, 0xF8, 0x00, 0x01, 0xFF, 0xF0, 0x00, 0x00, 0xFF, 0xF0, 0x00,
    0x00, 0x7F, 0xE0, 0x00, 0x00, 0x7F, 0xE0, 0x00, 0x00, 0xFF, 0xE0, 0x00, 0x00, 0xFF, 0xF0, 0x00, 0x01, 0xFF, 0xF8, 0x00, 0x03, 0xFF, 0xF8, 0x00,
    0x03, 0xFB, 0xFC, 0x00, 0x07, 0xF9, 0xFE, 0x00, 0x0F, 0xF1, 0xFE, 0x00, 0x0F, 0xF0, 0xFF, 0x00, 0x1F, 0xE0, 0x7F, 0x80, 0x3F, 0xC0, 0x7F, 0x80,
    0x3F, 0xC0, 0x3F, 0xC0, 0x7F, 0x80, 0x3F, 0xE0, 0xFF, 0x80, 0x1F, 0xF0, 0xFF, 0x00, 0x0F, 0xE0, 0x7F, 0x00, 0x1F, 0xE0, 0x7F, 0x00, 0x1F, 0xE0,
    0x7F, 0x80, 0x1F, 0xC0, 0x3F, 0x80, 0x1F, 0xC0, 0x3F, 0x80, 0x3F, 0x80, 0x3F, 0xC0, 0x3F, 0x80, 0x1F, 0xC0, 0x3F, 0x80, 0x1F, 0xC0, 0x7F, 0x00,
    0x0F, 0xE0, 0x7F, 0x00, 0x0F, 0xE0, 0x7F, 0x00, 0x0F, 0xE0, 0xFE, 0x00, 0x07, 0xF0, 0xFE, 0x00, 0x07, 0xF0, 0xFE, 0x00, 0x03, 0xF1, 0xFC, 0x00,
    0x03, 0xF9, 0xFC, 0x00, 0x03, 0xF9, 0xF8, 0x00, 0x01, 0xF9, 0xF8, 0x00, 0x01, 0xFB, 0xF8, 0x00, 0x01, 0xFF, 0xF0, 0x00, 0x00, 0xFF, 0xF0, 0x00,
    0x00, 0xFF, 0xF0, 0x00, 0x00, 0x7F, 0xE0, 0x00, 0x00, 0x7F, 0xE0, 0x00, 0x00, 0x7F, 0xE0, 0x00, 0x00, 0x3F, 0xC0, 0x00, 0x00, 0x3F, 0xC0, 0x00,
    0x00, 0x3F, 0x80, 0x00, 0x00, 0x3F, 0x80, 0x00, 0x00, 0x3F, 0x80, 0x00, 0x00, 0x7F, 0x00, 0x00, 0x00, 0xFF, 0x00, 0x00, 0x01, 0xFE, 0x00, 0x00,
    0x3F, 0xFE, 0x00, 0x00, 0x3F, 0xFC, 0x00, 0x00, 0x3F, 0xF8, 0x00, 0x00, 0x3F, 0xF8, 0x00, 0x00, 0x3F, 0xE0, 0x00, 0x00, 0x3F, 0x80, 0x00, 0x00,
    0x7F, 0xFF, 0xF8, 0x7F, 0xFF, 0xF8, 0x7F, 0xFF, 0xF8, 0x7F, 0xFF, 0xF8, 0x7F, 0xFF, 0xF8, 0x7F, 0xFF, 0xF0, 0x00, 0x0F, 0xE0, 0x00, 0x1F, 0xE0,
    0x00, 0x3F, 0xC0, 0x00, 0x3F, 0x80, 0x00, 0x7F, 0x80, 0x00, 0xFF, 0x00, 0x00, 0xFE, 0x00, 0x01, 0xFE, 0x00, 0x03, 0xFC, 0x00, 0x03, 0xF8, 0x00,
    0x07, 0xF0, 0x00, 0x0F, 0xF0, 0x00, 0x1F, 0xE0, 0x00, 0x1F, 0xC0, 0x00, 0x3F, 0xC0, 0x00, 0x7F, 0xFF, 0xF8, 0x7F, 0xFF, 0xF8, 0xFF, 0xFF, 0xF8,
    0xFF, 0xFF, 0xF8, 0xFF, 0xFF, 0xF8, 0xFF, 0xFF, 0xF8, 0x00, 0x3F, 0x00, 0xFF, 0x01, 0xFF, 0x03, 0xFF, 0x03, 0xFF, 0x03, 0xFF, 0x03, 0xF8, 0x03,
    0xF0, 0x03, 0xF0, 0x03, 0xF0, 0x03, 0xF0, 0x03, 0xF0, 0x03, 0xF0, 0x03, 0xF0, 0x03, 0xF0, 0x03, 0xF0, 0x07, 0xF0, 0x0F, 0xF0, 0xFF, 0xE0, 0xFF,
    0xC0, 0xFF, 0x80, 0xFE, 0x00, 0xFF, 0xC0, 0xFF, 0xE0, 0x1F, 0xF0, 0x07, 0xF0, 0x07, 0xF0, 0x03, 0xF0, 0x03, 0xF0, 0x03, 0xF0, 0x03, 0xF0, 0x03,
    0xF0, 0x03, 0xF0, 0x03, 0xF0, 0x03, 0xF0, 0x03, 0xF0, 0x03, 0xF8, 0x03, 0xFF, 0x03, 0xFF, 0x03, 0xFF, 0x01, 0xFF, 0x00, 0x7F, 0x00, 0x03, 0xF8,
    0xF8, 0xF8, 0xF8, 0xF8, 0xF8, 0xF8, 0xF8, 0xF8, 0xF8, 0xF8, 0xF8, 0xF8, 0xF8, 0xF8, 0xF8, 0xF8, 0xF8, 0xF8, 0xF8, 0xF8, 0xF8, 0xF8, 0xF8, 0xF8,
    0xF8, 0xF8, 0xF8, 0xF8, 0xF8, 0xF8, 0xF8, 0xF8, 0xF8, 0xF8, 0xF8, 0xF8, 0xF8, 0xF8, 0xF8, 0xF8, 0xF8, 0xF8, 0xF8, 0xF8, 0xF8, 0xF8, 0xF8, 0xFC,
    0x00, 0xFF, 0x00, 0xFF, 0x80, 0xFF, 0xC0, 0xFF, 0xC0, 0xFF, 0xC0, 0x1F, 0xC0, 0x0F, 0xC0, 0x0F, 0xC0, 0x0F, 0xC0, 0x0F, 0xC0, 0x0F, 0xC0, 0x0F,
    0xC0, 0x0F, 0xC0, 0x0F, 0xC0, 0x0F, 0xC0, 0x0F, 0xE0, 0x0F, 0xF0, 0x07, 0xFF, 0x07, 0xFF, 0x01, 0xFF, 0x00, 0x7F, 0x03, 0xFF, 0x07, 0xFF, 0x0F,
    0xF8, 0x0F, 0xE0, 0x0F, 0xC0, 0x0F, 0xC0, 0x0F, 0xC0, 0x0F, 0xC0, 0x0F, 0xC0, 0x0F, 0xC0, 0x0F, 0xC0, 0x0F, 0xC0, 0x0F, 0xC0, 0x0F, 0xC0, 0x1F,
    0xC0, 0xFF, 0xC0, 0xFF, 0xC0, 0xFF, 0x80, 0xFF, 0x80, 0xFE, 0x00, 0xC0, 0x00, 0x1F, 0xC0, 0x02, 0x7F, 0xF8, 0x06, 0xFF, 0xFF, 0xFE, 0xFF, 0xFF,
    0xFE, 0xFF, 0xFF, 0xFE, 0xFF, 0xFF, 0xFE, 0xC0, 0x3F, 0xFC, 0x80, 0x07, 0xF0, 0x00, 0x3C, 0x00, 0x00, 0x3C, 0x00, 0x00, 0x3C, 0x00, 0x00, 0x3C,
    0x00, 0x00, 0xFF, 0xC0, 0x03, 0xFF, 0xF8, 0x0F, 0xFF, 0xF8, 0x1F, 0xFF, 0xF8, 0x1F, 0xFF, 0xF0, 0x3F, 0xFF, 0xF0, 0x7F, 0xE0, 0xF0, 0x7F, 0x80,
    0x10, 0x7F, 0x80, 0x00, 0x7F, 0x00, 0x00, 0xFF, 0x00, 0x00, 0xFF, 0x00, 0x00, 0xFF, 0x00, 0x00, 0xFF, 0x00, 0x00, 0xFF, 0x00, 0x00, 0xFF, 0x00,
    0x00, 0x7F, 0x00, 0x00, 0x7F, 0x00, 0x00, 0x7F, 0x80, 0x00, 0x7F, 0x80, 0x08, 0x3F, 0xE0, 0x78, 0x3F, 0xFF, 0xF8, 0x1F, 0xFF, 0xF8, 0x0F, 0xFF,
    0xF8, 0x07, 0xFF, 0xF8, 0x01, 0xFF, 0xF0, 0x00, 0x3E, 0x00, 0x00, 0x3C, 0x00, 0x00, 0x3C, 0x00, 0x00, 0x3C, 0x00, 0x00, 0x3C, 0x00, 0x00, 0x02,
    0x00, 0x00, 0x00, 0x7F, 0xF8, 0x00, 0x00, 0xFF, 0xFF, 0x00, 0x03, 0xFF, 0xFE, 0x00, 0x03, 0xFF, 0xFE, 0x00, 0x07, 0xFF, 0xFC, 0x00, 0x07, 0xF8,
    0x3C, 0x00, 0x0F, 0xF0, 0x04, 0x00, 0x0F, 0xE0, 0x00, 0x00, 0x0F, 0xE0, 0x00, 0x00, 0x0F, 0xE0, 0x00, 0x00, 0x0F, 0xE0, 0x00, 0x00, 0x0F, 0xE0,
    0x00, 0x00, 0x0F, 0xE0, 0x00, 0x00, 0x0F, 0xE0, 0x00, 0x00, 0xFF, 0xFF, 0xF0, 0x00, 0xFF, 0xFF, 0xF0, 0x00, 0xFF, 0xFF, 0xF0, 0x00, 0xFF, 0xFF,
    0xF0, 0x00, 0xFF, 0xFF, 0xF0, 0x00, 0xFF, 0xFF, 0xF0, 0x00, 0x0F, 0xE0, 0x00, 0x00, 0x0F, 0xE0, 0x00, 0x00, 0x0F, 0xE0, 0x00, 0x00, 0x0F, 0xE0,
    0x00, 0x00, 0x0F, 0xE0, 0x00, 0x00, 0x0F, 0xE0, 0x00, 0x00, 0x0F, 0xE0, 0x00, 0x00, 0x1F, 0xC0, 0x00, 0x00, 0x3F, 0x80, 0x00, 0x00, 0xFF, 0xFF,
    0xFF, 0x80, 0xFF, 0xFF, 0xFF, 0x80, 0xFF, 0xFF, 0xFF, 0x80, 0xFF, 0xFF, 0xFF, 0x80, 0xFF, 0xFF, 0xFF, 0x80, 0xFF, 0xFF, 0xFF, 0x80, 0xFF, 0x00,
    0x0F, 0xE0, 0x7F, 0x00, 0x1F, 0xC0, 0x7F, 0x80, 0x1F, 0xC0, 0x3F, 0x80, 0x3F, 0x80, 0x3F, 0xC0, 0x3F, 0x80, 0x1F, 0xC0, 0x7F, 0x00, 0x1F, 0xC0,
    0x7F, 0x00, 0x0F, 0xE0, 0x7E, 0x00, 0x0F, 0xE0, 0xFE, 0x00, 0x07, 0xF0, 0xFC, 0x00, 0x07, 0xF1, 0xFC, 0x00, 0x03, 0xF9, 0xF8, 0x00, 0x03, 0xFB,
    0xF8, 0x00, 0x01, 0xFB, 0xF0, 0x00, 0x01, 0xFF, 0xF0, 0x00, 0x00, 0xFF, 0xE0, 0x00, 0x00, 0xFF, 0xE0, 0x00, 0x00, 0x7F, 0xC0, 0x00, 0x07, 0xFF,
    0xFE, 0x00, 0x07, 0xFF, 0xFE, 0x00, 0x07, 0xFF, 0xFE, 0x00, 0x07, 0xFF, 0xFE, 0x00, 0x00, 0x3F, 0x80, 0x00, 0x00, 0x3F, 0x80, 0x00, 0x00, 0x3F,
    0x80, 0x00, 0x00, 0x3F, 0x80, 0x00, 0x07, 0xFF, 0xFE, 0x00, 0x07, 0xFF, 0xFE, 0x00, 0x07, 0xFF, 0xFE, 0x00, 0x07, 0xFF, 0xFE, 0x00, 0x00, 0x3F,
    0x80, 0x00, 0x00, 0x3F, 0x80, 0x00, 0x00, 0x3F, 0x80, 0x00, 0x00, 0x3F, 0x80, 0x00, 0x00, 0x3F, 0x80, 0x00, 0x03, 0xFC, 0x00, 0x0F, 0xFF, 0x80,
    0x1F, 0xFF, 0xE0, 0x3F, 0xFF, 0xC0, 0x7F, 0xFF, 0xC0, 0x7F, 0x07, 0xC0, 0x7E, 0x00, 0x80, 0x7E, 0x00, 0x00, 0x7E, 0x00, 0x00, 0x7F, 0x00, 0x00,
    0x3F, 0xC0, 0x00, 0x3F, 0xF8, 0x00, 0x0F, 0xFE, 0x00, 0x1F, 0xFF, 0x00, 0x3F, 0xFF, 0x80, 0x7E, 0x3F, 0xC0, 0x7C, 0x0F, 0xE0, 0x7C, 0x07, 0xE0,
    0x7C, 0x07, 0xE0, 0x7E, 0x03, 0xE0, 0x7E, 0x03, 0xE0, 0x7F, 0x87, 0xE0, 0x3F, 0xEF, 0xC0, 0x1F, 0xFF, 0xC0, 0x0F, 0xFF, 0x80, 0x03, 0xFF, 0x80,
    0x00, 0x7F, 0xC0, 0x00, 0x1F, 0xE0, 0x00, 0x0F, 0xE0, 0x00, 0x07, 0xE0, 0x00, 0x07, 0xE0, 0xC0, 0x07, 0xE0, 0xF8, 0x0F, 0xC0, 0xFF, 0xFF, 0xC0,
    0xFF, 0xFF, 0x80, 0x7F, 0xFE, 0x00, 0x0F, 0xF8, 0x00, 0x00, 0x03, 0xFC, 0x00, 0x00, 0x00, 0x1F, 0xFF, 0x80, 0x00, 0x00, 0x7F, 0xFF, 0xE0, 0x00,
    0x01, 0xFC, 0x03, 0xF8, 0x00, 0x03, 0xE0, 0x00, 0xFC, 0x00, 0x07, 0xC0, 0x00, 0x3E, 0x00, 0x0F, 0x00, 0x00, 0x1F, 0x00, 0x0E, 0x01, 0xFE, 0x0F,
    0x00, 0x1E, 0x07, 0xFF, 0x87, 0x80, 0x3C, 0x0F, 0xFF, 0x03, 0xC0, 0x38, 0x1F, 0x87, 0x03, 0xC0, 0x78, 0x3E, 0x00, 0x01, 0xC0, 0x70, 0x3C, 0x00,
    0x01, 0xE0, 0x70, 0x3C, 0x00, 0x00, 0xE0, 0x70, 0x78, 0x00, 0x00, 0xE0, 0xF0, 0x78, 0x00, 0x00, 0xE0, 0xF0, 0x78, 0x00, 0x00, 0xF0, 0xF0, 0x78,
    0x00, 0x00, 0xF0, 0xF0, 0x78, 0x00, 0x00, 0xF0, 0xF0, 0x78, 0x00, 0x00, 0xF0, 0xF0, 0x78, 0x00, 0x00, 0xE0, 0x70, 0x78, 0x00, 0x00, 0xE0, 0x70,
    0x3C, 0x00, 0x00, 0xE0, 0x70, 0x3C, 0x00, 0x01, 0xE0, 0x78, 0x3E, 0x00, 0x01, 0xE0, 0x38, 0x1F, 0x03, 0x03, 0xC0, 0x3C, 0x0F, 0xFF, 0x03, 0xC0,
    0x1E, 0x07, 0xFF, 0x07, 0x80, 0x1E, 0x01, 0xFC, 0x0F, 0x80, 0x0F, 0x00, 0x00, 0x1F, 0x00, 0x07, 0xC0, 0x00, 0x3E, 0x00, 0x03, 0xE0, 0x00, 0xFC,
    0x00, 0x01, 0xFC, 0x03, 0xF8, 0x00, 0x00, 0x7F, 0xFF, 0xE0, 0x00, 0x00, 0x1F, 0xFF, 0x80, 0x00, 0x00, 0x03, 0xFE, 0x00, 0x00, 0x00, 0xC0, 0x0C,
    0x00, 0x01, 0xF0, 0x1F, 0x00, 0x03, 0xFC, 0x3F, 0xC0, 0x03, 0xF8, 0x7F, 0x80, 0x07, 0xF0, 0x7F, 0x00, 0x0F, 0xE0, 0xFE, 0x00, 0x1F, 0xE1, 0xFE,
    0x00, 0x3F, 0xC3, 0xFC, 0x00, 0x7F, 0x87, 0xF8, 0x00, 0x7F, 0x07, 0xF0, 0x00, 0xFE, 0x0F, 0xE0, 0x00, 0xFF, 0x0F, 0xF0, 0x00, 0x7F, 0x87, 0xF0,
    0x00, 0x3F, 0x83, 0xF8, 0x00, 0x1F, 0xC3, 0xFC, 0x00, 0x1F, 0xE1, 0xFE, 0x00, 0x0F, 0xF0, 0xFF, 0x00, 0x07, 0xF8, 0x7F, 0x00, 0x03, 0xFC, 0x3F,
    0xC0, 0x01, 0xF8, 0x1F, 0x80, 0x01, 0xE0, 0x1E, 0x00, 0x00, 0x80, 0x08, 0x00, 0x00, 0x03, 0xFC, 0x00, 0x00, 0x00, 0x1F, 0xFF, 0x80, 0x00, 0x00,
    0x7F, 0xFF, 0xE0, 0x00, 0x01, 0xFC, 0x03, 0xF8, 0x00, 0x03, 0xE0, 0x00, 0xFC, 0x00, 0x07, 0xC0, 0x00, 0x3E, 0x00, 0x0F, 0x00, 0x00, 0x1F, 0x00,
    0x0E, 0x00, 0x00, 0x0F, 0x00, 0x1E, 0x1F, 0xF8, 0x07, 0x80, 0x3C, 0x1F, 0xFE, 0x03, 0xC0, 0x38, 0x1F, 0xFF, 0x03, 0xC0, 0x78, 0x1E, 0x0F, 0x81,
    0xC0, 0x70, 0x1E, 0x07, 0x81, 0xE0, 0x70, 0x1E, 0x07, 0x80, 0xE0, 0x70, 0x1E, 0x07, 0x80, 0xE0, 0xF0, 0x1E, 0x07, 0x80, 0xE0, 0xF0, 0x1E, 0x07,
    0x80, 0xF0, 0xF0, 0x1E, 0x0F, 0x00, 0xF0, 0xF0, 0x1F, 0xFE, 0x00, 0xF0, 0xF0, 0x1F, 0xFC, 0x00, 0xF0, 0xF0, 0x1F, 0xFC, 0x00, 0xE0, 0x70, 0x1E,
    0x3C, 0x00, 0xE0, 0x70, 0x1E, 0x1E, 0x00, 0xE0, 0x70, 0x1E, 0x1F, 0x01, 0xE0, 0x78, 0x1E, 0x0F, 0x01, 0xE0, 0x38, 0x1E, 0x07, 0x83, 0xC0, 0x3C,
    0x1E, 0x07, 0x83, 0xC0, 0x1E, 0x1E, 0x03, 0xC7, 0x80, 0x1E, 0x1E, 0x03, 0xEF, 0x80, 0x0F, 0x00, 0x00, 0x1F, 0x00, 0x07, 0xC0, 0x00, 0x3E, 0x00,
    0x03, 0xE0, 0x00, 0xFC, 0x00, 0x01, 0xFC, 0x03, 0xF8, 0x00, 0x00, 0x7F, 0xFF, 0xE0, 0x00, 0x00, 0x1F, 0xFF, 0x80, 0x00, 0x00, 0x03, 0xFE, 0x00,
    0x00, 0x07, 0xE0, 0x1F, 0xF8, 0x3F, 0xFC, 0x7F, 0xFE, 0x7F, 0xFF, 0xFC, 0x3F, 0xF8, 0x1F, 0xF8, 0x0F, 0xF8, 0x0F, 0xF8, 0x0F, 0xF8, 0x1F, 0xFC,
    0x3F, 0x7F, 0xFF, 0x7F, 0xFE, 0x3F, 0xFC, 0x1F, 0xF8, 0x07, 0xE0, 0x00, 0x7C, 0x00, 0x00, 0x7C, 0x00, 0x00, 0x7C, 0x00, 0x00, 0x7C, 0x00, 0x00,
    0x7C, 0x00, 0x00, 0x7C, 0x00, 0x00, 0x7C, 0x00, 0x00, 0x7C, 0x00, 0x00, 0x7C, 0x00, 0xFF, 0xFF, 0xFE, 0xFF, 0xFF, 0xFE, 0xFF, 0xFF, 0xFE, 0xFF,
    0xFF, 0xFE, 0xFF, 0xFF, 0xFE, 0xFF, 0xFF, 0xFE, 0x00, 0x7C, 0x00, 0x00, 0x7C, 0x00, 0x00, 0x7C, 0x00, 0x00, 0x7C, 0x00, 0x00, 0x7C, 0x00, 0x00,
    0x7C, 0x00, 0x00, 0x7C, 0x00, 0x00, 0x7C, 0x00, 0x00, 0x7C, 0x00, 0x00, 0x00, 0x00, 0xFF, 0xFF, 0xFE, 0xFF, 0xFF, 0xFE, 0xFF, 0xFF, 0xFE, 0xFF,
    0xFF, 0xFE, 0xFF, 0xFF, 0xFE, 0xFF, 0xFF, 0xFE, 0x01, 0xFF, 0xFF, 0x80, 0x07, 0xFF, 0xFF, 0x80, 0x1F, 0xFF, 0xFF, 0x80, 0x1F, 0xFF, 0xFF, 0x80,
    0x3F, 0xFF, 0x87, 0x80, 0x7F, 0xFF, 0x87, 0x80, 0x7F, 0xFF, 0x87, 0x80, 0x7F, 0xFF, 0x87, 0x80, 0x7F, 0xFF, 0x87, 0x80, 0x7F, 0xFF, 0x87, 0x80,
    0x7F, 0xFF, 0x87, 0x80, 0xFF, 0xFF, 0x87, 0x80, 0xFF, 0xFF, 0x87, 0x80, 0x7F, 0xFF, 0x87, 0x80, 0x7F, 0xFF, 0x87, 0x80, 0x7F, 0xFF, 0x87, 0x80,
    0x7F, 0xFF, 0x87, 0x80, 0x7F, 0xFF, 0x87, 0x80, 0x3F, 0xFF, 0x87, 0x80, 0x3F, 0xFF, 0x87, 0x80, 0x1F, 0xFF, 0x87, 0x80, 0x0F, 0xFF, 0x87, 0x80,
    0x07, 0xFF, 0x87, 0x80, 0x00, 0x77, 0x87, 0x80, 0x00, 0x07, 0x87, 0x80, 0x00, 0x07, 0x87, 0x80, 0x00, 0x07, 0x87, 0x80, 0x00, 0x07, 0x87, 0x80,
    0x00, 0x07, 0x87, 0x80, 0x00, 0x07, 0x87, 0x80, 0x00, 0x07, 0x87, 0x80, 0x00, 0x07, 0x87, 0x80, 0x00, 0x07, 0x87, 0x80, 0x00, 0x07, 0x87, 0x80,
    0x00, 0x07, 0x87, 0x80, 0x00, 0x07, 0x87, 0x80, 0x00, 0x07, 0x87, 0x80, 0x00, 0x07, 0x87, 0x80, 0x00, 0x07, 0x87, 0x80, 0x00, 0x07, 0x87, 0x80,
    0x00, 0x07, 0x87, 0x80, 0x00, 0x07, 0x87, 0x80, 0x3C, 0xFE, 0xFF, 0xFF, 0xFF, 0xFF, 0xFE, 0x7C, 0x0C, 0x00, 0x80, 0x00, 0x3C, 0x03, 0xC0, 0x00,
    0xFE, 0x0F, 0xE0, 0x00, 0xFF, 0x0F, 0xF0, 0x00, 0x7F, 0x87, 0xF8, 0x00, 0x3F, 0xC3, 0xFC, 0x00, 0x1F, 0xC1, 0xFC, 0x00, 0x0F, 0xE0, 0xFE, 0x00,
    0x0F, 0xF0, 0xFF, 0x00, 0x07, 0xF8, 0x7F, 0x80, 0x03, 0xFC, 0x3F, 0xC0, 0x03, 0xF8, 0x3F, 0x80, 0x07, 0xF8, 0x7F, 0x80, 0x0F, 0xF0, 0xFF, 0x00,
    0x1F, 0xE1, 0xFE, 0x00, 0x1F, 0xC1, 0xFC, 0x00, 0x3F, 0x83, 0xF8, 0x00, 0x7F, 0x87, 0xF0, 0x00, 0xFF, 0x0F, 0xF0, 0x00, 0x7E, 0x07, 0xE0, 0x00,
    0x1C, 0x03, 0xC0, 0x00, 0x08, 0x00, 0x80, 0x00, 0x00, 0x7F, 0xC0, 0x00, 0x00, 0x00, 0x3F, 0xC0, 0x00, 0x00, 0x00, 0x1F, 0xE0, 0x00, 0x00, 0x00,
    0x0F, 0xF0, 0x00, 0x00, 0x00, 0x03, 0xF8, 0x00, 0x00, 0x00, 0x01, 0xF8, 0x00, 0x00, 0x00, 0x00, 0xFC, 0x00, 0x00, 0x00, 0x00, 0x7E, 0x00, 0x00,
    0x00, 0x00, 0x00, 0x00, 0x00, 0x00, 0x00, 0x00, 0x00, 0x00, 0x00, 0x0F, 0xF8, 0x00, 0x00, 0x00, 0x0F, 0xFC, 0x00, 0x00, 0x00, 0x1F, 0xFC, 0x00,
    0x00, 0x00, 0x1F, 0xFC, 0x00, 0x00, 0x00, 0x3F, 0xFE, 0x00, 0x00, 0x00, 0x3F, 0xFE, 0x00, 0x00, 0x00, 0x3F, 0x7E, 0x00, 0x00, 0x00, 0x7F, 0x7F,
    0x00, 0x00, 0x00, 0x7F, 0x7F, 0x00, 0x00, 0x00, 0x7F, 0x3F, 0x00, 0x00, 0x00, 0xFE, 0x3F, 0x80, 0x00, 0x00, 0xFE, 0x3F, 0x80, 0x00, 0x00, 0xFE,
    0x3F, 0x80, 0x00, 0x01, 0xFE, 0x1F, 0xC0, 0x00, 0x01, 0xFC, 0x1F, 0xC0, 0x00, 0x01, 0xFC, 0x1F, 0xC0, 0x00, 0x03, 0xFC, 0x0F, 0xE0, 0x00, 0x03,
    0xF8, 0x0F, 0xE0, 0x00, 0x03, 0xF8, 0x0F, 0xE0, 0x00, 0x07, 0xF8, 0x0F, 0xF0, 0x00, 0x07, 0xF0, 0x07, 0xF0, 0x00, 0x07, 0xFF, 0xFF, 0xF8, 0x00,
    0x0F, 0xFF, 0xFF, 0xF8, 0x00, 0x0F, 0xFF, 0xFF, 0xF8, 0x00, 0x0F, 0xFF, 0xFF, 0xFC, 0x00, 0x1F, 0xFF, 0xFF, 0xFC, 0x00, 0x1F, 0xFF, 0xFF, 0xFC,
    0x00, 0x1F, 0xC0, 0x01, 0xFE, 0x00, 0x3F, 0xC0, 0x01, 0xFE, 0x00, 0x3F, 0xC0, 0x01, 0xFE, 0x00, 0x3F, 0x80, 0x00, 0xFF, 0x00, 0x7F, 0x80, 0x00,
    0xFF, 0x00, 0x7F, 0x80, 0x00, 0xFF, 0x00, 0x7F, 0x00, 0x00, 0x7F, 0x80, 0xFF, 0x00, 0x00, 0x7F, 0x80, 0x00, 0x00, 0x3F, 0xC0, 0x00, 0x00, 0x00,
    0x7F, 0x80, 0x00, 0x00, 0x00, 0xFF, 0x00, 0x00, 0x00, 0x00, 0xFE, 0x00, 0x00, 0x00, 0x01, 0xFC, 0x00, 0x00, 0x00, 0x03, 0xF8, 0x00, 0x00, 0x00,
    0x07, 0xE0, 0x00, 0x00, 0x00, 0x07, 0xC0, 0x00, 0x00, 0x00, 0x00, 0x00, 0x00, 0x00, 0x00, 0x00, 0x00, 0x00, 0x00, 0x00, 0x0F, 0xF8, 0x00, 0x00,
    0x00, 0x0F, 0xFC, 0x00, 0x00, 0x00, 0x1F, 0xFC, 0x00, 0x00, 0x00, 0x1F, 0xFC, 0x00, 0x00, 0x00, 0x3F, 0xFE, 0x00, 0x00, 0x00, 0x3F, 0xFE, 0x00,
    0x00, 0x00, 0x3F, 0x7E, 0x00, 0x00, 0x00, 0x7F, 0x7F, 0x00, 0x00, 0x00, 0x7F, 0x7F, 0x00, 0x00, 0x00, 0x7F, 0x3F, 0x00, 0x00, 0x00, 0xFE, 0x3F,
    0x80, 0x00, 0x00, 0xFE, 0x3F, 0x80, 0x00, 0x00, 0xFE, 0x3F, 0x80, 0x00, 0x01, 0xFE, 0x1F, 0xC0, 0x00, 0x01, 0xFC, 0x1F, 0xC0, 0x00, 0x01, 0xFC,
    0x1F, 0xC0, 0x00, 0x03, 0xFC, 0x0F, 0xE0, 0x00, 0x03, 0xF8, 0x0F, 0xE0, 0x00, 0x03, 0xF8, 0x0F, 0xE0, 0x00, 0x07, 0xF8, 0x0F, 0xF0, 0x00, 0x07,
    0xF0, 0x07, 0xF0, 0x00, 0x07, 0xFF, 0xFF, 0xF8, 0x00, 0x0F, 0xFF, 0xFF, 0xF8, 0x00, 0x0F, 0xFF, 0xFF, 0xF8, 0x00, 0x0F, 0xFF, 0xFF, 0xFC, 0x00,
    0x1F, 0xFF, 0xFF, 0xFC, 0x00, 0x1F, 0xFF, 0xFF, 0xFC, 0x00, 0x1F, 0xC0, 0x01, 0xFE, 0x00, 0x3F, 0xC0, 0x01, 0xFE, 0x00, 0x3F, 0xC0, 0x01, 0xFE,
    0x00, 0x3F, 0x80, 0x00, 0xFF, 0x00, 0x7F, 0x80, 0x00, 0xFF, 0x00, 0x7F, 0x80, 0x00, 0xFF, 0x00, 0x7F, 0x00, 0x00, 0x7F, 0x80, 0xFF, 0x00, 0x00,
    0x7F, 0x80, 0x00, 0x07, 0xF8, 0x00, 0x00, 0x00, 0x0F, 0xF8, 0x00, 0x00, 0x00, 0x1F, 0xFC, 0x00, 0x00, 0x00, 0x3F, 0xFE, 0x00, 0x00, 0x00, 0x3F,
    0x7F, 0x00, 0x00, 0x00, 0x7E, 0x3F, 0x80, 0x00, 0x00, 0xFC, 0x1F, 0x80, 0x00, 0x01, 0xF8, 0x07, 0xC0, 0x00, 0x00, 0x00, 0x00, 0x00, 0x00, 0x00,
    0x00, 0x00, 0x00, 0x00, 0x00, 0x0F, 0xF8, 0x00, 0x00, 0x00, 0x0F, 0xFC, 0x00, 0x00, 0x00, 0x1F, 0xFC, 0x00, 0x00, 0x00, 0x1F, 0xFC, 0x00, 0x00,
    0x00, 0x3F, 0xFE, 0x00, 0x00, 0x00, 0x3F, 0xFE, 0x00, 0x00, 0x00, 0x3F, 0x7E, 0x00, 0x00, 0x00, 0x7F, 0x7F, 0x00, 0x00, 0x00, 0x7F, 0x7F, 0x00,
    0x00, 0x00, 0x7F, 0x3F, 0x00, 0x00, 0x00, 0xFE, 0x3F, 0x80, 0x00, 0x00, 0xFE, 0x3F, 0x80, 0x00, 0x00, 0xFE, 0x3F, 0x80, 0x00, 0x01, 0xFE, 0x1F,
    0xC0, 0x00, 0x01, 0xFC, 0x1F, 0xC0, 0x00, 0x01, 0xFC, 0x1F, 0xC0, 0x00, 0x03, 0xFC, 0x0F, 0xE0, 0x00, 0x03, 0xF8, 0x0F, 0xE0, 0x00, 0x03, 0xF8,
    0x0F, 0xE0, 0x00, 0x07, 0xF8, 0x0F, 0xF0, 0x00, 0x07, 0xF0, 0x07, 0xF0, 0x00, 0x07, 0xFF, 0xFF, 0xF8, 0x00, 0x0F, 0xFF, 0xFF, 0xF8, 0x00, 0x0F,
    0xFF, 0xFF, 0xF8, 0x00, 0x0F, 0xFF, 0xFF, 0xFC, 0x00, 0x1F, 0xFF, 0xFF, 0xFC, 0x00, 0x1F, 0xFF, 0xFF, 0xFC, 0x00, 0x1F, 0xC0, 0x01, 0xFE, 0x00,
    0x3F, 0xC0, 0x01, 0xFE, 0x00, 0x3F, 0xC0, 0x01, 0xFE, 0x00, 0x3F, 0x80, 0x00, 0xFF, 0x00, 0x7F, 0x80, 0x00, 0xFF, 0x00, 0x7F, 0x80, 0x00, 0xFF,
    0x00, 0x7F, 0x00, 0x00, 0x7F, 0x80, 0xFF, 0x00, 0x00, 0x7F, 0x80, 0x00, 0x1F, 0x01, 0xE0, 0x00, 0x00, 0x7F, 0xC3, 0xC0, 0x00, 0x00, 0x7F, 0xFF,
    0xC0, 0x00, 0x00, 0xFF, 0xFF, 0xC0, 0x00, 0x00, 0xFF, 0xFF, 0x80, 0x00, 0x01, 0xF1, 0xFF, 0x00, 0x00, 0x01, 0xE0, 0x3E, 0x00, 0x00, 0x00, 0x00,
    0x00, 0x00, 0x00, 0x00, 0x00, 0x00, 0x00, 0x00, 0x00, 0x0F, 0xF8, 0x00, 0x00, 0x00, 0x0F, 0xFC, 0x00, 0x00, 0x00, 0x1F, 0xFC, 0x00, 0x00, 0x00,
    0x1F, 0xFC, 0x00, 0x00, 0x00, 0x3F, 0xFE, 0x00, 0x00, 0x00, 0x3F, 0xFE, 0x00, 0x00, 0x00, 0x3F, 0x7E, 0x00, 0x00, 0x00, 0x7F, 0x7F, 0x00, 0x00,
    0x00, 0x7F, 0x7F, 0x00, 0x00, 0x00, 0x7F, 0x3F, 0x00, 0x00, 0x00, 0xFE, 0x3F, 0x80, 0x00, 0x00, 0xFE, 0x3F, 0x80, 0x00, 0x00, 0xFE, 0x3F, 0x80,
    0x00, 0x01, 0xFE, 0x1F, 0xC0, 0x00, 0x01, 0xFC, 0x1F, 0xC0, 0x00, 0x01, 0xFC, 0x1F, 0xC0, 0x00, 0x03, 0xFC, 0x0F, 0xE0, 0x00, 0x03, 0xF8, 0x0F,
    0xE0, 0x00, 0x03, 0xF8, 0x0F, 0xE0, 0x00, 0x07, 0xF8, 0x0F, 0xF0, 0x00, 0x07, 0xF0, 0x07, 0xF0, 0x00, 0x07, 0xFF, 0xFF, 0xF8, 0x00, 0x0F, 0xFF,
    0xFF, 0xF8, 0x00, 0x0F, 0xFF, 0xFF, 0xF8, 0x00, 0x0F, 0xFF, 0xFF, 0xFC, 0x00, 0x1F, 0xFF, 0xFF, 0xFC, 0x00, 0x1F, 0xFF, 0xFF, 0xFC, 0x00, 0x1F,
    0xC0, 0x01, 0xFE, 0x00, 0x3F, 0xC0, 0x01, 0xFE, 0x00, 0x3F, 0xC0, 0x01, 0xFE, 0x00, 0x3F, 0x80, 0x00, 0xFF, 0x00, 0x7F, 0x80, 0x00, 0xFF, 0x00,
    0x7F, 0x80, 0x00, 0xFF, 0x00, 0x7F, 0x00, 0x00, 0x7F, 0x80, 0xFF, 0x00, 0x00, 0x7F, 0x80, 0x00, 0x78, 0x0F, 0x00, 0x00, 0x00, 0xFC, 0x1F, 0x80,
    0x00, 0x00, 0xFE, 0x3F, 0x80, 0x00, 0x00, 0xFE, 0x3F, 0x80, 0x00, 0x00, 0xFC, 0x1F, 0x80, 0x00, 0x00, 0x78, 0x0F, 0x00, 0x00, 0x00, 0x00, 0x00,
    0x00, 0x00, 0x00, 0x00, 0x00, 0x00, 0x00, 0x00, 0x00, 0x00, 0x00, 0x00, 0x00, 0x0F, 0xF8, 0x00, 0x00, 0x00, 0x0F, 0xFC, 0x00, 0x00, 0x00, 0x1F,
    0xFC, 0x00, 0x00, 0x00, 0x1F, 0xFC, 0x00, 0x00, 0x00, 0x3F, 0xFE, 0x00, 0x00, 0x00, 0x3F, 0xFE, 0x00, 0x00, 0x00, 0x3F, 0x7E, 0x00, 0x00, 0x00,
    0x7F, 0x7F, 0x00, 0x00, 0x00, 0x7F, 0x7F, 0x00, 0x00, 0x00, 0x7F, 0x3F, 0x00, 0x00, 0x00, 0xFE, 0x3F, 0x80, 0x00, 0x00, 0xFE, 0x3F, 0x80, 0x00,
    0x00, 0xFE, 0x3F, 0x80, 0x00, 0x01, 0xFE, 0x1F, 0xC0, 0x00, 0x01, 0xFC, 0x1F, 0xC0, 0x00, 0x01, 0xFC, 0x1F, 0xC0, 0x00, 0x03, 0xFC, 0x0F, 0xE0,
    0x00, 0x03, 0xF8, 0x0F, 0xE0, 0x00, 0x03, 0xF8, 0x0F, 0xE0, 0x00, 0x07, 0xF8, 0x0F, 0xF0, 0x00, 0x07, 0xF0, 0x07, 0xF0, 0x00, 0x07, 0xFF, 0xFF,
    0xF8, 0x00, 0x0F, 0xFF, 0xFF, 0xF8, 0x00, 0x0F, 0xFF, 0xFF, 0xF8, 0x00, 0x0F, 0xFF, 0xFF, 0xFC, 0x00, 0x1F, 0xFF, 0xFF, 0xFC, 0x00, 0x1F, 0xFF,
    0xFF, 0xFC, 0x00, 0x1F, 0xC0, 0x01, 0xFE, 0x00, 0x3F, 0xC0, 0x01, 0xFE, 0x00, 0x3F, 0xC0, 0x01, 0xFE, 0x00, 0x3F, 0x80, 0x00, 0xFF, 0x00, 0x7F,
    0x80, 0x00, 0xFF, 0x00, 0x7F, 0x80, 0x00, 0xFF, 0x00, 0x7F, 0x00, 0x00, 0x7F, 0x80, 0xFF, 0x00, 0x00, 0x7F, 0x80, 0x00, 0x03, 0xE0, 0x00, 0x00,
    0x00, 0x0F, 0xF8, 0x00, 0x00, 0x00, 0x1F, 0xFC, 0x00, 0x00, 0x00, 0x1E, 0x3C, 0x00, 0x00, 0x00, 0x1C, 0x1C, 0x00, 0x00, 0x00, 0x1C, 0x1C, 0x00,
    0x00, 0x00, 0x1C, 0x1C, 0x00, 0x00, 0x00, 0x1F, 0xFC, 0x00, 0x00, 0x00, 0x1F, 0xFC, 0x00, 0x00, 0x00, 0x1F, 0xFC, 0x00, 0x00, 0x00, 0x1F, 0xFC,
    0x00, 0x00, 0x00, 0x3F, 0xFE, 0x00, 0x00, 0x00, 0x3F, 0xFE, 0x00, 0x00, 0x00, 0x3F, 0x7E, 0x00, 0x00, 0x00, 0x7F, 0x7F, 0x00, 0x00, 0x00, 0x7F,
    0x7F, 0x00, 0x00, 0x00, 0x7F, 0x3F, 0x00, 0x00, 0x00, 0xFE, 0x3F, 0x80, 0x00, 0x00, 0xFE, 0x3F, 0x80, 0x00, 0x00, 0xFE, 0x3F, 0x80, 0x00, 0x01,
    0xFE, 0x1F, 0xC0, 0x00, 0x01, 0xFC, 0x1F, 0xC0, 0x00, 0x01, 0xFC, 0x1F, 0xC0, 0x00, 0x03, 0xFC, 0x0F, 0xE0, 0x00, 0x03, 0xF8, 0x0F, 0xE0, 0x00,
    0x03, 0xF8, 0x0F, 0xE0, 0x00, 0x07, 0xF8, 0x0F, 0xF0, 0x00, 0x07, 0xF0, 0x07, 0xF0, 0x00, 0x07, 0xFF, 0xFF, 0xF8, 0x00, 0x0F, 0xFF, 0xFF, 0xF8,
    0x00, 0x0F, 0xFF, 0xFF, 0xF8, 0x00, 0x0F, 0xFF, 0xFF, 0xFC, 0x00, 0x1F, 0xFF, 0xFF, 0xFC, 0x00, 0x1F, 0xFF, 0xFF, 0xFC, 0x00, 0x1F, 0xC0, 0x01,
    0xFE, 0x00, 0x3F, 0xC0, 0x01, 0xFE, 0x00, 0x3F, 0xC0, 0x01, 0xFE, 0x00, 0x3F, 0x80, 0x00, 0xFF, 0x00, 0x7F, 0x80, 0x00, 0xFF, 0x00, 0x7F, 0x80,
    0x00, 0xFF, 0x00, 0x7F, 0x00, 0x00, 0x7F, 0x80, 0xFF, 0x00, 0x00, 0x7F, 0x80, 0x00, 0x01, 0xFF, 0xFF, 0xFF, 0xE0, 0x00, 0x01, 0xFF, 0xFF, 0xFF,
    0xE0, 0x00, 0x03, 0xFF, 0xFF, 0xFF, 0xE0, 0x00, 0x03, 0xFF, 0xFF, 0xFF, 0xE0, 0x00, 0x07, 0xFF, 0xFF, 0xFF, 0xE0, 0x00, 0x07, 0xFF, 0xFF, 0xFF,
    0xE0, 0x00, 0x0F, 0xE3, 0xFC, 0x00, 0x00, 0x00, 0x0F, 0xE3, 0xFC, 0x00, 0x00, 0x00, 0x0F, 0xC3, 0xFC, 0x00, 0x00, 0x00, 0x1F, 0xC3, 0xFC, 0x00,
    0x00, 0x00, 0x1F, 0xC3, 0xFC, 0x00, 0x00, 0x00, 0x3F, 0x83, 0xFC, 0x00, 0x00, 0x00, 0x3F, 0x83, 0xFC, 0x00, 0x00, 0x00, 0x7F, 0x03, 0xFC, 0x00,
    0x00, 0x00, 0x7F, 0x03, 0xFF, 0xFF, 0xC0, 0x00, 0x7F, 0x03, 0xFF, 0xFF, 0xC0, 0x00, 0xFE, 0x03, 0xFF, 0xFF, 0xC0, 0x00, 0xFE, 0x03, 0xFF, 0xFF,
    0xC0, 0x01, 0xFE, 0x03, 0xFF, 0xFF, 0xC0, 0x01, 0xFC, 0x03, 0xFF, 0xFF, 0xC0, 0x03, 0xFC, 0x03, 0xFC, 0x00, 0x00, 0x03, 0xFF, 0xFF, 0xFC, 0x00,
    0x00, 0x07, 0xFF, 0xFF, 0xFC, 0x00, 0x00, 0x07, 0xFF, 0xFF, 0xFC, 0x00, 0x00, 0x07, 0xFF, 0xFF, 0xFC, 0x00, 0x00, 0x0F, 0xFF, 0xFF, 0xFC, 0x00,
    0x00, 0x0F, 0xFF, 0xFF, 0xFC, 0x00, 0x00, 0x1F, 0xE0, 0x03, 0xFC, 0x00, 0x00, 0x1F, 0xC0, 0x03, 0xFC, 0x00, 0x00, 0x3F, 0xC0, 0x03, 0xFF, 0xFF,
    0xE0, 0x3F, 0x80, 0x03, 0xFF, 0xFF, 0xE0, 0x3F, 0x80, 0x03, 0xFF, 0xFF, 0xE0, 0x7F, 0x00, 0x03, 0xFF, 0xFF, 0xE0, 0x7F, 0x00, 0x03, 0xFF, 0xFF,
    0xE0, 0xFF, 0x00, 0x03, 0xFF, 0xFF, 0xE0, 0x00, 0x00, 0x80, 0x00, 0x00, 0x3F, 0xFE, 0x00, 0x00, 0xFF, 0xFF, 0xC0, 0x03, 0xFF, 0xFF, 0xC0, 0x07,
    0xFF, 0xFF, 0xC0, 0x0F, 0xFF, 0xFF, 0x80, 0x1F, 0xF8, 0x1F, 0x80, 0x3F, 0xE0, 0x03, 0x00, 0x3F, 0xC0, 0x00, 0x00, 0x7F, 0xC0, 0x00, 0x00, 0x7F,
    0x80, 0x00, 0x00, 0x7F, 0x00, 0x00, 0x00, 0xFF, 0x00, 0x00, 0x00, 0xFF, 0x00, 0x00, 0x00, 0xFF, 0x00, 0x00, 0x00, 0xFE, 0x00, 0x00, 0x00, 0xFE,
    0x00, 0x00, 0x00, 0xFE, 0x00, 0x00, 0x00, 0xFE, 0x00, 0x00, 0x00, 0xFE, 0x00, 0x00, 0x00, 0xFE, 0x00, 0x00, 0x00, 0xFE, 0x00, 0x00, 0x00, 0xFF,
    0x00, 0x00, 0x00, 0xFF, 0x00, 0x00, 0x00, 0xFF, 0x00, 0x00, 0x00, 0x7F, 0x80, 0x00, 0x00, 0x7F, 0x80, 0x00, 0x00, 0x7F, 0xC0, 0x00, 0x00, 0x3F,
    0xE0, 0x00, 0x80, 0x3F, 0xF0, 0x03, 0x80, 0x1F, 0xFF, 0xFF, 0x80, 0x0F, 0xFF, 0xFF, 0x80, 0x07, 0xFF, 0xFF, 0x80, 0x03, 0xFF, 0xFF, 0x80, 0x00,
    0xFF, 0xFF, 0x80, 0x00, 0x1F, 0xF8, 0x00, 0x00, 0x07, 0x80, 0x00, 0x00, 0x0F, 0x00, 0x00, 0x00, 0x0F, 0x00, 0x00, 0x00, 0x1F, 0xE0, 0x00, 0x00,
    0x07, 0xF0, 0x00, 0x00, 0x01, 0xF0, 0x00, 0x00, 0x01, 0xF0, 0x00, 0x00, 0x03, 0xF0, 0x00, 0x00, 0x3F, 0xF0, 0x00, 0x00, 0x3F, 0xF0, 0x00, 0x00,
    0x3F, 0xE0, 0x00, 0x00, 0x3F, 0x80, 0x00, 0x3F, 0xC0, 0x00, 0x1F, 0xE0, 0x00, 0x0F, 0xE0, 0x00, 0x07, 0xF0, 0x00, 0x03, 0xF8, 0x00, 0x01, 0xFC,
    0x00, 0x00, 0xFE, 0x00, 0x00, 0x3E, 0x00, 0x00, 0x00, 0x00, 0x00, 0x00, 0x00, 0xFF, 0xFF, 0xF0, 0xFF, 0xFF, 0xF0, 0xFF, 0xFF, 0xF0, 0xFF, 0xFF,
    0xF0, 0xFF, 0xFF, 0xF0, 0xFF, 0xFF, 0xF0, 0xFF, 0x00, 0x00, 0xFF, 0x00, 0x00, 0xFF, 0x00, 0x00, 0xFF, 0x00, 0x00, 0xFF, 0x00, 0x00, 0xFF, 0x00,
    0x00, 0xFF, 0x00, 0x00, 0xFF, 0x00, 0x00, 0xFF, 0xFF, 0xE0, 0xFF, 0xFF, 0xE0, 0xFF, 0xFF, 0xE0, 0xFF, 0xFF, 0xE0, 0xFF, 0xFF, 0xE0, 0xFF, 0xFF,
    0xE0, 0xFF, 0x00, 0x00, 0xFF, 0x00, 0x00, 0xFF, 0x00, 0x00, 0xFF, 0x00, 0x00, 0xFF, 0x00, 0x00, 0xFF, 0x00, 0x00, 0xFF, 0x00, 0x00, 0xFF, 0x00,
    0x00, 0xFF, 0x00, 0x00, 0xFF, 0xFF, 0xF0, 0xFF, 0xFF, 0xF0, 0xFF, 0xFF, 0xF0, 0xFF, 0xFF, 0xF0, 0xFF, 0xFF, 0xF0, 0xFF, 0xFF, 0xF0, 0x00, 0x1F,
    0xE0, 0x00, 0x3F, 0xC0, 0x00, 0x7F, 0x80, 0x00, 0xFF, 0x00, 0x00, 0xFE, 0x00, 0x01, 0xF8, 0x00, 0x03, 0xF0, 0x00, 0x07, 0xE0, 0x00, 0x00, 0x00,
    0x00, 0x00, 0x00, 0x00, 0xFF, 0xFF, 0xF0, 0xFF, 0xFF, 0xF0, 0xFF, 0xFF, 0xF0, 0xFF, 0xFF, 0xF0, 0xFF, 0xFF, 0xF0, 0xFF, 0xFF, 0xF0, 0xFF, 0x00,
    0x00, 0xFF, 0x00, 0x00, 0xFF, 0x00, 0x00, 0xFF, 0x00, 0x00, 0xFF, 0x00, 0x00, 0xFF, 0x00, 0x00, 0xFF, 0x00, 0x00, 0xFF, 0x00, 0x00, 0xFF, 0xFF,
    0xE0, 0xFF, 0xFF, 0xE0, 0xFF, 0xFF, 0xE0, 0xFF, 0xFF, 0xE0, 0xFF, 0xFF, 0xE0, 0xFF, 0xFF, 0xE0, 0xFF, 0x00, 0x00, 0xFF, 0x00, 0x00, 0xFF, 0x00,
    0x00, 0xFF, 0x00, 0x00, 0xFF, 0x00, 0x00, 0xFF, 0x00, 0x00, 0xFF, 0x00, 0x00, 0xFF, 0x00, 0x00, 0xFF, 0x00, 0x00, 0xFF, 0xFF, 0xF0, 0xFF, 0xFF,
    0xF0, 0xFF, 0xFF, 0xF0, 0xFF, 0xFF, 0xF0, 0xFF, 0xFF, 0xF0, 0xFF, 0xFF, 0xF0, 0x03, 0xFC, 0x00, 0x03, 0xFE, 0x00, 0x07, 0xFF, 0x00, 0x0F, 0xFF,
    0x00, 0x1F, 0xDF, 0x80, 0x3F, 0x8F, 0xC0, 0x7E, 0x07, 0xE0, 0x7C, 0x03, 0xF0, 0x00, 0x00, 0x00, 0x00, 0x00, 0x00, 0xFF, 0xFF, 0xF0, 0xFF, 0xFF,
    0xF0, 0xFF, 0xFF, 0xF0, 0xFF, 0xFF, 0xF0, 0xFF, 0xFF, 0xF0, 0xFF, 0xFF, 0xF0, 0xFF, 0x00, 0x00, 0xFF, 0x00, 0x00, 0xFF, 0x00, 0x00, 0xFF, 0x00,
    0x00, 0xFF, 0x00, 0x00, 0xFF, 0x00, 0x00, 0xFF, 0x00, 0x00, 0xFF, 0x00, 0x00, 0xFF, 0xFF, 0xE0, 0xFF, 0xFF, 0xE0, 0xFF, 0xFF, 0xE0, 0xFF, 0xFF,
    0xE0, 0xFF, 0xFF, 0xE0, 0xFF, 0xFF, 0xE0, 0xFF, 0x00, 0x00, 0xFF, 0x00, 0x00, 0xFF, 0x00, 0x00, 0xFF, 0x00, 0x00, 0xFF, 0x00, 0x00, 0xFF, 0x00,
    0x00, 0xFF, 0x00, 0x00, 0xFF, 0x00, 0x00, 0xFF, 0x00, 0x00, 0xFF, 0xFF, 0xF0, 0xFF, 0xFF, 0xF0, 0xFF, 0xFF, 0xF0, 0xFF, 0xFF, 0xF0, 0xFF, 0xFF,
    0xF0, 0xFF, 0xFF, 0xF0, 0x1E, 0x03, 0x80, 0x3F, 0x07, 0xE0, 0x3F, 0x0F, 0xE0, 0x3F, 0x0F, 0xE0, 0x3F, 0x07, 0xE0, 0x1E, 0x07, 0xC0, 0x00, 0x00,
    0x00, 0x00, 0x00, 0x00, 0x00, 0x00, 0x00, 0xFF, 0xFF, 0xF0, 0xFF, 0xFF, 0xF0, 0xFF, 0xFF, 0xF0, 0xFF, 0xFF, 0xF0, 0xFF, 0xFF, 0xF0, 0xFF, 0xFF,
    0xF0, 0xFF, 0x00, 0x00, 0xFF, 0x00, 0x00, 0xFF, 0x00, 0x00, 0xFF, 0x00, 0x00, 0xFF, 0x00, 0x00, 0xFF, 0x00, 0x00, 0xFF, 0x00, 0x00, 0xFF, 0x00,
    0x00, 0xFF, 0xFF, 0xE0, 0xFF, 0xFF, 0xE0, 0xFF, 0xFF, 0xE0, 0xFF, 0xFF, 0xE0, 0xFF, 0xFF, 0xE0, 0xFF, 0xFF, 0xE0, 0xFF, 0x00, 0x00, 0xFF, 0x00,
    0x00, 0xFF, 0x00, 0x00, 0xFF, 0x00, 0x00, 0xFF, 0x00, 0x00, 0xFF, 0x00, 0x00, 0xFF, 0x00, 0x00, 0xFF, 0x00, 0x00, 0xFF, 0x00, 0x00, 0xFF, 0xFF,
    0xF0, 0xFF, 0xFF, 0xF0, 0xFF, 0xFF, 0xF0, 0xFF, 0xFF, 0xF0, 0xFF, 0xFF, 0xF0, 0xFF, 0xFF, 0xF0, 0xFF, 0x00, 0xFF, 0x80, 0x3F, 0x80, 0x1F, 0xC0,
    0x0F, 0xE0, 0x07, 0xF0, 0x03, 0xF0, 0x00, 0xF8, 0x00, 0x00, 0x00, 0x00, 0x7F, 0xFF, 0x7F, 0xFF, 0x7F, 0xFF, 0x7F, 0xFF, 0x7F, 0xFF, 0x1F, 0xFC,
    0x07, 0xF0, 0x07, 0xF0, 0x07, 0xF0, 0x07, 0xF0, 0x07, 0xF0, 0x07, 0xF0, 0x07, 0xF0, 0x07, 0xF0, 0x07, 0xF0, 0x07, 0xF0, 0x07, 0xF0, 0x07, 0xF0,
    0x07, 0xF0, 0x07, 0xF0, 0x07, 0xF0, 0x07, 0xF0, 0x07, 0xF0, 0x07, 0xF0, 0x07, 0xF0, 0x07, 0xF0, 0x07, 0xF0, 0x07, 0xF0, 0x07, 0xF0, 0x1F, 0xF8,
    0x7F, 0xFE, 0x7F, 0xFF, 0x7F, 0xFF, 0x7F, 0xFF, 0x7F, 0xFF, 0x01, 0xFF, 0x01, 0xFE, 0x03, 0xFC, 0x07, 0xF8, 0x07, 0xF0, 0x0F, 0xC0, 0x1F, 0x80,
    0x3F, 0x00, 0x00, 0x00, 0x00, 0x00, 0xFF, 0xFE, 0xFF, 0xFE, 0xFF, 0xFE, 0xFF, 0xFE, 0xFF, 0xFE, 0x3F, 0xF8, 0x0F, 0xE0, 0x0F, 0xE0, 0x0F, 0xE0,
    0x0F, 0xE0, 0x0F, 0xE0, 0x0F, 0xE0, 0x0F, 0xE0, 0x0F, 0xE0, 0x0F, 0xE0, 0x0F, 0xE0, 0x0F, 0xE0, 0x0F, 0xE0, 0x0F, 0xE0, 0x0F, 0xE0, 0x0F, 0xE0,
    0x0F, 0xE0, 0x0F, 0xE0, 0x0F, 0xE0, 0x0F, 0xE0, 0x0F, 0xE0, 0x0F, 0xE0, 0x0F, 0xE0, 0x0F, 0xE0, 0x3F, 0xF0, 0xFF, 0xFC, 0xFF, 0xFE, 0xFF, 0xFE,
    0xFF, 0xFE, 0xFF, 0xFE, 0x07, 0xF8, 0x00, 0x07, 0xFC, 0x00, 0x0F, 0xFE, 0x00, 0x1F, 0xFE, 0x00, 0x3F, 0xBF, 0x00, 0x7F, 0x1F, 0x80, 0xFC, 0x0F,
    0xC0, 0xF8, 0x07, 0xE0, 0x00, 0x00, 0x00, 0x00, 0x00, 0x00, 0x3F, 0xFF, 0x80, 0x3F, 0xFF, 0x80, 0x3F, 0xFF, 0x80, 0x3F, 0xFF, 0x80, 0x3F, 0xFF,
    0x80, 0x0F, 0xFE, 0x00, 0x03, 0xF8, 0x00, 0x03, 0xF8, 0x00, 0x03, 0xF8, 0x00, 0x03, 0xF8, 0x00, 0x03, 0xF8, 0x00, 0x03, 0xF8, 0x00, 0x03, 0xF8,
    0x00, 0x03, 0xF8, 0x00, 0x03, 0xF8, 0x00, 0x03, 0xF8, 0x00, 0x03, 0xF8, 0x00, 0x03, 0xF8, 0x00, 0x03, 0xF8, 0x00, 0x03, 0xF8, 0x00, 0x03, 0xF8,
    0x00, 0x03, 0xF8, 0x00, 0x03, 0xF8, 0x00, 0x03, 0xF8, 0x00, 0x03, 0xF8, 0x00, 0x03, 0xF8, 0x00, 0x03, 0xF8, 0x00, 0x03, 0xF8, 0x00, 0x03, 0xF8,
    0x00, 0x0F, 0xFC, 0x00, 0x3F, 0xFF, 0x00, 0x3F, 0xFF, 0x80, 0x3F, 0xFF, 0x80, 0x3F, 0xFF, 0x80, 0x3F, 0xFF, 0x80, 0x78, 0x1E, 0x00, 0xFC, 0x3F,
    0x00, 0xFC, 0x3F, 0x80, 0xFC, 0x3F, 0x80, 0xFC, 0x3F, 0x00, 0x78, 0x1E, 0x00, 0x00, 0x00, 0x00, 0x00, 0x00, 0x00, 0x00, 0x00, 0x00, 0x7F, 0xFF,
    0x00, 0x7F, 0xFF, 0x00, 0x7F, 0xFF, 0x00, 0x7F, 0xFF, 0x00, 0x7F, 0xFF, 0x00, 0x1F, 0xFC, 0x00, 0x07, 0xF0, 0x00, 0x07, 0xF0, 0x00, 0x07, 0xF0,
    0x00, 0x07, 0xF0, 0x00, 0x07, 0xF0, 0x00, 0x07, 0xF0, 0x00, 0x07, 0xF0, 0x00, 0x07, 0xF0, 0x00, 0x07, 0xF0, 0x00, 0x07, 0xF0, 0x00, 0x07, 0xF0,
    0x00, 0x07, 0xF0, 0x00, 0x07, 0xF0, 0x00, 0x07, 0xF0, 0x00, 0x07, 0xF0, 0x00, 0x07, 0xF0, 0x00, 0x07, 0xF0, 0x00, 0x07, 0xF0, 0x00, 0x07, 0xF0,
    0x00, 0x07, 0xF0, 0x00, 0x07, 0xF0, 0x00, 0x07, 0xF0, 0x00, 0x07, 0xF0, 0x00, 0x1F, 0xF8, 0x00, 0x7F, 0xFE, 0x00, 0x7F, 0xFF, 0x00, 0x7F, 0xFF,
    0x00, 0x7F, 0xFF, 0x00, 0x7F, 0xFF, 0x00, 0x00, 0x3E, 0x03, 0x80, 0x00, 0xFF, 0x87, 0x80, 0x01, 0xFF, 0xFF, 0x80, 0x01, 0xFF, 0xFF, 0x80, 0x03,
    0xFF, 0xFF, 0x00, 0x03, 0xC3, 0xFE, 0x00, 0x03, 0xC0, 0xF8, 0x00, 0x00, 0x00, 0x00, 0x00, 0x00, 0x00, 0x00, 0x00, 0xFF, 0xC0, 0x00, 0xFE, 0xFF,
    0xC0, 0x00, 0xFE, 0xFF, 0xE0, 0x00, 0xFE, 0xFF, 0xE0, 0x00, 0xFE, 0xFF, 0xF0, 0x00, 0xFE, 0xFF, 0xF8, 0x00, 0xFE, 0xFF, 0xF8, 0x00, 0xFE, 0xFF,
    0xFC, 0x00, 0xFE, 0xFF, 0xFC, 0x00, 0xFE, 0xFD, 0xFE, 0x00, 0xFE, 0xFC, 0xFE, 0x00, 0xFE, 0xFC, 0xFF, 0x00, 0xFE, 0xFE, 0x7F, 0x80, 0xFE, 0xFE,
    0x7F, 0x80, 0xFE, 0xFE, 0x3F, 0xC0, 0xFE, 0xFE, 0x3F, 0xC0, 0xFE, 0xFE, 0x1F, 0xE0, 0xFE, 0xFE, 0x0F, 0xE0, 0xFE, 0xFE, 0x0F, 0xF0, 0xFE, 0xFE,
    0x07, 0xF8, 0xFE, 0xFE, 0x07, 0xF8, 0xFE, 0xFE, 0x03, 0xFC, 0xFE, 0xFE, 0x03, 0xFC, 0xFE, 0xFE, 0x01, 0xFE, 0xFE, 0xFE, 0x00, 0xFE, 0xFE, 0xFE,
    0x00, 0xFF, 0xFE, 0xFE, 0x00, 0x7F, 0xFE, 0xFE, 0x00, 0x7F, 0xFE, 0xFE, 0x00, 0x3F, 0xFE, 0xFE, 0x00, 0x3F, 0xFE, 0xFE, 0x00, 0x1F, 0xFE, 0xFE,
    0x00, 0x1F, 0xFE, 0xFE, 0x00, 0x0F, 0xFE, 0xFE, 0x00, 0x07, 0xFE, 0xFE, 0x00, 0x07, 0xFE, 0x00, 0x7F, 0x80, 0x00, 0x00, 0x3F, 0xC0, 0x00, 0x00,
    0x1F, 0xC0, 0x00, 0x00, 0x0F, 0xE0, 0x00, 0x00, 0x07, 0xF0, 0x00, 0x00, 0x03, 0xF8, 0x00, 0x00, 0x01, 0xFC, 0x00, 0x00, 0x00, 0x7C, 0x00, 0x00,
    0x00, 0x00, 0x00, 0x00, 0x00, 0x80, 0x00, 0x00, 0x7F, 0xFE, 0x00, 0x01, 0xFF, 0xFF, 0x80, 0x03, 0xFF, 0xFF, 0xC0, 0x0F, 0xFF, 0xFF, 0xF0, 0x1F,
    0xFF, 0xFF, 0xF0, 0x1F, 0xF8, 0x1F, 0xF8, 0x3F, 0xE0, 0x07, 0xFC, 0x3F, 0xC0, 0x03, 0xFC, 0x7F, 0x80, 0x01, 0xFE, 0x7F, 0x80, 0x01, 0xFE, 0xFF,
    0x00, 0x00, 0xFE, 0xFF, 0x00, 0x00, 0xFF, 0xFF, 0x00, 0x00, 0xFF, 0xFF, 0x00, 0x00, 0xFF, 0xFF, 0x00, 0x00, 0xFF, 0xFE, 0x00, 0x00, 0xFF, 0xFE,
    0x00, 0x00, 0x7F, 0xFE, 0x00, 0x00, 0x7F, 0xFE, 0x00, 0x00, 0xFF, 0xFE, 0x00, 0x00, 0xFF, 0xFF, 0x00, 0x00, 0xFF, 0xFF, 0x00, 0x00, 0xFF, 0xFF,
    0x00, 0x00, 0xFF, 0xFF, 0x00, 0x00, 0xFF, 0x7F, 0x80, 0x01, 0xFE, 0x7F, 0x80, 0x01, 0xFE, 0x7F, 0xC0, 0x03, 0xFE, 0x3F, 0xE0, 0x07, 0xFC, 0x3F,
    0xF8, 0x1F, 0xFC, 0x1F, 0xFF, 0xFF, 0xF8, 0x0F, 0xFF, 0xFF, 0xF0, 0x07, 0xFF, 0xFF, 0xE0, 0x03, 0xFF, 0xFF, 0xC0, 0x00, 0xFF, 0xFF, 0x00, 0x00,
    0x1F, 0xF8, 0x00, 0x00, 0x00, 0x7F, 0xC0, 0x00, 0x00, 0x7F, 0x80, 0x00, 0x00, 0xFF, 0x00, 0x00, 0x01, 0xFE, 0x00, 0x00, 0x03, 0xF8, 0x00, 0x00,
    0x03, 0xF0, 0x00, 0x00, 0x07, 0xE0, 0x00, 0x00, 0x0F, 0xC0, 0x00, 0x00, 0x00, 0x00, 0x00, 0x00, 0x00, 0x80, 0x00, 0x00, 0x7F, 0xFE, 0x00, 0x01,
    0xFF, 0xFF, 0x80, 0x03, 0xFF, 0xFF, 0xC0, 0x0F, 0xFF, 0xFF, 0xF0, 0x1F, 0xFF, 0xFF, 0xF0, 0x1F, 0xF8, 0x1F, 0xF8, 0x3F, 0xE0, 0x07, 0xFC, 0x3F,
    0xC0, 0x03, 0xFC, 0x7F, 0x80, 0x01, 0xFE, 0x7F, 0x80, 0x01, 0xFE, 0xFF, 0x00, 0x00, 0xFE, 0xFF, 0x00, 0x00, 0xFF, 0xFF, 0x00, 0x00, 0xFF, 0xFF,
    0x00, 0x00, 0xFF, 0xFF, 0x00, 0x00, 0xFF, 0xFE, 0x00, 0x00, 0xFF, 0xFE, 0x00, 0x00, 0x7F, 0xFE, 0x00, 0x00, 0x7F, 0xFE, 0x00, 0x00, 0xFF, 0xFE,
    0x00, 0x00, 0xFF, 0xFF, 0x00, 0x00, 0xFF, 0xFF, 0x00, 0x00, 0xFF, 0xFF, 0x00, 0x00, 0xFF, 0xFF, 0x00, 0x00, 0xFF, 0x7F, 0x80, 0x01, 0xFE, 0x7F,
    0x80, 0x01, 0xFE, 0x7F, 0xC0, 0x03, 0xFE, 0x3F, 0xE0, 0x07, 0xFC, 0x3F, 0xF8, 0x1F, 0xFC, 0x1F, 0xFF, 0xFF, 0xF8, 0x0F, 0xFF, 0xFF, 0xF0, 0x07,
    0xFF, 0xFF, 0xE0, 0x03, 0xFF, 0xFF, 0xC0, 0x00, 0xFF, 0xFF, 0x00, 0x00, 0x1F, 0xF8, 0x00, 0x00, 0x0F, 0xF0, 0x00, 0x00, 0x1F, 0xF8, 0x00, 0x00,
    0x1F, 0xF8, 0x00, 0x00, 0x3F, 0xFC, 0x00, 0x00, 0x7F, 0xFE, 0x00, 0x00, 0xFC, 0x7F, 0x00, 0x01, 0xF8, 0x1F, 0x80, 0x03, 0xF0, 0x0F, 0xC0, 0x00,
    0x00, 0x00, 0x00, 0x00, 0x00, 0x80, 0x00, 0x00, 0x7F, 0xFE, 0x00, 0x01, 0xFF, 0xFF, 0x80, 0x03, 0xFF, 0xFF, 0xC0, 0x0F, 0xFF, 0xFF, 0xF0, 0x1F,
    0xFF, 0xFF, 0xF0, 0x1F, 0xF8, 0x1F, 0xF8, 0x3F, 0xE0, 0x07, 0xFC, 0x3F, 0xC0, 0x03, 0xFC, 0x7F, 0x80, 0x01, 0xFE, 0x7F, 0x80, 0x01, 0xFE, 0xFF,
    0x00, 0x00, 0xFE, 0xFF, 0x00, 0x00, 0xFF, 0xFF, 0x00, 0x00, 0xFF, 0xFF, 0x00, 0x00, 0xFF, 0xFF, 0x00, 0x00, 0xFF, 0xFE, 0x00, 0x00, 0xFF, 0xFE,
    0x00, 0x00, 0x7F, 0xFE, 0x00, 0x00, 0x7F, 0xFE, 0x00, 0x00, 0xFF, 0xFE, 0x00, 0x00, 0xFF, 0xFF, 0x00, 0x00, 0xFF, 0xFF, 0x00, 0x00, 0xFF, 0xFF,
    0x00, 0x00, 0xFF, 0xFF, 0x00, 0x00, 0xFF, 0x7F, 0x80, 0x01, 0xFE, 0x7F, 0x80, 0x01, 0xFE, 0x7F, 0xC0, 0x03, 0xFE, 0x3F, 0xE0, 0x07, 0xFC, 0x3F,
    0xF8, 0x1F, 0xFC, 0x1F, 0xFF, 0xFF, 0xF8, 0x0F, 0xFF, 0xFF, 0xF0, 0x07, 0xFF, 0xFF, 0xE0, 0x03, 0xFF, 0xFF, 0xC0, 0x00, 0xFF, 0xFF, 0x00, 0x00,
    0x1F, 0xF8, 0x00, 0x00, 0x3E, 0x03, 0xC0, 0x00, 0x7F, 0xC3, 0xC0, 0x00, 0xFF, 0xFF, 0xC0, 0x01, 0xFF, 0xFF, 0x80, 0x01, 0xFF, 0xFF, 0x80, 0x01,
    0xE1, 0xFF, 0x00, 0x01, 0xC0, 0x7C, 0x00, 0x00, 0x00, 0x00, 0x00, 0x00, 0x00, 0x80, 0x00, 0x00, 0x7F, 0xFE, 0x00, 0x01, 0xFF, 0xFF, 0x80, 0x03,
    0xFF, 0xFF, 0xC0, 0x0F, 0xFF, 0xFF, 0xF0, 0x1F, 0xFF, 0xFF, 0xF0, 0x1F, 0xF8, 0x1F, 0xF8, 0x3F, 0xE0, 0x07, 0xFC, 0x3F, 0xC0, 0x03, 0xFC, 0x7F,
    0x80, 0x01, 0xFE, 0x7F, 0x80, 0x01, 0xFE, 0xFF, 0x00, 0x00, 0xFE, 0xFF, 0x00, 0x00, 0xFF, 0xFF, 0x00, 0x00, 0xFF, 0xFF, 0x00, 0x00, 0xFF, 0xFF,
    0x00, 0x00, 0xFF, 0xFE, 0x00, 0x00, 0xFF, 0xFE, 0x00, 0x00, 0x7F, 0xFE, 0x00, 0x00, 0x7F, 0xFE, 0x00, 0x00, 0xFF, 0xFE, 0x00, 0x00, 0xFF, 0xFF,
    0x00, 0x00, 0xFF, 0xFF, 0x00, 0x00, 0xFF, 0xFF, 0x00, 0x00, 0xFF, 0xFF, 0x00, 0x00, 0xFF, 0x7F, 0x80, 0x01, 0xFE, 0x7F, 0x80, 0x01, 0xFE, 0x7F,
    0xC0, 0x03, 0xFE, 0x3F, 0xE0, 0x07, 0xFC, 0x3F, 0xF8, 0x1F, 0xFC, 0x1F, 0xFF, 0xFF, 0xF8, 0x0F, 0xFF, 0xFF, 0xF0, 0x07, 0xFF, 0xFF, 0xE0, 0x03,
    0xFF, 0xFF, 0xC0, 0x00, 0xFF, 0xFF, 0x00, 0x00, 0x1F, 0xF8, 0x00, 0x00, 0x78, 0x1E, 0x00, 0x00, 0xFC, 0x3F, 0x00, 0x00, 0xFC, 0x3F, 0x00, 0x00,
    0xFC, 0x3F, 0x80, 0x00, 0xFC, 0x3F, 0x00, 0x00, 0x78, 0x1E, 0x00, 0x00, 0x00, 0x00, 0x00, 0x00, 0x00, 0x00, 0x00, 0x00, 0x00, 0x80, 0x00, 0x00,
    0x7F, 0xFE, 0x00, 0x01, 0xFF, 0xFF, 0x80, 0x03, 0xFF, 0xFF, 0xC0, 0x0F, 0xFF, 0xFF, 0xF0, 0x1F, 0xFF, 0xFF, 0xF0, 0x1F, 0xF8, 0x1F, 0xF8, 0x3F,
    0xE0, 0x07, 0xFC, 0x3F, 0xC0, 0x03, 0xFC, 0x7F, 0x80, 0x01, 0xFE, 0x7F, 0x80, 0x01, 0xFE, 0xFF, 0x00, 0x00, 0xFE, 0xFF, 0x00, 0x00, 0xFF, 0xFF,
    0x00, 0x00, 0xFF, 0xFF, 0x00, 0x00, 0xFF, 0xFF, 0x00, 0x00, 0xFF, 0xFE, 0x00, 0x00, 0xFF, 0xFE, 0x00, 0x00, 0x7F, 0xFE, 0x00, 0x00, 0x7F, 0xFE,
    0x00, 0x00, 0xFF, 0xFE, 0x00, 0x00, 0xFF, 0xFF, 0x00, 0x00, 0xFF, 0xFF, 0x00, 0x00, 0xFF, 0xFF, 0x00, 0x00, 0xFF, 0xFF, 0x00, 0x00, 0xFF, 0x7F,
    0x80, 0x01, 0xFE, 0x7F, 0x80, 0x01, 0xFE, 0x7F, 0xC0, 0x03, 0xFE, 0x3F, 0xE0, 0x07, 0xFC, 0x3F, 0xF8, 0x1F, 0xFC, 0x1F, 0xFF, 0xFF, 0xF8, 0x0F,
    0xFF, 0xFF, 0xF0, 0x07, 0xFF, 0xFF, 0xE0, 0x03, 0xFF, 0xFF, 0xC0, 0x00, 0xFF, 0xFF, 0x00, 0x00, 0x1F, 0xF8, 0x00, 0x10, 0x00, 0x40, 0x38, 0x00,
    0x60, 0x3C, 0x00, 0xF0, 0x7E, 0x01, 0xF8, 0xFF, 0x03, 0xF8, 0x7F, 0x87, 0xF0, 0x3F, 0xCF, 0xE0, 0x1F, 0xFF, 0xC0, 0x0F, 0xFF, 0x80, 0x07, 0xFF,
    0x00, 0x03, 0xFE, 0x00, 0x01, 0xFE, 0x00, 0x03, 0xFF, 0x00, 0x07, 0xFF, 0x80, 0x0F, 0xFF, 0xC0, 0x1F, 0xDF, 0xE0, 0x3F, 0x8F, 0xF0, 0x7F, 0x07,
    0xF8, 0xFE, 0x01, 0xF8, 0x7C, 0x00, 0xF0, 0x38, 0x00, 0x60, 0x10, 0x00, 0x40, 0x00, 0x00, 0x00, 0x20, 0x00, 0x00, 0x80, 0x70, 0x00, 0x7F, 0xFE,
    0xFC, 0x01, 0xFF, 0xFF, 0xF8, 0x03, 0xFF, 0xFF, 0xF0, 0x0F, 0xFF, 0xFF, 0xF0, 0x1F, 0xFF, 0xFF, 0xF8, 0x1F, 0xF8, 0x3F, 0xF8, 0x3F, 0xE0, 0x0F,
    0xFC, 0x3F, 0xC0, 0x0F, 0xFE, 0x7F, 0x80, 0x1F, 0xFE, 0x7F, 0x80, 0x3F, 0xFE, 0xFF, 0x00, 0x3F, 0xFF, 0xFF, 0x00, 0x7E, 0xFF, 0xFF, 0x00, 0xFC,
    0xFF, 0xFF, 0x00, 0xF8, 0xFF, 0xFF, 0x01, 0xF8, 0xFF, 0xFE, 0x01, 0xF0, 0xFF, 0xFE, 0x03, 0xE0, 0x7F, 0xFE, 0x07, 0xE0, 0x7F, 0xFE, 0x07, 0xC0,
    0x7F, 0xFE, 0x0F, 0x80, 0xFF, 0xFF, 0x1F, 0x80, 0xFF, 0xFF, 0x1F, 0x00, 0xFF, 0xFF, 0x3E, 0x00, 0xFF, 0xFF, 0x7E, 0x00, 0xFF, 0x7F, 0xFC, 0x01,
    0xFE, 0x7F, 0xF8, 0x01, 0xFE, 0x7F, 0xF8, 0x03, 0xFE, 0x3F, 0xF0, 0x07, 0xFC, 0x3F, 0xF8, 0x1F, 0xF8, 0x1F, 0xFF, 0xFF, 0xF8, 0x0F, 0xFF, 0xFF,
    0xF0, 0x0F, 0xFF, 0xFF, 0xE0, 0x1F, 0xFF, 0xFF, 0xC0, 0x1F, 0xFF, 0xFF, 0x00, 0x3F, 0x1F, 0xF8, 0x00, 0x0E, 0x00, 0x00, 0x00, 0x04, 0x00, 0x00,
    0x00, 0x07, 0xFC, 0x00, 0x00, 0x03, 0xFC, 0x00, 0x00, 0x01, 0xFE, 0x00, 0x00, 0x00, 0xFF, 0x00, 0x00, 0x00, 0x3F, 0x80, 0x00, 0x00, 0x1F, 0x80,
    0x00, 0x00, 0x0F, 0xC0, 0x00, 0x00, 0x07, 0xE0, 0x00, 0x00, 0x00, 0x00, 0x00, 0x00, 0x00, 0x00, 0x00, 0xFE, 0x00, 0x07, 0xF0, 0xFE, 0x00, 0x07,
    0xF0, 0xFE, 0x00, 0x07, 0xF0, 0xFE, 0x00, 0x07, 0xF0, 0xFE, 0x00, 0x07, 0xF0, 0xFE, 0x00, 0x07, 0xF0, 0xFE, 0x00, 0x07, 0xF0, 0xFE, 0x00, 0x07,
    0xF0, 0xFE, 0x00, 0x07, 0xF0, 0xFE, 0x00, 0x07, 0xF0, 0xFE, 0x00, 0x07, 0xF0, 0xFE, 0x00, 0x07, 0xF0, 0xFE, 0x00, 0x07, 0xF0, 0xFE, 0x00, 0x07,
    0xF0, 0xFE, 0x00, 0x07, 0xF0, 0xFE, 0x00, 0x07, 0xF0, 0xFE, 0x00, 0x07, 0xF0, 0xFE, 0x00, 0x07, 0xF0, 0xFE, 0x00, 0x07, 0xF0, 0xFE, 0x00, 0x07,
    0xF0, 0xFE, 0x00, 0x07, 0xF0, 0xFE, 0x00, 0x07, 0xF0, 0xFE, 0x00, 0x07, 0xF0, 0xFE, 0x00, 0x07, 0xF0, 0xFF, 0x00, 0x07, 0xF0, 0xFF, 0x00, 0x0F,
    0xF0, 0x7F, 0x00, 0x0F, 0xF0, 0x7F, 0x80, 0x1F, 0xE0, 0x7F, 0xC0, 0x3F, 0xE0, 0x3F, 0xFF, 0xFF, 0xC0, 0x1F, 0xFF, 0xFF, 0x80, 0x0F, 0xFF, 0xFF,
    0x80, 0x07, 0xFF, 0xFE, 0x00, 0x03, 0xFF, 0xFC, 0x00, 0x00, 0x7F, 0xE0, 0x00, 0x00, 0x03, 0xFE, 0x00, 0x00, 0x03, 0xFC, 0x00, 0x00, 0x07, 0xF8,
    0x00, 0x00, 0x0F, 0xF0, 0x00, 0x00, 0x1F, 0xC0, 0x00, 0x00, 0x1F, 0x80, 0x00, 0x00, 0x3F, 0x00, 0x00, 0x00, 0x7E, 0x00, 0x00, 0x00, 0x00, 0x00,
    0x00, 0x00, 0x00, 0x00, 0x00, 0xFE, 0x00, 0x07, 0xF0, 0xFE, 0x00, 0x07, 0xF0, 0xFE, 0x00, 0x07, 0xF0, 0xFE, 0x00, 0x07, 0xF0, 0xFE, 0x00, 0x07,
    0xF0, 0xFE, 0x00, 0x07, 0xF0, 0xFE, 0x00, 0x07, 0xF0, 0xFE, 0x00, 0x07, 0xF0, 0xFE, 0x00, 0x07, 0xF0, 0xFE, 0x00, 0x07, 0xF0, 0xFE, 0x00, 0x07,
    0xF0, 0xFE, 0x00, 0x07, 0xF0, 0xFE, 0x00, 0x07, 0xF0, 0xFE, 0x00, 0x07, 0xF0, 0xFE, 0x00, 0x07, 0xF0, 0xFE, 0x00, 0x07, 0xF0, 0xFE, 0x00, 0x07,
    0xF0, 0xFE, 0x00, 0x07, 0xF0, 0xFE, 0x00, 0x07, 0xF0, 0xFE, 0x00, 0x07, 0xF0, 0xFE, 0x00, 0x07, 0xF0, 0xFE, 0x00, 0x07, 0xF0, 0xFE, 0x00, 0x07,
    0xF0, 0xFE, 0x00, 0x07, 0xF0, 0xFF, 0x00, 0x07, 0xF0, 0xFF, 0x00, 0x0F, 0xF0, 0x7F, 0x00, 0x0F, 0xF0, 0x7F, 0x80, 0x1F, 0xE0, 0x7F, 0xC0, 0x3F,
    0xE0, 0x3F, 0xFF, 0xFF, 0xC0, 0x1F, 0xFF, 0xFF, 0x80, 0x0F, 0xFF, 0xFF, 0x80, 0x07, 0xFF, 0xFE, 0x00, 0x03, 0xFF, 0xFC, 0x00, 0x00, 0x7F, 0xE0,
    0x00, 0x00, 0x3F, 0xC0, 0x00, 0x00, 0x7F, 0xE0, 0x00, 0x00, 0x7F, 0xE0, 0x00, 0x00, 0xFF, 0xF0, 0x00, 0x01, 0xFB, 0xF8, 0x00, 0x03, 0xF1, 0xFC,
    0x00, 0x07, 0xE0, 0x7E, 0x00, 0x0F, 0xC0, 0x3F, 0x00, 0x00, 0x00, 0x00, 0x00, 0x00, 0x00, 0x00, 0x00, 0xFE, 0x00, 0x07, 0xF0, 0xFE, 0x00, 0x07,
    0xF0, 0xFE, 0x00, 0x07, 0xF0, 0xFE, 0x00, 0x07, 0xF0, 0xFE, 0x00, 0x07, 0xF0, 0xFE, 0x00, 0x07, 0xF0, 0xFE, 0x00, 0x07, 0xF0, 0xFE, 0x00, 0x07,
    0xF0, 0xFE, 0x00, 0x07, 0xF0, 0xFE, 0x00, 0x07, 0xF0, 0xFE, 0x00, 0x07, 0xF0, 0xFE, 0x00, 0x07, 0xF0, 0xFE, 0x00, 0x07, 0xF0, 0xFE, 0x00, 0x07,
    0xF0, 0xFE, 0x00, 0x07, 0xF0, 0xFE, 0x00, 0x07, 0xF0, 0xFE, 0x00, 0x07, 0xF0, 0xFE, 0x00, 0x07, 0xF0, 0xFE, 0x00, 0x07, 0xF0, 0xFE, 0x00, 0x07,
    0xF0, 0xFE, 0x00, 0x07, 0xF0, 0xFE, 0x00, 0x07, 0xF0, 0xFE, 0x00, 0x07, 0xF0, 0xFE, 0x00, 0x07, 0xF0, 0xFF, 0x00, 0x07, 0xF0, 0xFF, 0x00, 0x0F,
    0xF0, 0x7F, 0x00, 0x0F, 0xF0, 0x7F, 0x80, 0x1F, 0xE0, 0x7F, 0xC0, 0x3F, 0xE0, 0x3F, 0xFF, 0xFF, 0xC0, 0x1F, 0xFF, 0xFF, 0x80, 0x0F, 0xFF, 0xFF,
    0x80, 0x07, 0xFF, 0xFE, 0x00, 0x03, 0xFF, 0xFC, 0x00, 0x00, 0x7F, 0xE0, 0x00, 0x01, 0xE0, 0x78, 0x00, 0x03, 0xF0, 0xFC, 0x00, 0x03, 0xF0, 0xFC,
    0x00, 0x03, 0xF0, 0xFE, 0x00, 0x03, 0xF0, 0xFC, 0x00, 0x01, 0xE0, 0x78, 0x00, 0x00, 0x00, 0x00, 0x00, 0x00, 0x00, 0x00, 0x00, 0x00, 0x00, 0x00,
    0x00, 0xFE, 0x00, 0x07, 0xF0, 0xFE, 0x00, 0x07, 0xF0, 0xFE, 0x00, 0x07, 0xF0, 0xFE, 0x00, 0x07, 0xF0, 0xFE, 0x00, 0x07, 0xF0, 0xFE, 0x00, 0x07,
    0xF0, 0xFE, 0x00, 0x07, 0xF0, 0xFE, 0x00, 0x07, 0xF0, 0xFE, 0x00, 0x07, 0xF0, 0xFE, 0x00, 0x07, 0xF0, 0xFE, 0x00, 0x07, 0xF0, 0xFE, 0x00, 0x07,
    0xF0, 0xFE, 0x00, 0x07, 0xF0, 0xFE, 0x00, 0x07, 0xF0, 0xFE, 0x00, 0x07, 0xF0, 0xFE, 0x00, 0x07, 0xF0, 0xFE, 0x00, 0x07, 0xF0, 0xFE, 0x00, 0x07,
    0xF0, 0xFE, 0x00, 0x07, 0xF0, 0xFE, 0x00, 0x07, 0xF0, 0xFE, 0x00, 0x07, 0xF0, 0xFE, 0x00, 0x07, 0xF0, 0xFE, 0x00, 0x07, 0xF0, 0xFE, 0x00, 0x07,
    0xF0, 0xFF, 0x00, 0x07, 0xF0, 0xFF, 0x00, 0x0F, 0xF0, 0x7F, 0x00, 0x0F, 0xF0, 0x7F, 0x80, 0x1F, 0xE0, 0x7F, 0xC0, 0x3F, 0xE0, 0x3F, 0xFF, 0xFF,
    0xC0, 0x1F, 0xFF, 0xFF, 0x80, 0x0F, 0xFF, 0xFF, 0x80, 0x07, 0xFF, 0xFE, 0x00, 0x03, 0xFF, 0xFC, 0x00, 0x00, 0x7F, 0xE0, 0x00, 0x00, 0x00, 0xFF,
    0x80, 0x00, 0x00, 0xFF, 0x00, 0x00, 0x01, 0xFE, 0x00, 0x00, 0x03, 0xFC, 0x00, 0x00, 0x07, 0xF0, 0x00, 0x00, 0x07, 0xE0, 0x00, 0x00, 0x0F, 0xC0,
    0x00, 0x00, 0x1F, 0x80, 0x00, 0x00, 0x00, 0x00, 0x00, 0x00, 0x00, 0x00, 0x00, 0xFF, 0x00, 0x03, 0xFC, 0x7F, 0x80, 0x07, 0xF8, 0x7F, 0x80, 0x07,
    0xF8, 0x3F, 0xC0, 0x0F, 0xF0, 0x3F, 0xC0, 0x0F, 0xF0, 0x1F, 0xE0, 0x1F, 0xE0, 0x1F, 0xE0, 0x1F, 0xE0, 0x0F, 0xF0, 0x3F, 0xC0, 0x0F, 0xF0, 0x3F,
    0xC0, 0x07, 0xF8, 0x7F, 0x80, 0x07, 0xF8, 0x7F, 0x80, 0x03, 0xFC, 0xFF, 0x00, 0x01, 0xFC, 0xFE, 0x00, 0x01, 0xFF, 0xFE, 0x00, 0x00, 0xFF, 0xFC,
    0x00, 0x00, 0xFF, 0xFC, 0x00, 0x00, 0x7F, 0xF8, 0x00, 0x00, 0x7F, 0xF8, 0x00, 0x00, 0x3F, 0xF0, 0x00, 0x00, 0x3F, 0xF0, 0x00, 0x00, 0x1F, 0xE0,
    0x00, 0x00, 0x1F, 0xE0, 0x00, 0x00, 0x1F, 0xE0, 0x00, 0x00, 0x1F, 0xE0, 0x00, 0x00, 0x1F, 0xE0, 0x00, 0x00, 0x1F, 0xE0, 0x00, 0x00, 0x1F, 0xE0,
    0x00, 0x00, 0x1F, 0xE0, 0x00, 0x00, 0x1F, 0xE0, 0x00, 0x00, 0x1F, 0xE0, 0x00, 0x00, 0x1F, 0xE0, 0x00, 0x00, 0x1F, 0xE0, 0x00, 0x00, 0x1F, 0xE0,
    0x00, 0x00, 0x1F, 0xE0, 0x00, 0x00, 0x1F, 0xE0, 0x00, 0x00, 0x7F, 0xC0, 0x00, 0x03, 0xFF, 0xF8, 0x00, 0x0F, 0xFF, 0xFE, 0x00, 0x1F, 0xFF, 0xFF,
    0x00, 0x3F, 0xFF, 0xFF, 0x80, 0x3F, 0xFF, 0xFF, 0x80, 0x7F, 0xC0, 0x7F, 0xC0, 0x7F, 0x80, 0x3F, 0xC0, 0x7F, 0x00, 0x3F, 0xC0, 0xFF, 0x00, 0x3F,
    0xC0, 0xFF, 0x00, 0x3F, 0x80, 0xFF, 0x00, 0x7F, 0x80, 0xFF, 0x00, 0xFF, 0x00, 0xFF, 0x01, 0xFE, 0x00, 0xFF, 0x07, 0xFC, 0x00, 0xFF, 0x07, 0xF8,
    0x00, 0xFF, 0x0F, 0xF0, 0x00, 0xFF, 0x0F, 0xE0, 0x00, 0xFF, 0x0F, 0xF0, 0x00, 0xFF, 0x0F, 0xF8, 0x00, 0xFF, 0x07, 0xFE, 0x00, 0xFF, 0x07, 0xFF,
    0x80, 0xFF, 0x01, 0xFF, 0xC0, 0xFF, 0x00, 0xFF, 0xE0, 0xFF, 0x00, 0x3F, 0xF0, 0xFF, 0x00, 0x1F, 0xF0, 0xFF, 0x00, 0x07, 0xF8, 0xFF, 0x00, 0x07,
    0xF8, 0xFF, 0x00, 0x03, 0xF8, 0xFF, 0x00, 0x07, 0xF8, 0xFF, 0x18, 0x07, 0xF8, 0xFF, 0x1F, 0xFF, 0xF8, 0xFF, 0x1F, 0xFF, 0xF0, 0xFF, 0x1F, 0xFF,
    0xF0, 0xFF, 0x1F, 0xFF, 0xE0, 0xFF, 0x1F, 0xFF, 0xC0, 0xFF, 0x07, 0xFE, 0x00, 0x07, 0xF8, 0x00, 0x03, 0xFC, 0x00, 0x01, 0xFE, 0x00, 0x00, 0xFF,
    0x00, 0x00, 0x7F, 0x00, 0x00, 0x1F, 0x80, 0x00, 0x0F, 0xC0, 0x00, 0x07, 0xE0, 0x00, 0x00, 0x00, 0x00, 0x00, 0x00, 0x00, 0xFF, 0x80, 0x07, 0xFF,
    0xF0, 0x1F, 0xFF, 0xF8, 0x1F, 0xFF, 0xFC, 0x0F, 0xFF, 0xFC, 0x0F, 0xFF, 0xFE, 0x0E, 0x01, 0xFE, 0x00, 0x00, 0xFE, 0x00, 0x00, 0xFE, 0x00, 0x00,
    0xFE, 0x01, 0xFF, 0xFE, 0x0F, 0xFF, 0xFE, 0x3F, 0xFF, 0xFE, 0x7F, 0xFF, 0xFE, 0x7F, 0xC0, 0xFE, 0xFF, 0x00, 0xFE, 0xFF, 0x00, 0xFE, 0xFE, 0x00,
    0xFE, 0xFE, 0x00, 0xFE, 0xFF, 0x01, 0xFE, 0xFF, 0x03, 0xFE, 0xFF, 0xFF, 0xFE, 0x7F, 0xFF, 0xFE, 0x7F, 0xFF, 0x7E, 0x3F, 0xFE, 0x7E, 0x1F, 0xFC,
    0x3E, 0x07, 0xF0, 0x3E, 0x00, 0x03, 0xFC, 0x00, 0x07, 0xF8, 0x00, 0x0F, 0xF0, 0x00, 0x0F, 0xE0, 0x00, 0x1F, 0xC0, 0x00, 0x3F, 0x80, 0x00, 0x7E,
    0x00, 0x00, 0x7C, 0x00, 0x00, 0x00, 0x00, 0x00, 0x00, 0x00, 0x00, 0xFF, 0x80, 0x07, 0xFF, 0xF0, 0x1F, 0xFF, 0xF8, 0x1F, 0xFF, 0xFC, 0x0F, 0xFF,
    0xFC, 0x0F, 0xFF, 0xFE, 0x0E, 0x01, 0xFE, 0x00, 0x00, 0xFE, 0x00, 0x00, 0xFE, 0x00, 0x00, 0xFE, 0x01, 0xFF, 0xFE, 0x0F, 0xFF, 0xFE, 0x3F, 0xFF,
    0xFE, 0x7F, 0xFF, 0xFE, 0x7F, 0xC0, 0xFE, 0xFF, 0x00, 0xFE, 0xFF, 0x00, 0xFE, 0xFE, 0x00, 0xFE, 0xFE, 0x00, 0xFE, 0xFF, 0x01, 0xFE, 0xFF, 0x03,
    0xFE, 0xFF, 0xFF, 0xFE, 0x7F, 0xFF, 0xFE, 0x7F, 0xFF, 0x7E, 0x3F, 0xFE, 0x7E, 0x1F, 0xFC, 0x3E, 0x07, 0xF0, 0x3E, 0x00, 0xFF, 0x00, 0x00, 0xFF,
    0x80, 0x01, 0xFF, 0xC0, 0x03, 0xFF, 0xE0, 0x07, 0xF7, 0xE0, 0x0F, 0xE3, 0xF0, 0x0F, 0xC1, 0xF8, 0x1F, 0x00, 0xFC, 0x00, 0x00, 0x00, 0x00, 0x00,
    0x00, 0x00, 0xFF, 0x80, 0x07, 0xFF, 0xF0, 0x1F, 0xFF, 0xF8, 0x1F, 0xFF, 0xFC, 0x0F, 0xFF, 0xFC, 0x0F, 0xFF, 0xFE, 0x0E, 0x01, 0xFE, 0x00, 0x00,
    0xFE, 0x00, 0x00, 0xFE, 0x00, 0x00, 0xFE, 0x01, 0xFF, 0xFE, 0x0F, 0xFF, 0xFE, 0x3F, 0xFF, 0xFE, 0x7F, 0xFF, 0xFE, 0x7F, 0xC0, 0xFE, 0xFF, 0x00,
    0xFE, 0xFF, 0x00, 0xFE, 0xFE, 0x00, 0xFE, 0xFE, 0x00, 0xFE, 0xFF, 0x01, 0xFE, 0xFF, 0x03, 0xFE, 0xFF, 0xFF, 0xFE, 0x7F, 0xFF, 0xFE, 0x7F, 0xFF,
    0x7E, 0x3F, 0xFE, 0x7E, 0x1F, 0xFC, 0x3E, 0x07, 0xF0, 0x3E, 0x01, 0xF0, 0x1C, 0x07, 0xFC, 0x3C, 0x0F, 0xFF, 0xFC, 0x0F, 0xFF, 0xFC, 0x1F, 0xFF,
    0xF8, 0x1E, 0x1F, 0xF0, 0x1E, 0x07, 0xC0, 0x00, 0x00, 0x00, 0x00, 0x00, 0x00, 0x00, 0xFF, 0x80, 0x07, 0xFF, 0xF0, 0x1F, 0xFF, 0xF8, 0x1F, 0xFF,
    0xFC, 0x0F, 0xFF, 0xFC, 0x0F, 0xFF, 0xFE, 0x0E, 0x01, 0xFE, 0x00, 0x00, 0xFE, 0x00, 0x00, 0xFE, 0x00, 0x00, 0xFE, 0x01, 0xFF, 0xFE, 0x0F, 0xFF,
    0xFE, 0x3F, 0xFF, 0xFE, 0x7F, 0xFF, 0xFE, 0x7F, 0xC0, 0xFE, 0xFF, 0x00, 0xFE, 0xFF, 0x00, 0xFE, 0xFE, 0x00, 0xFE, 0xFE, 0x00, 0xFE, 0xFF, 0x01,
    0xFE, 0xFF, 0x03, 0xFE, 0xFF, 0xFF, 0xFE, 0x7F, 0xFF, 0xFE, 0x7F, 0xFF, 0x7E, 0x3F, 0xFE, 0x7E, 0x1F, 0xFC, 0x3E, 0x07, 0xF0, 0x3E, 0x07, 0x80,
    0xF0, 0x0F, 0xC1, 0xF8, 0x0F, 0xC3, 0xF8, 0x0F, 0xE3, 0xF8, 0x0F, 0xC1, 0xF8, 0x07, 0x80, 0xF0, 0x00, 0x00, 0x00, 0x00, 0x00, 0x00, 0x00, 0x00,
    0x00, 0x00, 0xFF, 0x80, 0x07, 0xFF, 0xF0, 0x1F, 0xFF, 0xF8, 0x1F, 0xFF, 0xFC, 0x0F, 0xFF, 0xFC, 0x0F, 0xFF, 0xFE, 0x0E, 0x01, 0xFE, 0x00, 0x00,
    0xFE, 0x00, 0x00, 0xFE, 0x00, 0x00, 0xFE, 0x01, 0xFF, 0xFE, 0x0F, 0xFF, 0xFE, 0x3F, 0xFF, 0xFE, 0x7F, 0xFF, 0xFE, 0x7F, 0xC0, 0xFE, 0xFF, 0x00,
    0xFE, 0xFF, 0x00, 0xFE, 0xFE, 0x00, 0xFE, 0xFE, 0x00, 0xFE, 0xFF, 0x01, 0xFE, 0xFF, 0x03, 0xFE, 0xFF, 0xFF, 0xFE, 0x7F, 0xFF, 0xFE, 0x7F, 0xFF,
    0x7E, 0x3F, 0xFE, 0x7E, 0x1F, 0xFC, 0x3E, 0x07, 0xF0, 0x3E, 0x00, 0x3E, 0x00, 0x00, 0xFF, 0x80, 0x01, 0xFF, 0x80, 0x01, 0xE3, 0xC0, 0x01, 0xC3,
    0xC0, 0x03, 0xC1, 0xC0, 0x01, 0xC3, 0xC0, 0x01, 0xE3, 0xC0, 0x01, 0xFF, 0x80, 0x00, 0xFF, 0x80, 0x00, 0x3E, 0x00, 0x00, 0x00, 0x00, 0x00, 0x00,
    0x00, 0x00, 0xFF, 0x80, 0x07, 0xFF, 0xF0, 0x1F, 0xFF, 0xF8, 0x1F, 0xFF, 0xFC, 0x0F, 0xFF, 0xFC, 0x0F, 0xFF, 0xFE, 0x0E, 0x01, 0xFE, 0x00, 0x00,
    0xFE, 0x00, 0x00, 0xFE, 0x00, 0x00, 0xFE, 0x01, 0xFF, 0xFE, 0x0F, 0xFF, 0xFE, 0x3F, 0xFF, 0xFE, 0x7F, 0xFF, 0xFE, 0x7F, 0xC0, 0xFE, 0xFF, 0x00,
    0xFE, 0xFF, 0x00, 0xFE, 0xFE, 0x00, 0xFE, 0xFE, 0x00, 0xFE, 0xFF, 0x01, 0xFE, 0xFF, 0x03, 0xFE, 0xFF, 0xFF, 0xFE, 0x7F, 0xFF, 0xFE, 0x7F, 0xFF,
    0x7E, 0x3F, 0xFE, 0x7E, 0x1F, 0xFC, 0x3E, 0x07, 0xF0, 0x3E, 0x00, 0xFF, 0x00, 0x7F, 0x00, 0x0F, 0xFF, 0xC1, 0xFF, 0xE0, 0x3F, 0xFF, 0xF7, 0xFF,
    0xF0, 0x1F, 0xFF, 0xFF, 0xFF, 0xF8, 0x1F, 0xFF, 0xFF, 0xFF, 0xFC, 0x0F, 0xFF, 0xFF, 0xFF, 0xFE, 0x0E, 0x01, 0xFF, 0x80, 0xFE, 0x00, 0x00, 0xFF,
    0x00, 0x7E, 0x00, 0x00, 0xFE, 0x00, 0x7F, 0x00, 0x00, 0xFE, 0x00, 0x7F, 0x03, 0xFF, 0xFF, 0xFF, 0xFF, 0x0F, 0xFF, 0xFF, 0xFF, 0xFF, 0x3F, 0xFF,
    0xFF, 0xFF, 0xFF, 0x7F, 0xFF, 0xFF, 0xFF, 0xFF, 0x7F, 0xC0, 0xFF, 0xFF, 0xFF, 0xFF, 0x00, 0xFE, 0x00, 0x00, 0xFF, 0x00, 0xFE, 0x00, 0x00, 0xFE,
    0x00, 0xFE, 0x00, 0x00, 0xFE, 0x01, 0xFF, 0x00, 0x00, 0xFE, 0x01, 0xFF, 0x80, 0x02, 0xFF, 0x03, 0xFF, 0xC0, 0x0C, 0xFF, 0xFF, 0xFF, 0xFF, 0xFC,
    0x7F, 0xFF, 0xFF, 0xFF, 0xFC, 0x7F, 0xFF, 0xCF, 0xFF, 0xFC, 0x3F, 0xFF, 0x87, 0xFF, 0xFC, 0x1F, 0xFE, 0x01, 0xFF, 0xFC, 0x07, 0xF8, 0x00, 0x7F,
    0xE0, 0x00, 0x7F, 0xC0, 0x03, 0xFF, 0xF8, 0x07, 0xFF, 0xF8, 0x0F, 0xFF, 0xF8, 0x1F, 0xFF, 0xF0, 0x3F, 0xFF, 0xF0, 0x3F, 0xC0, 0x30, 0x7F, 0x80,
    0x00, 0x7F, 0x80, 0x00, 0x7F, 0x00, 0x00, 0xFF, 0x00, 0x00, 0xFF, 0x00, 0x00, 0xFF, 0x00, 0x00, 0xFF, 0x00, 0x00, 0xFF, 0x00, 0x00, 0xFF, 0x00,
    0x00, 0xFF, 0x00, 0x00, 0x7F, 0x00, 0x00, 0x7F, 0x80, 0x00, 0x7F, 0x80, 0x08, 0x7F, 0xC0, 0x38, 0x3F, 0xFF, 0xF8, 0x1F, 0xFF, 0xF8, 0x1F, 0xFF,
    0xF8, 0x07, 0xFF, 0xF8, 0x03, 0xFF, 0xF0, 0x00, 0x7F, 0x80, 0x00, 0x3C, 0x00, 0x00, 0x3C, 0x00, 0x00, 0x7C, 0x00, 0x00, 0x7F, 0x00, 0x00, 0x3F,
    0x80, 0x00, 0x0F, 0xC0, 0x00, 0x0F, 0xC0, 0x00, 0x0F, 0xC0, 0x01, 0xFF, 0x80, 0x01, 0xFF, 0x80, 0x01, 0xFF, 0x00, 0x01, 0xFC, 0x00, 0x07, 0xF8,
    0x00, 0x03, 0xFC, 0x00, 0x01, 0xFE, 0x00, 0x00, 0xFF, 0x00, 0x00, 0x7F, 0x00, 0x00, 0x1F, 0x80, 0x00, 0x0F, 0xC0, 0x00, 0x07, 0xE0, 0x00, 0x00,
    0x00, 0x00, 0x00, 0x00, 0x00, 0x7F, 0x80, 0x03, 0xFF, 0xE0, 0x07, 0xFF, 0xF8, 0x0F, 0xFF, 0xFC, 0x1F, 0xFF, 0xFE, 0x3F, 0xFF, 0xFE, 0x3F, 0xC0,
    0xFF, 0x7F, 0x80, 0x7F, 0x7F, 0x00, 0x7F, 0x7F, 0x00, 0x3F, 0xFF, 0xFF, 0xFF, 0xFF, 0xFF, 0xFF, 0xFF, 0xFF, 0xFF, 0xFF, 0xFF, 0xFF, 0xFF, 0xFF,
    0xFF, 0xFF, 0x00, 0x00, 0xFF, 0x00, 0x00, 0x7F, 0x00, 0x00, 0x7F, 0x80, 0x00, 0x7F, 0x80, 0x02, 0x3F, 0xC0, 0x0E, 0x3F, 0xFF, 0xFE, 0x1F, 0xFF,
    0xFE, 0x0F, 0xFF, 0xFE, 0x07, 0xFF, 0xFE, 0x01, 0xFF, 0xFC, 0x00, 0x7F, 0xE0, 0x00, 0x03, 0xFC, 0x00, 0x07, 0xF8, 0x00, 0x0F, 0xF0, 0x00, 0x0F,
    0xE0, 0x00, 0x1F, 0xC0, 0x00, 0x3F, 0x80, 0x00, 0x7E, 0x00, 0x00, 0x7C, 0x00, 0x00, 0x00, 0x00, 0x00, 0x00, 0x00, 0x00, 0x7F, 0x80, 0x03, 0xFF,
    0xE0, 0x07, 0xFF, 0xF8, 0x0F, 0xFF, 0xFC, 0x1F, 0xFF, 0xFE, 0x3F, 0xFF, 0xFE, 0x3F, 0xC0, 0xFF, 0x7F, 0x80, 0x7F, 0x7F, 0x00, 0x7F, 0x7F, 0x00,
    0x3F, 0xFF, 0xFF, 0xFF, 0xFF, 0xFF, 0xFF, 0xFF, 0xFF, 0xFF, 0xFF, 0xFF, 0xFF, 0xFF, 0xFF, 0xFF, 0xFF, 0x00, 0x00, 0xFF, 0x00, 0x00, 0x7F, 0x00,
    0x00, 0x7F, 0x80, 0x00, 0x7F, 0x80, 0x02, 0x3F, 0xC0, 0x0E, 0x3F, 0xFF, 0xFE, 0x1F, 0xFF, 0xFE, 0x0F, 0xFF, 0xFE, 0x07, 0xFF, 0xFE, 0x01, 0xFF,
    0xFC, 0x00, 0x7F, 0xE0, 0x00, 0xFF, 0x00, 0x00, 0xFF, 0x80, 0x01, 0xFF, 0xC0, 0x03, 0xFF, 0xE0, 0x07, 0xF7, 0xE0, 0x0F, 0xE3, 0xF0, 0x0F, 0xC1,
    0xF8, 0x1F, 0x00, 0xFC, 0x00, 0x00, 0x00, 0x00, 0x00, 0x00, 0x00, 0x7F, 0x80, 0x03, 0xFF, 0xE0, 0x07, 0xFF, 0xF8, 0x0F, 0xFF, 0xFC, 0x1F, 0xFF,
    0xFE, 0x3F, 0xFF, 0xFE, 0x3F, 0xC0, 0xFF, 0x7F, 0x80, 0x7F, 0x7F, 0x00, 0x7F, 0x7F, 0x00, 0x3F, 0xFF, 0xFF, 0xFF, 0xFF, 0xFF, 0xFF, 0xFF, 0xFF,
    0xFF, 0xFF, 0xFF, 0xFF, 0xFF, 0xFF, 0xFF, 0xFF, 0x00, 0x00, 0xFF, 0x00, 0x00, 0x7F, 0x00, 0x00, 0x7F, 0x80, 0x00, 0x7F, 0x80, 0x02, 0x3F, 0xC0,
    0x0E, 0x3F, 0xFF, 0xFE, 0x1F, 0xFF, 0xFE, 0x0F, 0xFF, 0xFE, 0x07, 0xFF, 0xFE, 0x01, 0xFF, 0xFC, 0x00, 0x7F, 0xE0, 0x07, 0x80, 0xF0, 0x0F, 0xC1,
    0xF8, 0x0F, 0xC3, 0xF8, 0x0F, 0xE3, 0xF8, 0x0F, 0xC1, 0xF8, 0x07, 0x80, 0xF0, 0x00, 0x00, 0x00, 0x00, 0x00, 0x00, 0x00, 0x00, 0x00, 0x00, 0x7F,
    0x80, 0x03, 0xFF, 0xE0, 0x07, 0xFF, 0xF8, 0x0F, 0xFF, 0xFC, 0x1F, 0xFF, 0xFE, 0x3F, 0xFF, 0xFE, 0x3F, 0xC0, 0xFF, 0x7F, 0x80, 0x7F, 0x7F, 0x00,
    0x7F, 0x7F, 0x00, 0x3F, 0xFF, 0xFF, 0xFF, 0xFF, 0xFF, 0xFF, 0xFF, 0xFF, 0xFF, 0xFF, 0xFF, 0xFF, 0xFF, 0xFF, 0xFF, 0xFF, 0x00, 0x00, 0xFF, 0x00,
    0x00, 0x7F, 0x00, 0x00, 0x7F, 0x80, 0x00, 0x7F, 0x80, 0x02, 0x3F, 0xC0, 0x0E, 0x3F, 0xFF, 0xFE, 0x1F, 0xFF, 0xFE, 0x0F, 0xFF, 0xFE, 0x07, 0xFF,
    0xFE, 0x01, 0xFF, 0xFC, 0x00, 0x7F, 0xE0, 0xFF, 0x00, 0x7F, 0x80, 0x3F, 0xC0, 0x1F, 0xC0, 0x0F, 0xE0, 0x07, 0xF0, 0x01, 0xF8, 0x00, 0xF8, 0x00,
    0x00, 0x00, 0x00, 0x0F, 0xE0, 0x0F, 0xE0, 0x0F, 0xE0, 0x0F, 0xE0, 0x0F, 0xE0, 0x0F, 0xE0, 0x0F, 0xE0, 0x0F, 0xE0, 0x0F, 0xE0, 0x0F, 0xE0, 0x0F,
    0xE0, 0x0F, 0xE0, 0x0F, 0xE0, 0x0F, 0xE0, 0x0F, 0xE0, 0x0F, 0xE0, 0x0F, 0xE0, 0x0F, 0xE0, 0x0F, 0xE0, 0x0F, 0xE0, 0x0F, 0xE0, 0x0F, 0xE0, 0x0F,
    0xE0, 0x0F, 0xE0, 0x0F, 0xE0, 0x0F, 0xE0, 0x0F, 0xE0, 0x03, 0xFC, 0x07, 0xF8, 0x0F, 0xF0, 0x1F, 0xE0, 0x1F, 0xC0, 0x3F, 0x00, 0x7E, 0x00, 0xFC,
    0x00, 0x00, 0x00, 0x00, 0x00, 0x7F, 0x00, 0x7F, 0x00, 0x7F, 0x00, 0x7F, 0x00, 0x7F, 0x00, 0x7F, 0x00, 0x7F, 0x00, 0x7F, 0x00, 0x7F, 0x00, 0x7F,
    0x00, 0x7F, 0x00, 0x7F, 0x00, 0x7F, 0x00, 0x7F, 0x00, 0x7F, 0x00, 0x7F, 0x00, 0x7F, 0x00, 0x7F, 0x00, 0x7F, 0x00, 0x7F, 0x00, 0x7F, 0x00, 0x7F,
    0x00, 0x7F, 0x00, 0x7F, 0x00, 0x7F, 0x00, 0x7F, 0x00, 0x7F, 0x00, 0x07, 0xF8, 0x00, 0x07, 0xFC, 0x00, 0x0F, 0xFE, 0x00, 0x1F, 0xFE, 0x00, 0x3F,
    0xBF, 0x00, 0x7F, 0x1F, 0x80, 0xFC, 0x0F, 0xC0, 0xF8, 0x07, 0xE0, 0x00, 0x00, 0x00, 0x00, 0x00, 0x00, 0x03, 0xF8, 0x00, 0x03, 0xF8, 0x00, 0x03,
    0xF8, 0x00, 0x03, 0xF8, 0x00, 0x03, 0xF8, 0x00, 0x03, 0xF8, 0x00, 0x03, 0xF8, 0x00, 0x03, 0xF8, 0x00, 0x03, 0xF8, 0x00, 0x03, 0xF8, 0x00, 0x03,
    0xF8, 0x00, 0x03, 0xF8, 0x00, 0x03, 0xF8, 0x00, 0x03, 0xF8, 0x00, 0x03, 0xF8, 0x00, 0x03, 0xF8, 0x00, 0x03, 0xF8, 0x00, 0x03, 0xF8, 0x00, 0x03,
    0xF8, 0x00, 0x03, 0xF8, 0x00, 0x03, 0xF8, 0x00, 0x03, 0xF8, 0x00, 0x03, 0xF8, 0x00, 0x03, 0xF8, 0x00, 0x03, 0xF8, 0x00, 0x03, 0xF8, 0x00, 0x03,
    0xF8, 0x00, 0x78, 0x1E, 0x00, 0xFC, 0x3F, 0x00, 0xFC, 0x3F, 0x80, 0xFC, 0x3F, 0x80, 0xFC, 0x3F, 0x00, 0x78, 0x1E, 0x00, 0x00, 0x00, 0x00, 0x00,
    0x00, 0x00, 0x00, 0x00, 0x00, 0x07, 0xF0, 0x00, 0x07, 0xF0, 0x00, 0x07, 0xF0, 0x00, 0x07, 0xF0, 0x00, 0x07, 0xF0, 0x00, 0x07, 0xF0, 0x00, 0x07,
    0xF0, 0x00, 0x07, 0xF0, 0x00, 0x07, 0xF0, 0x00, 0x07, 0xF0, 0x00, 0x07, 0xF0, 0x00, 0x07, 0xF0, 0x00, 0x07, 0xF0, 0x00, 0x07, 0xF0, 0x00, 0x07,
    0xF0, 0x00, 0x07, 0xF0, 0x00, 0x07, 0xF0, 0x00, 0x07, 0xF0, 0x00, 0x07, 0xF0, 0x00, 0x07, 0xF0, 0x00, 0x07, 0xF0, 0x00, 0x07, 0xF0, 0x00, 0x07,
    0xF0, 0x00, 0x07, 0xF0, 0x00, 0x07, 0xF0, 0x00, 0x07, 0xF0, 0x00, 0x07, 0xF0, 0x00, 0x01, 0xF0, 0x1E, 0x00, 0x07, 0xFC, 0x3C, 0x00, 0x07, 0xFF,
    0xFC, 0x00, 0x0F, 0xFF, 0xFC, 0x00, 0x0F, 0xFF, 0xF8, 0x00, 0x1F, 0x1F, 0xF0, 0x00, 0x1E, 0x03, 0xE0, 0x00, 0x00, 0x00, 0x00, 0x00, 0x00, 0x00,
    0x00, 0x00, 0xFC, 0x0F, 0xE0, 0x00, 0xFC, 0x3F, 0xF8, 0x00, 0xFE, 0xFF, 0xFC, 0x00, 0xFE, 0xFF, 0xFE, 0x00, 0xFF, 0xFF, 0xFF, 0x00, 0xFF, 0xFF,
    0xFF, 0x00, 0xFF, 0xC0, 0xFF, 0x00, 0xFF, 0x80, 0x7F, 0x80, 0xFF, 0x80, 0x7F, 0x80, 0xFF, 0x00, 0x7F, 0x80, 0xFF, 0x00, 0x3F, 0x80, 0xFF, 0x00,
    0x3F, 0x80, 0xFF, 0x00, 0x3F, 0x80, 0xFF, 0x00, 0x3F, 0x80, 0xFF, 0x00, 0x3F, 0x80, 0xFF, 0x00, 0x3F, 0x80, 0xFF, 0x00, 0x3F, 0x80, 0xFF, 0x00,
    0x3F, 0x80, 0xFF, 0x00, 0x3F, 0x80, 0xFF, 0x00, 0x3F, 0x80, 0xFF, 0x00, 0x3F, 0x80, 0xFF, 0x00, 0x3F, 0x80, 0xFF, 0x00, 0x3F, 0x80, 0xFF, 0x00,
    0x3F, 0x80, 0xFF, 0x00, 0x3F, 0x80, 0xFF, 0x00, 0x3F, 0x80, 0xFF, 0x00, 0x3F, 0x80, 0x03, 0xFC, 0x00, 0x00, 0x01, 0xFE, 0x00, 0x00, 0x00, 0xFF,
    0x00, 0x00, 0x00, 0x7F, 0x00, 0x00, 0x00, 0x3F, 0x80, 0x00, 0x00, 0x1F, 0xC0, 0x00, 0x00, 0x0F, 0xE0, 0x00, 0x00, 0x03, 0xE0, 0x00, 0x00, 0x00,
    0x00, 0x00, 0x00, 0x00, 0x00, 0x00, 0x00, 0x7F, 0x80, 0x00, 0x03, 0xFF, 0xF0, 0x00, 0x07, 0xFF, 0xF8, 0x00, 0x0F, 0xFF, 0xFC, 0x00, 0x1F, 0xFF,
    0xFE, 0x00, 0x3F, 0xFF, 0xFF, 0x00, 0x3F, 0xC0, 0xFF, 0x00, 0x7F, 0x80, 0x7F, 0x80, 0x7F, 0x00, 0x7F, 0x80, 0x7F, 0x00, 0x3F, 0x80, 0xFF, 0x00,
    0x3F, 0x80, 0xFF, 0x00, 0x3F, 0xC0, 0xFF, 0x00, 0x3F, 0xC0, 0xFF, 0x00, 0x3F, 0xC0, 0xFF, 0x00, 0x3F, 0xC0, 0xFF, 0x00, 0x3F, 0xC0, 0xFF, 0x00,
    0x3F, 0x80, 0x7F, 0x00, 0x3F, 0x80, 0x7F, 0x00, 0x7F, 0x80, 0x7F, 0x80, 0x7F, 0x80, 0x3F, 0xC0, 0xFF, 0x00, 0x3F, 0xFF, 0xFF, 0x00, 0x1F, 0xFF,
    0xFE, 0x00, 0x0F, 0xFF, 0xFC, 0x00, 0x07, 0xFF, 0xF8, 0x00, 0x03, 0xFF, 0xF0, 0x00, 0x00, 0x7F, 0x80, 0x00, 0x00, 0x03, 0xFE, 0x00, 0x00, 0x03,
    0xFC, 0x00, 0x00, 0x07, 0xF8, 0x00, 0x00, 0x0F, 0xF0, 0x00, 0x00, 0x1F, 0xC0, 0x00, 0x00, 0x1F, 0x80, 0x00, 0x00, 0x3F, 0x00, 0x00, 0x00, 0x7E,
    0x00, 0x00, 0x00, 0x00, 0x00, 0x00, 0x00, 0x00, 0x00, 0x00, 0x00, 0x7F, 0x80, 0x00, 0x03, 0xFF, 0xF0, 0x00, 0x07, 0xFF, 0xF8, 0x00, 0x0F, 0xFF,
    0xFC, 0x00, 0x1F, 0xFF, 0xFE, 0x00, 0x3F, 0xFF, 0xFF, 0x00, 0x3F, 0xC0, 0xFF, 0x00, 0x7F, 0x80, 0x7F, 0x80, 0x7F, 0x00, 0x7F, 0x80, 0x7F, 0x00,
    0x3F, 0x80, 0xFF, 0x00, 0x3F, 0x80, 0xFF, 0x00, 0x3F, 0xC0, 0xFF, 0x00, 0x3F, 0xC0, 0xFF, 0x00, 0x3F, 0xC0, 0xFF, 0x00, 0x3F, 0xC0, 0xFF, 0x00,
    0x3F, 0xC0, 0xFF, 0x00, 0x3F, 0x80, 0x7F, 0x00, 0x3F, 0x80, 0x7F, 0x00, 0x7F, 0x80, 0x7F, 0x80, 0x7F, 0x80, 0x3F, 0xC0, 0xFF, 0x00, 0x3F, 0xFF,
    0xFF, 0x00, 0x1F, 0xFF, 0xFE, 0x00, 0x0F, 0xFF, 0xFC, 0x00, 0x07, 0xFF, 0xF8, 0x00, 0x03, 0xFF, 0xF0, 0x00, 0x00, 0x7F, 0x80, 0x00, 0x00, 0x7F,
    0x80, 0x00, 0x00, 0xFF, 0xC0, 0x00, 0x00, 0xFF, 0xC0, 0x00, 0x01, 0xFF, 0xE0, 0x00, 0x03, 0xFF, 0xF0, 0x00, 0x07, 0xE3, 0xF8, 0x00, 0x0F, 0xC0,
    0xFC, 0x00, 0x1F, 0x80, 0x7E, 0x00, 0x00, 0x00, 0x00, 0x00, 0x00, 0x00, 0x00, 0x00, 0x00, 0x7F, 0x80, 0x00, 0x03, 0xFF, 0xF0, 0x00, 0x07, 0xFF,
    0xF8, 0x00, 0x0F, 0xFF, 0xFC, 0x00, 0x1F, 0xFF, 0xFE, 0x00, 0x3F, 0xFF, 0xFF, 0x00, 0x3F, 0xC0, 0xFF, 0x00, 0x7F, 0x80, 0x7F, 0x80, 0x7F, 0x00,
    0x7F, 0x80, 0x7F, 0x00, 0x3F, 0x80, 0xFF, 0x00, 0x3F, 0x80, 0xFF, 0x00, 0x3F, 0xC0, 0xFF, 0x00, 0x3F, 0xC0, 0xFF, 0x00, 0x3F, 0xC0, 0xFF, 0x00,
    0x3F, 0xC0, 0xFF, 0x00, 0x3F, 0xC0, 0xFF, 0x00, 0x3F, 0x80, 0x7F, 0x00, 0x3F, 0x80, 0x7F, 0x00, 0x7F, 0x80, 0x7F, 0x80, 0x7F, 0x80, 0x3F, 0xC0,
    0xFF, 0x00, 0x3F, 0xFF, 0xFF, 0x00, 0x1F, 0xFF, 0xFE, 0x00, 0x0F, 0xFF, 0xFC, 0x00, 0x07, 0xFF, 0xF8, 0x00, 0x03, 0xFF, 0xF0, 0x00, 0x00, 0x7F,
    0x80, 0x00, 0x01, 0xF0, 0x1E, 0x00, 0x03, 0xFE, 0x1E, 0x00, 0x07, 0xFF, 0xFE, 0x00, 0x0F, 0xFF, 0xFC, 0x00, 0x0F, 0xFF, 0xFC, 0x00, 0x0F, 0x0F,
    0xF8, 0x00, 0x0E, 0x03, 0xE0, 0x00, 0x00, 0x00, 0x00, 0x00, 0x00, 0x00, 0x00, 0x00, 0x00, 0x7F, 0x80, 0x00, 0x03, 0xFF, 0xF0, 0x00, 0x07, 0xFF,
    0xF8, 0x00, 0x0F, 0xFF, 0xFC, 0x00, 0x1F, 0xFF, 0xFE, 0x00, 0x3F, 0xFF, 0xFF, 0x00, 0x3F, 0xC0, 0xFF, 0x00, 0x7F, 0x80, 0x7F, 0x80, 0x7F, 0x00,
    0x7F, 0x80, 0x7F, 0x00, 0x3F, 0x80, 0xFF, 0x00, 0x3F, 0x80, 0xFF, 0x00, 0x3F, 0xC0, 0xFF, 0x00, 0x3F, 0xC0, 0xFF, 0x00, 0x3F, 0xC0, 0xFF, 0x00,
    0x3F, 0xC0, 0xFF, 0x00, 0x3F, 0xC0, 0xFF, 0x00, 0x3F, 0x80, 0x7F, 0x00, 0x3F, 0x80, 0x7F, 0x00, 0x7F, 0x80, 0x7F, 0x80, 0x7F, 0x80, 0x3F, 0xC0,
    0xFF, 0x00, 0x3F, 0xFF, 0xFF, 0x00, 0x1F, 0xFF, 0xFE, 0x00, 0x0F, 0xFF, 0xFC, 0x00, 0x07, 0xFF, 0xF8, 0x00, 0x03, 0xFF, 0xF0, 0x00, 0x00, 0x7F,
    0x80, 0x00, 0x03, 0xC0, 0xF0, 0x00, 0x07, 0xE1, 0xF8, 0x00, 0x07, 0xE1, 0xF8, 0x00, 0x07, 0xE1, 0xFC, 0x00, 0x07, 0xE1, 0xF8, 0x00, 0x03, 0xC0,
    0xF0, 0x00, 0x00, 0x00, 0x00, 0x00, 0x00, 0x00, 0x00, 0x00, 0x00, 0x00, 0x00, 0x00, 0x00, 0x7F, 0x80, 0x00, 0x03, 0xFF, 0xF0, 0x00, 0x07, 0xFF,
    0xF8, 0x00, 0x0F, 0xFF, 0xFC, 0x00, 0x1F, 0xFF, 0xFE, 0x00, 0x3F, 0xFF, 0xFF, 0x00, 0x3F, 0xC0, 0xFF, 0x00, 0x7F, 0x80, 0x7F, 0x80, 0x7F, 0x00,
    0x7F, 0x80, 0x7F, 0x00, 0x3F, 0x80, 0xFF, 0x00, 0x3F, 0x80, 0xFF, 0x00, 0x3F, 0xC0, 0xFF, 0x00, 0x3F, 0xC0, 0xFF, 0x00, 0x3F, 0xC0, 0xFF, 0x00,
    0x3F, 0xC0, 0xFF, 0x00, 0x3F, 0xC0, 0xFF, 0x00, 0x3F, 0x80, 0x7F, 0x00, 0x3F, 0x80, 0x7F, 0x00, 0x7F, 0x80, 0x7F, 0x80, 0x7F, 0x80, 0x3F, 0xC0,
    0xFF, 0x00, 0x3F, 0xFF, 0xFF, 0x00, 0x1F, 0xFF, 0xFE, 0x00, 0x0F, 0xFF, 0xFC, 0x00, 0x07, 0xFF, 0xF8, 0x00, 0x03, 0xFF, 0xF0, 0x00, 0x00, 0x7F,
    0x80, 0x00, 0x00, 0x3C, 0x00, 0x00, 0x7E, 0x00, 0x00, 0xFE, 0x00, 0x00, 0xFE, 0x00, 0x00, 0xFE, 0x00, 0x00, 0x7C, 0x00, 0x00, 0x38, 0x00, 0x00,
    0x00, 0x00, 0x00, 0x00, 0x00, 0xFF, 0xFF, 0xFE, 0xFF, 0xFF, 0xFE, 0xFF, 0xFF, 0xFE, 0xFF, 0xFF, 0xFE, 0xFF, 0xFF, 0xFE, 0xFF, 0xFF, 0xFE, 0x00,
    0x00, 0x00, 0x00, 0x00, 0x00, 0x00, 0x3C, 0x00, 0x00, 0x7E, 0x00, 0x00, 0xFE, 0x00, 0x00, 0xFE, 0x00, 0x00, 0xFE, 0x00, 0x00, 0x7C, 0x00, 0x00,
    0x38, 0x00, 0x00, 0x00, 0x08, 0x00, 0x00, 0x7F, 0x9C, 0x00, 0x03, 0xFF, 0xFF, 0x00, 0x07, 0xFF, 0xFE, 0x00, 0x0F, 0xFF, 0xFC, 0x00, 0x1F, 0xFF,
    0xFE, 0x00, 0x3F, 0xFF, 0xFF, 0x00, 0x7F, 0xC1, 0xFF, 0x00, 0x7F, 0x83, 0xFF, 0x80, 0x7F, 0x03, 0xFF, 0x80, 0x7F, 0x07, 0xFF, 0x80, 0xFF, 0x0F,
    0xFF, 0x80, 0xFF, 0x0F, 0xBF, 0x80, 0xFE, 0x1F, 0x3F, 0xC0, 0xFE, 0x3F, 0x3F, 0xC0, 0xFE, 0x3E, 0x3F, 0xC0, 0xFF, 0x7C, 0x3F, 0x80, 0xFF, 0xFC,
    0x3F, 0x80, 0x7F, 0xF8, 0x3F, 0x80, 0x7F, 0xF0, 0x7F, 0x80, 0x7F, 0xF0, 0x7F, 0x80, 0x3F, 0xE0, 0xFF, 0x00, 0x3F, 0xFF, 0xFF, 0x00, 0x1F, 0xFF,
    0xFE, 0x00, 0x0F, 0xFF, 0xFC, 0x00, 0x1F, 0xFF, 0xF8, 0x00, 0x3F, 0xFF, 0xE0, 0x00, 0x1E, 0x7F, 0x80, 0x00, 0x0C, 0x00, 0x00, 0x00, 0x07, 0xFC,
    0x00, 0x00, 0x03, 0xFC, 0x00, 0x00, 0x01, 0xFE, 0x00, 0x00, 0x00, 0xFF, 0x00, 0x00, 0x00, 0x3F, 0x80, 0x00, 0x00, 0x1F, 0x80, 0x00, 0x00, 0x0F,
    0xC0, 0x00, 0x00, 0x07, 0xE0, 0x00, 0x00, 0x00, 0x00, 0x00, 0x00, 0x00, 0x00, 0x00, 0xFF, 0x00, 0x7F, 0x80, 0xFF, 0x00, 0x7F, 0x80, 0xFF, 0x00,
    0x7F, 0x80, 0xFF, 0x00, 0x7F, 0x80, 0xFF, 0x00, 0x7F, 0x80, 0xFF, 0x00, 0x7F, 0x80, 0xFF, 0x00, 0x7F, 0x80, 0xFF, 0x00, 0x7F, 0x80, 0xFF, 0x00,
    0x7F, 0x80, 0xFF, 0x00, 0x7F, 0x80, 0xFF, 0x00, 0x7F, 0x80, 0xFF, 0x00, 0x7F, 0x80, 0xFF, 0x00, 0x7F, 0x80, 0xFF, 0x00, 0x7F, 0x80, 0xFF, 0x00,
    0x7F, 0x80, 0xFF, 0x00, 0x7F, 0x80, 0xFF, 0x00, 0x7F, 0x80, 0xFF, 0x00, 0x7F, 0x80, 0xFF, 0x00, 0xFF, 0x80, 0xFF, 0x00, 0xFF, 0x80, 0x7F, 0x81,
    0xFF, 0x80, 0x7F, 0xFF, 0xFF, 0x80, 0x7F, 0xFF, 0xFF, 0x80, 0x3F, 0xFF, 0xBF, 0x80, 0x1F, 0xFF, 0x9F, 0x80, 0x0F, 0xFE, 0x1F, 0x80, 0x03, 0xF8,
    0x1F, 0x80, 0x00, 0x03, 0xFC, 0x00, 0x00, 0x07, 0xF8, 0x00, 0x00, 0x07, 0xF0, 0x00, 0x00, 0x0F, 0xE0, 0x00, 0x00, 0x1F, 0xC0, 0x00, 0x00, 0x3F,
    0x80, 0x00, 0x00, 0x7F, 0x00, 0x00, 0x00, 0x7C, 0x00, 0x00, 0x00, 0x00, 0x00, 0x00, 0x00, 0x00, 0x00, 0x00, 0xFF, 0x00, 0x7F, 0x80, 0xFF, 0x00,
    0x7F, 0x80, 0xFF, 0x00, 0x7F, 0x80, 0xFF, 0x00, 0x7F, 0x80, 0xFF, 0x00, 0x7F, 0x80, 0xFF, 0x00, 0x7F, 0x80, 0xFF, 0x00, 0x7F, 0x80, 0xFF, 0x00,
    0x7F, 0x80, 0xFF, 0x00, 0x7F, 0x80, 0xFF, 0x00, 0x7F, 0x80, 0xFF, 0x00, 0x7F, 0x80, 0xFF, 0x00, 0x7F, 0x80, 0xFF, 0x00, 0x7F, 0x80, 0xFF, 0x00,
    0x7F, 0x80, 0xFF, 0x00, 0x7F, 0x80, 0xFF, 0x00, 0x7F, 0x80, 0xFF, 0x00, 0x7F, 0x80, 0xFF, 0x00, 0x7F, 0x80, 0xFF, 0x00, 0xFF, 0x80, 0xFF, 0x00,
    0xFF, 0x80, 0x7F, 0x81, 0xFF, 0x80, 0x7F, 0xFF, 0xFF, 0x80, 0x7F, 0xFF, 0xFF, 0x80, 0x3F, 0xFF, 0xBF, 0x80, 0x1F, 0xFF, 0x9F, 0x80, 0x0F, 0xFE,
    0x1F, 0x80, 0x03, 0xF8, 0x1F, 0x80, 0x00, 0x7F, 0x80, 0x00, 0x00, 0xFF, 0x80, 0x00, 0x01, 0xFF, 0xC0, 0x00, 0x03, 0xFF, 0xE0, 0x00, 0x03, 0xF7,
    0xF0, 0x00, 0x07, 0xE3, 0xF8, 0x00, 0x0F, 0xC1, 0xF8, 0x00, 0x1F, 0x80, 0x7C, 0x00, 0x00, 0x00, 0x00, 0x00, 0x00, 0x00, 0x00, 0x00, 0xFF, 0x00,
    0x7F, 0x80, 0xFF, 0x00, 0x7F, 0x80, 0xFF, 0x00, 0x7F, 0x80, 0xFF, 0x00, 0x7F, 0x80, 0xFF, 0x00, 0x7F, 0x80, 0xFF, 0x00, 0x7F, 0x80, 0xFF, 0x00,
    0x7F, 0x80, 0xFF, 0x00, 0x7F, 0x80, 0xFF, 0x00, 0x7F, 0x80, 0xFF, 0x00, 0x7F, 0x80, 0xFF, 0x00, 0x7F, 0x80, 0xFF, 0x00, 0x7F, 0x80, 0xFF, 0x00,
    0x7F, 0x80, 0xFF, 0x00, 0x7F, 0x80, 0xFF, 0x00, 0x7F, 0x80, 0xFF, 0x00, 0x7F, 0x80, 0xFF, 0x00, 0x7F, 0x80, 0xFF, 0x00, 0x7F, 0x80, 0xFF, 0x00,
    0xFF, 0x80, 0xFF, 0x00, 0xFF, 0x80, 0x7F, 0x81, 0xFF, 0x80, 0x7F, 0xFF, 0xFF, 0x80, 0x7F, 0xFF, 0xFF, 0x80, 0x3F, 0xFF, 0xBF, 0x80, 0x1F, 0xFF,
    0x9F, 0x80, 0x0F, 0xFE, 0x1F, 0x80, 0x03, 0xF8, 0x1F, 0x80, 0x07, 0x80, 0xF0, 0x00, 0x0F, 0xC1, 0xF8, 0x00, 0x0F, 0xE3, 0xF8, 0x00, 0x0F, 0xE3,
    0xF8, 0x00, 0x0F, 0xC1, 0xF8, 0x00, 0x07, 0x80, 0xF0, 0x00, 0x00, 0x00, 0x00, 0x00, 0x00, 0x00, 0x00, 0x00, 0x00, 0x00, 0x00, 0x00, 0xFF, 0x00,
    0x7F, 0x80, 0xFF, 0x00, 0x7F, 0x80, 0xFF, 0x00, 0x7F, 0x80, 0xFF, 0x00, 0x7F, 0x80, 0xFF, 0x00, 0x7F, 0x80, 0xFF, 0x00, 0x7F, 0x80, 0xFF, 0x00,
    0x7F, 0x80, 0xFF, 0x00, 0x7F, 0x80, 0xFF, 0x00, 0x7F, 0x80, 0xFF, 0x00, 0x7F, 0x80, 0xFF, 0x00, 0x7F, 0x80, 0xFF, 0x00, 0x7F, 0x80, 0xFF, 0x00,
    0x7F, 0x80, 0xFF, 0x00, 0x7F, 0x80, 0xFF, 0x00, 0x7F, 0x80, 0xFF, 0x00, 0x7F, 0x80, 0xFF, 0x00, 0x7F, 0x80, 0xFF, 0x00, 0x7F, 0x80, 0xFF, 0x00,
    0xFF, 0x80, 0xFF, 0x00, 0xFF, 0x80, 0x7F, 0x81, 0xFF, 0x80, 0x7F, 0xFF, 0xFF, 0x80, 0x7F, 0xFF, 0xFF, 0x80, 0x3F, 0xFF, 0xBF, 0x80, 0x1F, 0xFF,
    0x9F, 0x80, 0x0F, 0xFE, 0x1F, 0x80, 0x03, 0xF8, 0x1F, 0x80, 0x00, 0x01, 0xFE, 0x00, 0x00, 0x03, 0xFE, 0x00, 0x00, 0x03, 0xF8, 0x00, 0x00, 0x07,
    0xF0, 0x00, 0x00, 0x0F, 0xE0, 0x00, 0x00, 0x1F, 0xC0, 0x00, 0x00, 0x3F, 0x80, 0x00, 0x00, 0x3E, 0x00, 0x00, 0x00, 0x00, 0x00, 0x00, 0x00, 0x00,
    0x00, 0x00, 0xFF, 0x00, 0x0F, 0xE0, 0x7F, 0x00, 0x1F, 0xE0, 0x7F, 0x00, 0x1F, 0xE0, 0x7F, 0x80, 0x1F, 0xC0, 0x3F, 0x80, 0x1F, 0xC0, 0x3F, 0x80,
    0x3F, 0x80, 0x3F, 0xC0, 0x3F, 0x80, 0x1F, 0xC0, 0x3F, 0x80, 0x1F, 0xC0, 0x7F, 0x00, 0x0F, 0xE0, 0x7F, 0x00, 0x0F, 0xE0, 0x7F, 0x00, 0x0F, 0xE0,
    0xFE, 0x00, 0x07, 0xF0, 0xFE, 0x00, 0x07, 0xF0, 0xFE, 0x00, 0x03, 0xF1, 0xFC, 0x00, 0x03, 0xF9, 0xFC, 0x00, 0x03, 0xF9, 0xF8, 0x00, 0x01, 0xF9,
    0xF8, 0x00, 0x01, 0xFB, 0xF8, 0x00, 0x01, 0xFF, 0xF0, 0x00, 0x00, 0xFF, 0xF0, 0x00, 0x00, 0xFF, 0xF0, 0x00, 0x00, 0x7F, 0xE0, 0x00, 0x00, 0x7F,
    0xE0, 0x00, 0x00, 0x7F, 0xE0, 0x00, 0x00, 0x3F, 0xC0, 0x00, 0x00, 0x3F, 0xC0, 0x00, 0x00, 0x3F, 0x80, 0x00, 0x00, 0x3F, 0x80, 0x00, 0x00, 0x3F,
    0x80, 0x00, 0x00, 0x7F, 0x00, 0x00, 0x00, 0xFF, 0x00, 0x00, 0x01, 0xFE, 0x00, 0x00, 0x3F, 0xFE, 0x00, 0x00, 0x3F, 0xFC, 0x00, 0x00, 0x3F, 0xF8,
    0x00, 0x00, 0x3F, 0xF8, 0x00, 0x00, 0x3F, 0xE0, 0x00, 0x00, 0x3F, 0x80, 0x00, 0x00, 0x01, 0xC0, 0x78, 0x00, 0x03, 0xF0, 0xFC, 0x00, 0x07, 0xF0,
    0xFC, 0x00, 0x07, 0xF0, 0xFC, 0x00, 0x03, 0xF0, 0xFC, 0x00, 0x01, 0xC0, 0x78, 0x00, 0x00, 0x00, 0x00, 0x00, 0x00, 0x00, 0x00, 0x00, 0x00, 0x00,
    0x00, 0x00, 0xFF, 0x00, 0x0F, 0xE0, 0x7F, 0x00, 0x1F, 0xE0, 0x7F, 0x00, 0x1F, 0xE0, 0x7F, 0x80, 0x1F, 0xC0, 0x3F, 0x80, 0x1F, 0xC0, 0x3F, 0x80,
    0x3F, 0x80, 0x3F, 0xC0, 0x3F, 0x80, 0x1F, 0xC0, 0x3F, 0x80, 0x1F, 0xC0, 0x7F, 0x00, 0x0F, 0xE0, 0x7F, 0x00, 0x0F, 0xE0, 0x7F, 0x00, 0x0F, 0xE0,
    0xFE, 0x00, 0x07, 0xF0, 0xFE, 0x00, 0x07, 0xF0, 0xFE, 0x00, 0x03, 0xF1, 0xFC, 0x00, 0x03, 0xF9, 0xFC, 0x00, 0x03, 0xF9, 0xF8, 0x00, 0x01, 0xF9,
    0xF8, 0x00, 0x01, 0xFB, 0xF8, 0x00, 0x01, 0xFF, 0xF0, 0x00, 0x00, 0xFF, 0xF0, 0x00, 0x00, 0xFF, 0xF0, 0x00, 0x00, 0x7F, 0xE0, 0x00, 0x00, 0x7F,
    0xE0, 0x00, 0x00, 0x7F, 0xE0, 0x00, 0x00, 0x3F, 0xC0, 0x00, 0x00, 0x3F, 0xC0, 0x00, 0x00, 0x3F, 0x80, 0x00, 0x00, 0x3F, 0x80, 0x00, 0x00, 0x3F,
    0x80, 0x00, 0x00, 0x7F, 0x00, 0x00, 0x00, 0xFF, 0x00, 0x00, 0x01, 0xFE, 0x00, 0x00, 0x3F, 0xFE, 0x00, 0x00, 0x3F, 0xFC, 0x00, 0x00, 0x3F, 0xF8,
    0x00, 0x00, 0x3F, 0xF8, 0x00, 0x00, 0x3F, 0xE0, 0x00, 0x00, 0x3F, 0x80, 0x00, 0x00, 0x00, 0x1F, 0xF8, 0x00, 0x00, 0x1F, 0xF8, 0x00, 0x00, 0x1F,
    0xF8, 0x00, 0x00, 0x3F, 0xFC, 0x00, 0x00, 0x3F, 0xFC, 0x00, 0x00, 0x3F, 0xFC, 0x00, 0x00, 0x7F, 0xFE, 0x00, 0x00, 0x7F, 0x7E, 0x00, 0x00, 0x7E,
    0x7F, 0x00, 0x00, 0xFE, 0x7F, 0x00, 0x00, 0xFE, 0x7F, 0x00, 0x00, 0xFC, 0x3F, 0x80, 0x01, 0xFC, 0x3F, 0x80, 0x01, 0xFC, 0x3F, 0x80, 0x03, 0xFC,
    0x1F, 0xC0, 0x03, 0xF8, 0x1F, 0xC0, 0x03, 0xF8, 0x1F, 0xC0, 0x07, 0xF8, 0x0F, 0xE0, 0x07, 0xF0, 0x0F, 0xE0, 0x07, 0xF0, 0x0F, 0xE0, 0x0F, 0xF0,
    0x07, 0xF0, 0x0F, 0xE0, 0x07, 0xF0, 0x0F, 0xE0, 0x07, 0xF0, 0x1F, 0xE0, 0x07, 0xF8, 0x1F, 0xC0, 0x03, 0xF8, 0x1F, 0xC0, 0x03, 0xFC, 0x3F, 0xC0,
    0x03, 0xFC, 0x3F, 0x80, 0x01, 0xFC, 0x3F, 0x80, 0x01, 0xFE, 0x7F, 0xFF, 0xFF, 0xFE, 0x7F, 0xFF, 0xFF, 0xFE, 0xFF, 0xFF, 0xFF, 0xFF, 0xFF, 0xFF,
    0xFF, 0xFF, 0xFF, 0xFF, 0xFF, 0xFF, 0xFF, 0xFF, 0xFF, 0xFF, 0x7F, 0xFF, 0xFF, 0x80, 0x7F, 0xFF, 0xFF, 0x80, 0x7F, 0xFF, 0xFF, 0x80, 0x7F, 0xFF,
    0xFF, 0x80, 0x7F, 0xFF, 0xFF, 0x80, 0x7F, 0x9F, 0xFF, 0x80, 0x3F, 0xC0, 0x00, 0x00, 0x1F, 0xE0, 0x00, 0x00, 0x0F, 0xF0, 0x00, 0x00, 0x0F, 0xF8,
    0x00, 0x00, 0x07, 0xFC, 0x00, 0x00, 0x03, 0xFC, 0x00, 0x00, 0x01, 0xFE, 0x00, 0x00, 0x00, 0xFF, 0x00, 0x00, 0x00, 0x7F, 0x80, 0x00, 0x00, 0x3F,
    0xC0, 0x00, 0x00, 0x1F, 0xC0, 0x00, 0x00, 0x3F, 0xC0, 0x00, 0x00, 0x7F, 0x80, 0x00, 0x00, 0xFF, 0x00, 0x00, 0x00, 0xFE, 0x00, 0x00, 0x01, 0xFE,
    0x00, 0x00, 0x03, 0xFC, 0x00, 0x00, 0x07, 0xF8, 0x00, 0x00, 0x0F, 0xF0, 0x00, 0x00, 0x0F, 0xE0, 0x00, 0x00, 0x1F, 0xC0, 0x00, 0x00, 0x3F, 0xC0,
    0x00, 0x00, 0x7F, 0x80, 0x00, 0x00, 0xFF, 0x3F, 0xFF, 0xC0, 0xFF, 0xFF, 0xFF, 0xC0, 0xFF, 0xFF, 0xFF, 0xC0, 0xFF, 0xFF, 0xFF, 0xC0, 0xFF, 0xFF,
    0xFF, 0xC0, 0xFF, 0xFF, 0xFF, 0xC0, 0x00, 0x00, 0x80, 0x00, 0x00, 0x00, 0x3F, 0xFC, 0x00, 0x00, 0x00, 0xFF, 0xFF, 0x80, 0x00, 0x03, 0xFF, 0xFF,
    0xC0, 0x00, 0x07, 0xFF, 0xFF, 0xE0, 0x00, 0x0F, 0xFF, 0xFF, 0xF0, 0x00, 0x1F, 0xF8, 0x1F, 0xF8, 0x00, 0x3F, 0xE0, 0x07, 0xFC, 0x00, 0x3F, 0xC0,
    0x03, 0xFC, 0x00, 0x7F, 0x80, 0x01, 0xFE, 0x00, 0x7F, 0x80, 0x00, 0xFE, 0x00, 0x7F, 0x00, 0x00, 0xFF, 0x00, 0xFF, 0x00, 0x00, 0xFF, 0x00, 0xFF,
    0x00, 0x00, 0x7F, 0x00, 0xFF, 0x00, 0x00, 0x7F, 0x00, 0xFE, 0x00, 0x00, 0x7F, 0x00, 0xFE, 0x00, 0x00, 0x7F, 0x00, 0xFE, 0x00, 0x00, 0x7F, 0x00,
    0xFE, 0x00, 0x00, 0x7F, 0x00, 0xFF, 0x00, 0x00, 0x7F, 0x00, 0xFF, 0x00, 0x00, 0x7F, 0x00, 0xFF, 0x00, 0x00, 0xFF, 0x00, 0x7F, 0x00, 0x00, 0xFF,
    0x00, 0x7F, 0x00, 0x00, 0xFE, 0x00, 0x7F, 0x80, 0x01, 0xFE, 0x00, 0x3F, 0x80, 0x01, 0xFC, 0x00, 0x1F, 0xC0, 0x03, 0xFC, 0x00, 0x1F, 0xE0, 0x07,
    0xF8, 0x00, 0x0F, 0xF0, 0x0F, 0xF0, 0x00, 0x07, 0xF8, 0x1F, 0xE0, 0x00, 0xFF, 0xFC, 0x1F, 0xFF, 0x80, 0xFF, 0xFC, 0x1F, 0xFF, 0x80, 0xFF, 0xFC,
    0x1F, 0xFF, 0x80, 0xFF, 0xFC, 0x1F, 0xFF, 0x80, 0xFF, 0xFC, 0x1F, 0xFF, 0x80, 0xFF, 0xFC, 0x1F, 0xFF, 0x80, 0xFF, 0x00, 0x7F, 0x80, 0xFF, 0x00,
    0x7F, 0x80, 0xFF, 0x00, 0x7F, 0x80, 0xFF, 0x00, 0x7F, 0x80, 0xFF, 0x00, 0x7F, 0x80, 0xFF, 0x00, 0x7F, 0x80, 0xFF, 0x00, 0x7F, 0x80, 0xFF, 0x00,
    0x7F, 0x80, 0xFF, 0x00, 0x7F, 0x80, 0xFF, 0x00, 0x7F, 0x80, 0xFF, 0x00, 0x7F, 0x80, 0xFF, 0x00, 0x7F, 0x80, 0xFF, 0x00, 0x7F, 0x80, 0xFF, 0x00,
    0x7F, 0x80, 0xFF, 0x00, 0x7F, 0x80, 0xFF, 0x00, 0x7F, 0x80, 0xFF, 0x00, 0x7F, 0x80, 0xFF, 0x00, 0x7F, 0x80, 0xFF, 0x00, 0xFF, 0x80, 0xFF, 0x80,
    0xFF, 0x80, 0xFF, 0x81, 0xFF, 0x80, 0xFF, 0xFF, 0xFF, 0xF0, 0xFF, 0xFF, 0xFF, 0xF0, 0xFF, 0xFF, 0xFF, 0xF0, 0xFF, 0xFF, 0x9F, 0xF0, 0xFF, 0xFF,
    0x0F, 0xF0, 0xFF, 0x7E, 0x07, 0xF0, 0xFF, 0x00, 0x00, 0x00, 0xFF, 0x00, 0x00, 0x00, 0xFF, 0x00, 0x00, 0x00, 0xFF, 0x00, 0x00, 0x00, 0xFF, 0x00,
    0x00, 0x00, 0xFF, 0x00, 0x00, 0x00, 0xFF, 0x00, 0x00, 0x00, 0xFF, 0x00, 0x00, 0x00, 0xFF, 0x00, 0x00, 0x00, 0xFF, 0x00, 0x00, 0x00, 0xFF, 0x00,
    0x00, 0x00, 0xFF, 0x00, 0x00, 0x00, 0xFF, 0xFF, 0xF0, 0xFF, 0xFF, 0xF0, 0xFF, 0xFF, 0xF0, 0xFF, 0xFF, 0xF0, 0xFF, 0xFF, 0xF0, 0xFF, 0xFF, 0xF0,
    0xFF, 0xFF, 0xFF, 0xFF, 0xFF, 0xF0, 0xFF, 0xFF, 0xFF, 0xFF, 0xFF, 0xF0, 0xFF, 0xFF, 0xFF, 0xFF, 0xFF, 0xF0, 0xFF, 0xFF, 0xFF, 0xFF, 0xFF, 0xF0,
    0xFF, 0xFF, 0xFF, 0xFF, 0xFF, 0xF0, 0xFF, 0xFF, 0xFF, 0xFF, 0xFF, 0xF0, 0x1F, 0x80, 0x1F, 0x80, 0x1F, 0x00, 0x3F, 0x00, 0x3F, 0x00, 0x7F, 0x00,
    0x7E, 0x00, 0x7E, 0x00, 0xFE, 0x00, 0xFE, 0x00, 0xFE, 0x00, 0xFE, 0x00, 0x3F, 0x80, 0x3F, 0x80, 0x3F, 0x00, 0x7F, 0x00, 0x7F, 0x00, 0x7E, 0x00,
    0x7E, 0x00, 0x7E, 0x00, 0xFC, 0x00, 0xFC, 0x00, 0xF8, 0x00, 0xF8, 0x00, 0x1F, 0x83, 0xF0, 0x1F, 0x83, 0xE0, 0x1F, 0x03, 0xE0, 0x3F, 0x07, 0xE0,
    0x3F, 0x07, 0xE0, 0x7F, 0x0F, 0xE0, 0x7E, 0x0F, 0xC0, 0x7E, 0x0F, 0xC0, 0xFE, 0x1F, 0xC0, 0xFE, 0x1F, 0xC0, 0xFE, 0x1F, 0xC0, 0xFE, 0x1F, 0xC0,
    0x3F, 0x87, 0xF0, 0x3F, 0x87, 0xF0, 0x3F, 0x0F, 0xE0, 0x7F, 0x0F, 0xE0, 0x7F, 0x0F, 0xE0, 0x7E, 0x0F, 0xC0, 0x7E, 0x0F, 0xC0, 0x7E, 0x1F, 0xC0,
    0xFC, 0x1F, 0x80, 0xFC, 0x1F, 0x80, 0xF8, 0x1F, 0x00, 0xF8, 0x1F, 0x00, 0x1F, 0xC3, 0xF8, 0x1F, 0xC3, 0xF0, 0x3F, 0x87, 0xF0, 0x3F, 0x87, 0xF0,
    0x3F, 0x87, 0xF0, 0x3F, 0x07, 0xE0, 0x3F, 0x07, 0xE0, 0x7E, 0x0F, 0xC0, 0x7E, 0x0F, 0xC0, 0x7E, 0x0F, 0xC0, 0x7C, 0x0F, 0x80, 0xFC, 0x1F, 0x80,
    0x03, 0xF0, 0x00, 0x03, 0xF0, 0x00, 0x03, 0xF0, 0x00, 0x03, 0xF0, 0x00, 0x03, 0xF0, 0x00, 0x03, 0xF0, 0x00, 0x01, 0xF0, 0x00, 0x01, 0xE0, 0x00,
    0x01, 0xE0, 0x00, 0xC1, 0xE0, 0xE0, 0xFF, 0xFF, 0xE0, 0xFF, 0xFF, 0xE0, 0xFF, 0xFF, 0xE0, 0xFF, 0xFF, 0xE0, 0xF9, 0xE7, 0xE0, 0x01, 0xE0, 0x00,
    0x01, 0xE0, 0x00, 0x01, 0xE0, 0x00, 0x01, 0xE0, 0x00, 0x01, 0xE0, 0x00, 0x01, 0xE0, 0x00, 0x01, 0xE0, 0x00, 0x01, 0xF0, 0x00, 0x01, 0xF0, 0x00,
    0x03, 0xF0, 0x00, 0x03, 0xF0, 0x00, 0x03, 0xF0, 0x00, 0x03, 0xF0, 0x00, 0x03, 0xF0, 0x00, 0x03, 0xF0, 0x00, 0x03, 0xF0, 0x00, 0x03, 0xF0, 0x00,
    0x03, 0xF0, 0x00, 0x03, 0xF0, 0x00, 0x03, 0xF0, 0x00, 0x03, 0xF0, 0x00, 0x03, 0xF0, 0x00, 0x03, 0xF8, 0x00, 0x03, 0xF8, 0x00, 0x01, 0xF0, 0x00,
    0x01, 0xF0, 0x00, 0x01, 0xF0, 0x00, 0x01, 0xF0, 0x00, 0x01, 0xF0, 0x00, 0x01, 0xF0, 0x00, 0xC1, 0xF0, 0x60, 0xFF, 0xFF, 0xE0, 0xFF, 0xFF, 0xE0,
    0xFF, 0xFF, 0xE0, 0xFF, 0xFF, 0xE0, 0xFD, 0xE7, 0xE0, 0x01, 0xF0, 0x00, 0x01, 0xF0, 0x00, 0x01, 0xF0, 0x00, 0x01, 0xF0, 0x00, 0x03, 0xF8, 0x00,
    0x01, 0xF0, 0x00, 0x01, 0xF0, 0x00, 0x01, 0xF0, 0x00, 0x01, 0xF0, 0x00, 0xF9, 0xF3, 0xE0, 0xFF, 0xFF, 0xE0, 0xFF, 0xFF, 0xE0, 0xFF, 0xFF, 0xE0,
    0xFF, 0xFF, 0xE0, 0xE1, 0xF0, 0xE0, 0x01, 0xF0, 0x00, 0x01, 0xF0, 0x00, 0x01, 0xF0, 0x00, 0x01, 0xF0, 0x00, 0x01, 0xF0, 0x00, 0x01, 0xF0, 0x00,
    0x03, 0xF8, 0x00, 0x03, 0xF8, 0x00, 0x0F, 0xC0, 0x3F, 0xF0, 0x3F, 0xF0, 0x7F, 0xF8, 0x7F, 0xF8, 0xFF, 0xFC, 0xFF, 0xFC, 0xFF, 0xFC, 0xFF, 0xFC,
    0xFF, 0xFC, 0x7F, 0xF8, 0x7F, 0xF8, 0x3F, 0xF0, 0x1F, 0xF0, 0x0F, 0xC0, 0x3C, 0x01, 0xF0, 0x07, 0x80, 0xFE, 0x03, 0xF8, 0x0F, 0xE0, 0xFF, 0x07,
    0xF8, 0x1F, 0xE0, 0xFF, 0x07, 0xFC, 0x1F, 0xE0, 0xFF, 0x07, 0xFC, 0x1F, 0xE0, 0xFF, 0x07, 0xF8, 0x1F, 0xE0, 0xFE, 0x03, 0xF8, 0x0F, 0xE0, 0x7C,
    0x01, 0xF0, 0x07, 0x80, 0x00, 0x80, 0x00, 0x00, 0x00, 0x00, 0x00, 0x00, 0x0F, 0xF0, 0x00, 0x1F, 0x80, 0x00, 0x00, 0x00, 0x1F, 0xFC, 0x00, 0x3F,
    0x00, 0x00, 0x00, 0x00, 0x3F, 0xFE, 0x00, 0x3F, 0x00, 0x00, 0x00, 0x00, 0x3F, 0xFE, 0x00, 0x7E, 0x00, 0x00, 0x00, 0x00, 0x7F, 0xFF, 0x00, 0x7E,
    0x00, 0x00, 0x00, 0x00, 0x7E, 0x3F, 0x00, 0xFC, 0x00, 0x00, 0x00, 0x00, 0x7E, 0x1F, 0x00, 0xF8, 0x00, 0x00, 0x00, 0x00, 0x7C, 0x1F, 0x81, 0xF8,
    0x00, 0x00, 0x00, 0x00, 0xFC, 0x1F, 0x81, 0xF0, 0x00, 0x00, 0x00, 0x00, 0xFC, 0x1F, 0x83, 0xF0, 0x00, 0x00, 0x00, 0x00, 0xFC, 0x1F, 0x87, 0xE0,
    0x00, 0x00, 0x00, 0x00, 0xFC, 0x1F, 0x87, 0xE0, 0x00, 0x00, 0x00, 0x00, 0x7C, 0x1F, 0x8F, 0xC0, 0x00, 0x00, 0x00, 0x00, 0x7C, 0x1F, 0x8F, 0xC3,
    0xE0, 0x00, 0xFC, 0x00, 0x7E, 0x3F, 0x1F, 0x8F, 0xF8, 0x03, 0xFE, 0x00, 0x7E, 0x3F, 0x1F, 0x9F, 0xFC, 0x07, 0xFF, 0x00, 0x3F, 0xFF, 0x3F, 0x3F,
    0xFE, 0x0F, 0xFF, 0x80, 0x3F, 0xFE, 0x3E, 0x3F, 0xFF, 0x0F, 0xFF, 0xC0, 0x1F, 0xFC, 0x7E, 0x7E, 0x3F, 0x1F, 0xCF, 0xC0, 0x0F, 0xF8, 0x7C, 0x7E,
    0x1F, 0x1F, 0x87, 0xC0, 0x03, 0xF0, 0xFC, 0x7C, 0x1F, 0x9F, 0x87, 0xE0, 0x00, 0x00, 0xF8, 0x7C, 0x1F, 0x9F, 0x07, 0xE0, 0x00, 0x01, 0xF8, 0x7C,
    0x1F, 0x9F, 0x07, 0xE0, 0x00, 0x03, 0xF0, 0x7C, 0x1F, 0x9F, 0x07, 0xE0, 0x00, 0x03, 0xF0, 0x7C, 0x1F, 0x9F, 0x07, 0xE0, 0x00, 0x07, 0xE0, 0x7C,
    0x1F, 0x9F, 0x07, 0xE0, 0x00, 0x07, 0xE0, 0x7C, 0x1F, 0x9F, 0x07, 0xE0, 0x00, 0x0F, 0xC0, 0x7C, 0x1F, 0x9F, 0x87, 0xE0, 0x00, 0x0F, 0x80, 0x7E,
    0x1F, 0x1F, 0x87, 0xE0, 0x00, 0x1F, 0x80, 0x7E, 0x3F, 0x1F, 0xCF, 0xC0, 0x00, 0x1F, 0x00, 0x3F, 0xFF, 0x0F, 0xFF, 0xC0, 0x00, 0x3F, 0x00, 0x3F,
    0xFE, 0x0F, 0xFF, 0x80, 0x00, 0x3E, 0x00, 0x1F, 0xFC, 0x07, 0xFF, 0x80, 0x00, 0x7E, 0x00, 0x0F, 0xF8, 0x03, 0xFF, 0x00, 0x00, 0xFC, 0x00, 0x03,
    0xF0, 0x00, 0xFC, 0x00, 0x00, 0xC0, 0x01, 0xF0, 0x03, 0xFC, 0x03, 0xF8, 0x07, 0xF0, 0x0F, 0xE0, 0x1F, 0xE0, 0x3F, 0xC0, 0x7F, 0x80, 0x7F, 0x00,
    0xFE, 0x00, 0xFF, 0x00, 0x7F, 0x80, 0x3F, 0x80, 0x1F, 0xC0, 0x1F, 0xE0, 0x0F, 0xF0, 0x07, 0xF8, 0x03, 0xFC, 0x01, 0xF8, 0x01, 0xE0, 0x00, 0x80,
    0x0C, 0x00, 0x3C, 0x00, 0xFE, 0x00, 0xFF, 0x00, 0x7F, 0x80, 0x3F, 0xC0, 0x1F, 0xC0, 0x0F, 0xE0, 0x0F, 0xF0, 0x07, 0xF8, 0x03, 0xFC, 0x03, 0xF8,
    0x07, 0xF8, 0x0F, 0xF0, 0x1F, 0xE0, 0x1F, 0xC0, 0x3F, 0x80, 0x7F, 0x80, 0xFF, 0x00, 0x7E, 0x00, 0x1C, 0x00, 0x08, 0x00, 0x00, 0x00, 0x80, 0x00,
    0x00, 0xC0, 0x03, 0xE0, 0x00, 0xC0, 0xE0, 0x03, 0xF0, 0x01, 0xC0, 0x70, 0x07, 0xF8, 0x03, 0x80, 0x38, 0x07, 0xF8, 0x07, 0x00, 0x1C, 0x03, 0xF0,
    0x0E, 0x00, 0x0E, 0x03, 0xF0, 0x1C, 0x00, 0x07, 0x00, 0xC0, 0x38, 0x00, 0x03, 0x80, 0x00, 0x70, 0x00, 0x01, 0xC0, 0x00, 0xE0, 0x00, 0x00, 0xE0,
    0x01, 0xC0, 0x00, 0x00, 0x70, 0x03, 0x80, 0x00, 0x00, 0x38, 0x07, 0x00, 0x00, 0x00, 0x1C, 0x0E, 0x00, 0x00, 0x38, 0x0E, 0x1C, 0x07, 0x00, 0x7C,
    0x07, 0x38, 0x0F, 0x80, 0xFE, 0x03, 0xF0, 0x1F, 0xC0, 0xFE, 0x01, 0xE0, 0x1F, 0xC0, 0xFE, 0x01, 0xE0, 0x1F, 0xC0, 0xFC, 0x03, 0xF0, 0x1F, 0xC0,
    0x7C, 0x07, 0x38, 0x0F, 0x80, 0x00, 0x0E, 0x1C, 0x00, 0x00, 0x00, 0x1C, 0x0E, 0x00, 0x00, 0x00, 0x38, 0x07, 0x00, 0x00, 0x00, 0x70, 0x03, 0x80,
    0x00, 0x00, 0xE0, 0x01, 0xC0, 0x00, 0x01, 0xC0, 0x00, 0xE0, 0x00, 0x03, 0x80, 0x00, 0x70, 0x00, 0x07, 0x01, 0xE0, 0x38, 0x00, 0x0E, 0x03, 0xF0,
    0x1C, 0x00, 0x1C, 0x03, 0xF0, 0x0E, 0x00, 0x38, 0x07, 0xF8, 0x07, 0x00, 0x70, 0x03, 0xF0, 0x03, 0x80, 0xE0, 0x03, 0xF0, 0x01, 0xC0, 0x40, 0x01,
    0xE0, 0x00, 0x80, 0x00, 0x07, 0xF8, 0x00, 0x00, 0x3F, 0xFF, 0x00, 0x00, 0xFF, 0xFF, 0x80, 0x01, 0xFF, 0xFF, 0x00, 0x03, 0xFF, 0xFF, 0x00, 0x07,
    0xFF, 0xFE, 0x00, 0x07, 0xF8, 0x06, 0x00, 0x0F, 0xF0, 0x00, 0x00, 0x0F, 0xE0, 0x00, 0x00, 0x1F, 0xC0, 0x00, 0x00, 0x1F, 0xC0, 0x00, 0x00, 0x1F,
    0xC0, 0x00, 0x00, 0xFF, 0xFF, 0xE0, 0x00, 0xFF, 0xFF, 0xE0, 0x00, 0xFF, 0xFF, 0xE0, 0x00, 0xFF, 0xFF, 0xE0, 0x00, 0x3F, 0x80, 0x00, 0x00, 0x3F,
    0x80, 0x00, 0x00, 0x3F, 0x80, 0x00, 0x00, 0xFF, 0xFF, 0xC0, 0x00, 0xFF, 0xFF, 0xC0, 0x00, 0xFF, 0xFF, 0xC0, 0x00, 0xFF, 0xFF, 0xC0, 0x00, 0x1F,
    0xC0, 0x00, 0x00, 0x1F, 0xC0, 0x00, 0x00, 0x1F, 0xE0, 0x00, 0x00, 0x0F, 0xE0, 0x00, 0x00, 0x0F, 0xF0, 0x00, 0x00, 0x07, 0xF8, 0x03, 0x00, 0x07,
    0xFF, 0xFF, 0x00, 0x03, 0xFF, 0xFF, 0x00, 0x01, 0xFF, 0xFF, 0x00, 0x00, 0xFF, 0xFF, 0x00, 0x00, 0x3F, 0xFF, 0x00, 0x00, 0x07, 0xFC, 0x00, 0x0F,
    0xF0, 0x00, 0x00, 0x00, 0x00, 0x1F, 0xF8, 0x00, 0x03, 0xFF, 0x00, 0x3F, 0xFC, 0x00, 0x1F, 0xFF, 0xC0, 0x7C, 0x3E, 0x00, 0x3F, 0xFF, 0xE0, 0x78,
    0x1E, 0x00, 0xFF, 0xFF, 0xF8, 0xF0, 0x1E, 0x01, 0xFF, 0xFF, 0xF8, 0xF0, 0x0F, 0x03, 0xFF, 0xFF, 0xF0, 0xF0, 0x0F, 0x03, 0xFF, 0x03, 0xE0, 0xF0,
    0x0E, 0x07, 0xFC, 0x00, 0xC0, 0x78, 0x1E, 0x0F, 0xF8, 0x00, 0x40, 0x7C, 0x3E, 0x0F, 0xF0, 0x00, 0x00, 0x3F, 0xFC, 0x0F, 0xE0, 0x00, 0x00, 0x3F,
    0xFC, 0x1F, 0xE0, 0x00, 0x00, 0x0F, 0xF0, 0x1F, 0xC0, 0x00, 0x00, 0x03, 0xC0, 0x1F, 0xC0, 0x00, 0x00, 0x00, 0x00, 0x1F, 0xC0, 0x00, 0x00, 0x00,
    0x00, 0x3F, 0xC0, 0x00, 0x00, 0x00, 0x00, 0x3F, 0xC0, 0x00, 0x00, 0x00, 0x00, 0x3F, 0xC0, 0x00, 0x00, 0x00, 0x00, 0x3F, 0xC0, 0x00, 0x00, 0x00,
    0x00, 0x3F, 0xC0, 0x00, 0x00, 0x00, 0x00, 0x3F, 0xC0, 0x00, 0x00, 0x00, 0x00, 0x3F, 0xC0, 0x00, 0x00, 0x00, 0x00, 0x1F, 0xC0, 0x00, 0x00, 0x00,
    0x00, 0x1F, 0xC0, 0x00, 0x00, 0x00, 0x00, 0x1F, 0xE0, 0x00, 0x00, 0x00, 0x00, 0x1F, 0xE0, 0x00, 0x00, 0x00, 0x00, 0x0F, 0xF0, 0x00, 0x00, 0x00,
    0x00, 0x0F, 0xF0, 0x00, 0x40, 0x00, 0x00, 0x07, 0xF8, 0x00, 0xE0, 0x00, 0x00, 0x07, 0xFE, 0x01, 0xF0, 0x00, 0x00, 0x03, 0xFF, 0xFF, 0xF8, 0x00,
    0x00, 0x01, 0xFF, 0xFF, 0xFC, 0x00, 0x00, 0x00, 0xFF, 0xFF, 0xF8, 0x00, 0x00, 0x00, 0x7F, 0xFF, 0xF0, 0x00, 0x00, 0x00, 0x3F, 0xFF, 0xC0, 0x00,
    0x00, 0x00, 0x0F, 0xFF, 0x80, 0x00, 0x00, 0x00, 0x00, 0xF0, 0x00, 0x0F, 0xF0, 0x00, 0x00, 0x00, 0x00, 0x1F, 0xF8, 0x03, 0xFF, 0xFF, 0xF0, 0x3F,
    0xFC, 0x03, 0xFF, 0xFF, 0xF0, 0x7C, 0x3E, 0x03, 0xFF, 0xFF, 0xF0, 0x78, 0x1E, 0x03, 0xFF, 0xFF, 0xF0, 0xF0, 0x1E, 0x03, 0xFF, 0xFF, 0xF0, 0xF0,
    0x0E, 0x03, 0xFF, 0xFF, 0xF0, 0xF0, 0x0F, 0x03, 0xF8, 0x00, 0x00, 0xF0, 0x0E, 0x03, 0xF8, 0x00, 0x00, 0x78, 0x1E, 0x03, 0xF8, 0x00, 0x00, 0x7C,
    0x3E, 0x03, 0xF8, 0x00, 0x00, 0x3F, 0xFC, 0x03, 0xF8, 0x00, 0x00, 0x3F, 0xF8, 0x03, 0xF8, 0x00, 0x00, 0x1F, 0xF0, 0x03, 0xF8, 0x00, 0x00, 0x03,
    0xC0, 0x03, 0xF8, 0x00, 0x00, 0x00, 0x00, 0x03, 0xF8, 0x00, 0x00, 0x00, 0x00, 0x03, 0xF8, 0x00, 0x00, 0x00, 0x00, 0x03, 0xFF, 0xFF, 0xC0, 0x00,
    0x00, 0x03, 0xFF, 0xFF, 0xC0, 0x00, 0x00, 0x03, 0xFF, 0xFF, 0xC0, 0x00, 0x00, 0x03, 0xFF, 0xFF, 0xC0, 0x00, 0x00, 0x03, 0xFF, 0xFF, 0xC0, 0x00,
    0x00, 0x03, 0xFF, 0xFF, 0xC0, 0x00, 0x00, 0x03, 0xF8, 0x00, 0x00, 0x00, 0x00, 0x03, 0xF8, 0x00, 0x00, 0x00, 0x00, 0x03, 0xF8, 0x00, 0x00, 0x00,
    0x00, 0x03, 0xF8, 0x00, 0x00, 0x00, 0x00, 0x03, 0xF8, 0x00, 0x00, 0x00, 0x00, 0x03, 0xF8, 0x00, 0x00, 0x00, 0x00, 0x03, 0xF8, 0x00, 0x00, 0x00,
    0x00, 0x03, 0xF8, 0x00, 0x00, 0x00, 0x00, 0x03, 0xF8, 0x00, 0x00, 0x00, 0x00, 0x03, 0xF8, 0x00, 0x00, 0x00, 0x00, 0x03, 0xF8, 0x00, 0x00, 0x00,
    0x00, 0x03, 0xF8, 0x00, 0x00, 0x00, 0x00, 0x03, 0xF8, 0x00, 0x00, 0x00, 0x00, 0x03, 0xF8, 0x00, 0x00, 0xFF, 0xF9, 0xE0, 0x0F, 0x80, 0xFF, 0xF9,
    0xF0, 0x0F, 0x80, 0xFF, 0xF9, 0xF0, 0x1F, 0x80, 0x07, 0x01, 0xF0, 0x1F, 0x80, 0x07, 0x01, 0xB8, 0x1F, 0x80, 0x07, 0x01, 0xB8, 0x3B, 0x80, 0x07,
    0x01, 0xB8, 0x3B, 0x80, 0x07, 0x01, 0x9C, 0x33, 0x80, 0x07, 0x01, 0x9C, 0x73, 0x80, 0x07, 0x01, 0x9C, 0x73, 0x80, 0x07, 0x01, 0x8E, 0x63, 0x80,
    0x07, 0x01, 0x8E, 0xE3, 0x80, 0x07, 0x01, 0x8E, 0xE3, 0x80, 0x07, 0x01, 0x87, 0xC3, 0x80, 0x07, 0x01, 0x87, 0xC3, 0x80, 0x07, 0x01, 0x87, 0x83,
    0x80, 0x07, 0x01, 0x83, 0x83, 0x80, 0x00, 0x08, 0x00, 0x00, 0x00, 0x00, 0x00, 0x1C, 0x00, 0x00, 0x00, 0x00, 0x00, 0x3F, 0x80, 0x00, 0x00, 0x00,
    0x00, 0x7F, 0x00, 0x00, 0x00, 0x00, 0x00, 0xFE, 0x00, 0x00, 0x00, 0x00, 0x01, 0xFC, 0x00, 0x00, 0x00, 0x00, 0x03, 0xF8, 0x00, 0x00, 0x00, 0x00,
    0x07, 0xF0, 0x00, 0x00, 0x00, 0x00, 0x0F, 0xE0, 0x00, 0x00, 0x00, 0x00, 0x1F, 0xFF, 0xFF, 0xFF, 0xFF, 0xF0, 0x3F, 0xFF, 0xFF, 0xFF, 0xFF, 0xF0,
    0xFF, 0xFF, 0xFF, 0xFF, 0xFF, 0xF0, 0x7F, 0xFF, 0xFF, 0xFF, 0xFF, 0xF0, 0x3F, 0xFF, 0xFF, 0xFF, 0xFF, 0xF0, 0x1F, 0xE0, 0x00, 0x00, 0x00, 0x00,
    0x07, 0xF0, 0x00, 0x00, 0x00, 0x00, 0x03, 0xF8, 0x00, 0x00, 0x00, 0x00, 0x01, 0xFC, 0x00, 0x00, 0x00, 0x00, 0x00, 0xFE, 0x00, 0x00, 0x00, 0x00,
    0x00, 0x7F, 0x00, 0x00, 0x00, 0x00, 0x00, 0x3F, 0x80, 0x00, 0x00, 0x00, 0x00, 0x1E, 0x00, 0x00, 0x00, 0x00, 0x00, 0x08, 0x00, 0x00, 0x00, 0x00,
    0x00, 0x20, 0x00, 0x00, 0x30, 0x00, 0x00, 0x30, 0x00, 0x00, 0x78, 0x00, 0x00, 0xFC, 0x00, 0x01, 0xFE, 0x00, 0x03, 0xFF, 0x00, 0x07, 0xFF, 0x80,
    0x0F, 0xFF, 0xC0, 0x1F, 0xFF, 0xE0, 0x3F, 0xFF, 0xF0, 0x7F, 0x7B, 0xF8, 0xFE, 0x79, 0xFC, 0xFC, 0x78, 0xFC, 0xF8, 0x78, 0x7C, 0x70, 0x78, 0x38,
    0x20, 0x78, 0x10, 0x00, 0x78, 0x00, 0x00, 0x78, 0x00, 0x00, 0x78, 0x00, 0x00, 0x78, 0x00, 0x00, 0x78, 0x00, 0x00, 0x78, 0x00, 0x00, 0x78, 0x00,
    0x00, 0x78, 0x00, 0x00, 0x78, 0x00, 0x00, 0x78, 0x00, 0x00, 0x78, 0x00, 0x00, 0x78, 0x00, 0x00, 0x78, 0x00, 0x00, 0x78, 0x00, 0x00, 0x78, 0x00,
    0x00, 0x78, 0x00, 0x00, 0x78, 0x00, 0x00, 0x78, 0x00, 0x00, 0x78, 0x00, 0x00, 0x78, 0x00, 0x00, 0x78, 0x00, 0x00, 0x78, 0x00, 0x00, 0x78, 0x00,
    0x00, 0x78, 0x00, 0x00, 0x78, 0x00, 0x00, 0x78, 0x00, 0x00, 0x78, 0x00, 0x00, 0x78, 0x00, 0x00, 0x00, 0x00, 0x01, 0x00, 0x00, 0x00, 0x00, 0x00,
    0x03, 0x80, 0x00, 0x00, 0x00, 0x00, 0x1F, 0xC0, 0x00, 0x00, 0x00, 0x00, 0x0F, 0xE0, 0x00, 0x00, 0x00, 0x00, 0x07, 0xF0, 0x00, 0x00, 0x00, 0x00,
    0x03, 0xF8, 0x00, 0x00, 0x00, 0x00, 0x01, 0xFC, 0x00, 0x00, 0x00, 0x00, 0x00, 0xFE, 0x00, 0x00, 0x00, 0x00, 0x00, 0x7F, 0x00, 0xFF, 0xFF, 0xFF,
    0xFF, 0xFF, 0x80, 0xFF, 0xFF, 0xFF, 0xFF, 0xFF, 0xC0, 0xFF, 0xFF, 0xFF, 0xFF, 0xFF, 0xF0, 0xFF, 0xFF, 0xFF, 0xFF, 0xFF, 0xE0, 0xFF, 0xFF, 0xFF,
    0xFF, 0xFF, 0xC0, 0x00, 0x00, 0x00, 0x00, 0x7F, 0x80, 0x00, 0x00, 0x00, 0x00, 0xFE, 0x00, 0x00, 0x00, 0x00, 0x01, 0xFC, 0x00, 0x00, 0x00, 0x00,
    0x03, 0xF8, 0x00, 0x00, 0x00, 0x00, 0x07, 0xF0, 0x00, 0x00, 0x00, 0x00, 0x0F, 0xE0, 0x00, 0x00, 0x00, 0x00, 0x1F, 0xC0, 0x00, 0x00, 0x00, 0x00,
    0x07, 0x80, 0x00, 0x00, 0x00, 0x00, 0x01, 0x00, 0x00, 0x00, 0x78, 0x00, 0x00, 0x78, 0x00, 0x00, 0x78, 0x00, 0x00, 0x78, 0x00, 0x00, 0x78, 0x00,
    0x00, 0x78, 0x00, 0x00, 0x78, 0x00, 0x00, 0x78, 0x00, 0x00, 0x78, 0x00, 0x00, 0x78, 0x00, 0x00, 0x78, 0x00, 0x00, 0x78, 0x00, 0x00, 0x78, 0x00,
    0x00, 0x78, 0x00, 0x00, 0x78, 0x00, 0x00, 0x78, 0x00, 0x00, 0x78, 0x00, 0x00, 0x78, 0x00, 0x00, 0x78, 0x00, 0x00, 0x78, 0x00, 0x00, 0x78, 0x00,
    0x00, 0x78, 0x00, 0x00, 0x78, 0x00, 0x00, 0x78, 0x00, 0x00, 0x78, 0x00, 0x00, 0x78, 0x00, 0x00, 0x78, 0x00, 0x20, 0x78, 0x10, 0x70, 0x78, 0x38,
    0x78, 0x78, 0x78, 0xFC, 0x78, 0xFC, 0xFE, 0x79, 0xFC, 0x7F, 0x7B, 0xF8, 0x3F, 0xFF, 0xF0, 0x1F, 0xFF, 0xE0, 0x0F, 0xFF, 0xC0, 0x07, 0xFF, 0x80,
    0x03, 0xFF, 0x00, 0x01, 0xFE, 0x00, 0x00, 0xFC, 0x00, 0x00, 0xFC, 0x00, 0x00, 0x78, 0x00, 0x00, 0x30, 0x00, 0x00, 0x20, 0x00, 0x00, 0x08, 0x00,
    0x01, 0x00, 0x00, 0x00, 0x1C, 0x00, 0x03, 0x80, 0x00, 0x00, 0x3F, 0x80, 0x1F, 0xC0, 0x00, 0x00, 0x7F, 0x00, 0x0F, 0xE0, 0x00, 0x00, 0x7E, 0x00,
    0x07, 0xF0, 0x00, 0x01, 0xFC, 0x00, 0x03, 0xF8, 0x00, 0x03, 0xF8, 0x00, 0x01, 0xFC, 0x00, 0x07, 0xF0, 0x00, 0x00, 0xFE, 0x00, 0x0F, 0xE0, 0x00,
    0x00, 0x7F, 0x00, 0x1F, 0xFF, 0xFF, 0xFF, 0xFF, 0x80, 0x3F, 0xFF, 0xFF, 0xFF, 0xFF, 0xC0, 0xFF, 0xFF, 0xFF, 0xFF, 0xFF, 0xF0, 0x7F, 0xFF, 0xFF,
    0xFF, 0xFF, 0xE0, 0x3F, 0xFF, 0xFF, 0xFF, 0xFF, 0xC0, 0x1F, 0xE0, 0x00, 0x00, 0x7F, 0x80, 0x07, 0xF0, 0x00, 0x00, 0xFE, 0x00, 0x03, 0xF8, 0x00,
    0x01, 0xFC, 0x00, 0x01, 0xFC, 0x00, 0x03, 0xF8, 0x00, 0x00, 0xFE, 0x00, 0x07, 0xF0, 0x00, 0x00, 0x7F, 0x00, 0x0F, 0xE0, 0x00, 0x00, 0x3F, 0x80,
    0x1F, 0xC0, 0x00, 0x00, 0x1E, 0x00, 0x07, 0x80, 0x00, 0x00, 0x08, 0x00, 0x01, 0x00, 0x00, 0x01, 0xFF, 0x00, 0x01, 0x80, 0x07, 0xFF, 0x80, 0x03,
    0xC0, 0x0F, 0xFF, 0xE0, 0x07, 0xE0, 0x1F, 0xFF, 0xF0, 0x0F, 0xE0, 0x3F, 0xFF, 0xFC, 0x1F, 0xC0, 0x7F, 0x01, 0xFF, 0xFF, 0x80, 0xFE, 0x00, 0xFF,
    0xFF, 0x00, 0x7C, 0x00, 0x3F, 0xFE, 0x00, 0x38, 0x00, 0x1F, 0xFC, 0x00, 0x08, 0x00, 0x07, 0xE0, 0x00, 0x00, 0x00, 0x00, 0x00, 0x00, 0x00, 0x00,
    0x00, 0x00, 0x00, 0x01, 0xFF, 0x00, 0x01, 0x80, 0x07, 0xFF, 0x80, 0x03, 0xC0, 0x0F, 0xFF, 0xE0, 0x07, 0xE0, 0x1F, 0xFF, 0xF0, 0x0F, 0xE0, 0x3F,
    0xFF, 0xFC, 0x1F, 0xC0, 0x7F, 0x01, 0xFF, 0xFF, 0x80, 0xFE, 0x00, 0xFF, 0xFF, 0x00, 0x7C, 0x00, 0x3F, 0xFE, 0x00, 0x38, 0x00, 0x1F, 0xFC, 0x00,
    0x08, 0x00, 0x03, 0xE0, 0x00, 0x00, 0x00, 0x0C, 0x00, 0x00, 0x00, 0x00, 0x0F, 0x80, 0x00, 0x00, 0x00, 0x0F, 0x80, 0x00, 0x00, 0x00, 0x1F, 0x00,
    0x00, 0x00, 0x00, 0x1F, 0x00, 0x00, 0x00, 0x00, 0x1F, 0x00, 0x00, 0x00, 0x00, 0x3E, 0x00, 0x00, 0x00, 0x00, 0x3E, 0x00, 0x00, 0x00, 0x00, 0x7E,
    0x00, 0x00, 0xFF, 0xFF, 0xFF, 0xFF, 0xC0, 0xFF, 0xFF, 0xFF, 0xFF, 0xC0, 0xFF, 0xFF, 0xFF, 0xFF, 0xC0, 0xFF, 0xFF, 0xFF, 0xFF, 0xC0, 0xFF, 0xFF,
    0xFF, 0xFF, 0xC0, 0x00, 0x01, 0xF0, 0x00, 0x00, 0x00, 0x01, 0xF0, 0x00, 0x00, 0x00, 0x03, 0xF0, 0x00, 0x00, 0x00, 0x03, 0xE0, 0x00, 0x00, 0x00,
    0x03, 0xE0, 0x00, 0x00, 0x00, 0x07, 0xE0, 0x00, 0x00, 0xFF, 0xFF, 0xFF, 0xFF, 0xC0, 0xFF, 0xFF, 0xFF, 0xFF, 0xC0, 0xFF, 0xFF, 0xFF, 0xFF, 0xC0,
    0xFF, 0xFF, 0xFF, 0xFF, 0xC0, 0xFF, 0xFF, 0xFF, 0xFF, 0xC0, 0x00, 0x1F, 0x00, 0x00, 0x00, 0x00, 0x1F, 0x00, 0x00, 0x00, 0x00, 0x1F, 0x00, 0x00,
    0x00, 0x00, 0x3E, 0x00, 0x00, 0x00, 0x00, 0x3E, 0x00, 0x00, 0x00, 0x00, 0x7E, 0x00, 0x00, 0x00, 0x00, 0x7C, 0x00, 0x00, 0x00, 0x00, 0x3C, 0x00,
    0x00, 0x00, 0x00, 0x04, 0x00, 0x00, 0x00, 0x00, 0x00, 0x00, 0x00, 0x70, 0x00, 0x00, 0x00, 0x01, 0xF0, 0x00, 0x00, 0x00, 0x0F, 0xF0, 0x00, 0x00,
    0x00, 0x3F, 0xF8, 0x00, 0x00, 0x01, 0xFF, 0xF0, 0x00, 0x00, 0x07, 0xFF, 0xC0, 0x00, 0x00, 0x3F, 0xFE, 0x00, 0x00, 0x00, 0xFF, 0xF8, 0x00, 0x00,
    0x07, 0xFF, 0xC0, 0x00, 0x00, 0x1F, 0xFF, 0x00, 0x00, 0x00, 0xFF, 0xF8, 0x00, 0x00, 0x03, 0xFF, 0xE0, 0x00, 0x00, 0x0F, 0xFF, 0x80, 0x00, 0x00,
    0x7F, 0xFC, 0x00, 0x00, 0x00, 0xFF, 0xF8, 0x00, 0x00, 0x00, 0x1F, 0xFF, 0x00, 0x00, 0x00, 0x07, 0xFF, 0xC0, 0x00, 0x00, 0x00, 0xFF, 0xF8, 0x00,
    0x00, 0x00, 0x3F, 0xFE, 0x00, 0x00, 0x00, 0x0F, 0xFF, 0xC0, 0x00, 0x00, 0x01, 0xFF, 0xF0, 0x00, 0x00, 0x00, 0x7F, 0xFE, 0x00, 0x00, 0x00, 0x0F,
    0xFF, 0x80, 0x00, 0x00, 0x03, 0xFF, 0xF0, 0x00, 0x00, 0x00, 0x7F, 0xF8, 0x00, 0x00, 0x00, 0x1F, 0xF8, 0x00, 0x00, 0x00, 0x03, 0xF0, 0x00, 0x00,
    0x00, 0x00, 0xF0, 0x00, 0x00, 0x00, 0x00, 0x10, 0x00, 0x00, 0x00, 0x00, 0x00, 0x00, 0x00, 0x00, 0x00, 0x00, 0x00, 0x00, 0x00, 0x00, 0x00, 0x00,
    0x00, 0x00, 0x00, 0x00, 0x7F, 0xFF, 0xFF, 0xFF, 0xF8, 0x7F, 0xFF, 0xFF, 0xFF, 0xF8, 0x7F, 0xFF, 0xFF, 0xFF, 0xF8, 0x7F, 0xFF, 0xFF, 0xFF, 0xF8,
    0x70, 0x00, 0x00, 0x00, 0x00, 0x7C, 0x00, 0x00, 0x00, 0x00, 0x7F, 0x80, 0x00, 0x00, 0x00, 0xFF, 0xE0, 0x00, 0x00, 0x00, 0x7F, 0xFC, 0x00, 0x00,
    0x00, 0x1F, 0xFF, 0x00, 0x00, 0x00, 0x03, 0xFF, 0xE0, 0x00, 0x00, 0x00, 0xFF, 0xF8, 0x00, 0x00, 0x00, 0x1F, 0xFF, 0x00, 0x00, 0x00, 0x07, 0xFF,
    0xC0, 0x00, 0x00, 0x00, 0xFF, 0xF8, 0x00, 0x00, 0x00, 0x3F, 0xFE, 0x00, 0x00, 0x00, 0x0F, 0xFF, 0xC0, 0x00, 0x00, 0x01, 0xFF, 0xF0, 0x00, 0x00,
    0x00, 0xFF, 0xF8, 0x00, 0x00, 0x07, 0xFF, 0xC0, 0x00, 0x00, 0x1F, 0xFF, 0x00, 0x00, 0x00, 0xFF, 0xF8, 0x00, 0x00, 0x03, 0xFF, 0xE0, 0x00, 0x00,
    0x1F, 0xFF, 0x00, 0x00, 0x00, 0x7F, 0xFC, 0x00, 0x00, 0x03, 0xFF, 0xF0, 0x00, 0x00, 0x0F, 0xFF, 0x80, 0x00, 0x00, 0x3F, 0xFE, 0x00, 0x00, 0x00,
    0xFF, 0xF0, 0x00, 0x00, 0x00, 0xFF, 0xC0, 0x00, 0x00, 0x00, 0x7E, 0x00, 0x00, 0x00, 0x00, 0x78, 0x00, 0x00, 0x00, 0x00, 0x40, 0x00, 0x00, 0x00,
    0x00, 0x00, 0x00, 0x00, 0x00, 0x00, 0x00, 0x00, 0x00, 0x00, 0x00, 0x00, 0x00, 0x00, 0x00, 0x00, 0x00, 0x00, 0x00, 0x00, 0x00, 0xFF, 0xFF, 0xFF,
    0xFF, 0xF0, 0xFF, 0xFF, 0xFF, 0xFF, 0xF0, 0xFF, 0xFF, 0xFF, 0xFF, 0xF0, 0xFF, 0xFF, 0xFF, 0xFF, 0xF0, 0x00, 0x00, 0x1F, 0xE0, 0x00, 0x00, 0x00,
    0x01, 0xFF, 0xFE, 0x00, 0x00, 0x00, 0x07, 0xC0, 0x0F, 0x80, 0x00, 0x00, 0x1E, 0x00, 0x01, 0xE0, 0x00, 0x00, 0x38, 0x00, 0x00, 0x70, 0x00, 0x00,
    0xE0, 0x00, 0x00, 0x1C, 0x00, 0x01, 0xC0, 0x00, 0x00, 0x0E, 0x00, 0x03, 0x80, 0x00, 0x00, 0x07, 0x00, 0x07, 0x00, 0x00, 0x00, 0x03, 0x80, 0x06,
    0x00, 0x00, 0x00, 0x01, 0x80, 0x0C, 0x00, 0x07, 0xE0, 0x00, 0xC0, 0x18, 0x00, 0x1F, 0xE0, 0x00, 0x60, 0x18, 0x00, 0xFF, 0xE0, 0x00, 0x60, 0x30,
    0x00, 0xFF, 0xE0, 0x00, 0x30, 0x30, 0x00, 0xFF, 0xE0, 0x00, 0x30, 0x20, 0x00, 0xFF, 0xE0, 0x00, 0x10, 0x60, 0x00, 0x07, 0xE0, 0x00, 0x18, 0x60,
    0x00, 0x07, 0xE0, 0x00, 0x18, 0x60, 0x00, 0x07, 0xE0, 0x00, 0x18, 0x40, 0x00, 0x07, 0xE0, 0x00, 0x08, 0xC0, 0x00, 0x07, 0xE0, 0x00, 0x0C, 0xC0,
    0x00, 0x07, 0xE0, 0x00, 0x0C, 0xC0, 0x00, 0x07, 0xE0, 0x00, 0x0C, 0xC0, 0x00, 0x07, 0xE0, 0x00, 0x0C, 0xC0, 0x00, 0x07, 0xE0, 0x00, 0x0C, 0xC0,
    0x00, 0x07, 0xE0, 0x00, 0x08, 0x40, 0x00, 0x07, 0xE0, 0x00, 0x08, 0x60, 0x00, 0x07, 0xE0, 0x00, 0x18, 0x60, 0x00, 0x07, 0xE0, 0x00, 0x18, 0x60,
    0x00, 0x07, 0xE0, 0x00, 0x18, 0x30, 0x00, 0x07, 0xE0, 0x00, 0x30, 0x30, 0x00, 0x07, 0xE0, 0x00, 0x30, 0x18, 0x00, 0x07, 0xE0, 0x00, 0x60, 0x18,
    0x00, 0x07, 0xE0, 0x00, 0x60, 0x0C, 0x00, 0x07, 0xE0, 0x00, 0xC0, 0x0C, 0x00, 0x00, 0x00, 0x00, 0xC0, 0x06, 0x00, 0x00, 0x00, 0x01, 0x80, 0x03,
    0x00, 0x00, 0x00, 0x03, 0x00, 0x01, 0x80, 0x00, 0x00, 0x06, 0x00, 0x00, 0xE0, 0x00, 0x00, 0x1C, 0x00, 0x00, 0x70, 0x00, 0x00, 0x38, 0x00, 0x00,
    0x3C, 0x00, 0x00, 0xF0, 0x00, 0x00, 0x0F, 0x00, 0x03, 0xC0, 0x00, 0x00, 0x03, 0xFC, 0xFF, 0x00, 0x00, 0x00, 0x00, 0x7F, 0xFC, 0x00, 0x00, 0x00,
    0x00, 0x1F, 0xE0, 0x00, 0x00, 0x00, 0x01, 0xFF, 0xFE, 0x00, 0x00, 0x00, 0x07, 0xC0, 0x0F, 0x80, 0x00, 0x00, 0x1E, 0x00, 0x01, 0xE0, 0x00, 0x00,
    0x38, 0x00, 0x00, 0x70, 0x00, 0x00, 0xE0, 0x00, 0x00, 0x1C, 0x00, 0x01, 0xC0, 0x00, 0x00, 0x0E, 0x00, 0x03, 0x80, 0x00, 0x00, 0x07, 0x00, 0x07,
    0x00, 0x00, 0x00, 0x03, 0x80, 0x06, 0x00, 0x07, 0x80, 0x01, 0x80, 0x0C, 0x00, 0x3F, 0xF0, 0x00, 0xC0, 0x18, 0x00, 0xFF, 0xF8, 0x00, 0x60, 0x18,
    0x01, 0xFF, 0xFC, 0x00, 0x60, 0x30, 0x03, 0xFF, 0xFE, 0x00, 0x30, 0x30, 0x01, 0xF0, 0xFE, 0x00, 0x30, 0x20, 0x00, 0xE0, 0x7F, 0x00, 0x10, 0x60,
    0x00, 0x40, 0x3F, 0x00, 0x18, 0x60, 0x00, 0x00, 0x3F, 0x00, 0x18, 0x60, 0x00, 0x00, 0x3F, 0x00, 0x18, 0x40, 0x00, 0x00, 0x3F, 0x00, 0x08, 0xC0,
    0x00, 0x00, 0x7E, 0x00, 0x0C, 0xC0, 0x00, 0x00, 0x7E, 0x00, 0x0C, 0xC0, 0x00, 0x00, 0xFC, 0x00, 0x0C, 0xC0, 0x00, 0x01, 0xF8, 0x00, 0x0C, 0xC0,
    0x00, 0x03, 0xF8, 0x00, 0x0C, 0xC0, 0x00, 0x07, 0xF0, 0x00, 0x08, 0x40, 0x00, 0x0F, 0xE0, 0x00, 0x08, 0x60, 0x00, 0x1F, 0xC0, 0x00, 0x18, 0x60,
    0x00, 0x3F, 0x80, 0x00, 0x18, 0x60, 0x00, 0x7F, 0x00, 0x00, 0x18, 0x30, 0x00, 0xFF, 0xFF, 0x80, 0x30, 0x30, 0x03, 0xFF, 0xFF, 0x80, 0x30, 0x18,
    0x03, 0xFF, 0xFF, 0x80, 0x60, 0x18, 0x03, 0xFF, 0xFF, 0x80, 0x60, 0x0C, 0x03, 0xFF, 0xFF, 0x80, 0xC0, 0x0C, 0x00, 0x00, 0x00, 0x00, 0xC0, 0x06,
    0x00, 0x00, 0x00, 0x01, 0x80, 0x03, 0x00, 0x00, 0x00, 0x03, 0x00, 0x01, 0x80, 0x00, 0x00, 0x06, 0x00, 0x00, 0xE0, 0x00, 0x00, 0x1C, 0x00, 0x00,
    0x70, 0x00, 0x00, 0x38, 0x00, 0x00, 0x3C, 0x00, 0x00, 0xF0, 0x00, 0x00, 0x0F, 0x00, 0x03, 0xC0, 0x00, 0x00, 0x03, 0xFC, 0xFF, 0x00, 0x00, 0x00,
    0x00, 0x7F, 0xFC, 0x00, 0x00, 0x00, 0x00, 0x1F, 0xE0, 0x00, 0x00, 0x00, 0x01, 0xFF, 0xFE, 0x00, 0x00, 0x00, 0x07, 0xC0, 0x0F, 0x80, 0x00, 0x00,
    0x1E, 0x00, 0x01, 0xE0, 0x00, 0x00, 0x38, 0x00, 0x00, 0x70, 0x00, 0x00, 0xE0, 0x00, 0x00, 0x1C, 0x00, 0x01, 0xC0, 0x00, 0x00, 0x0E, 0x00, 0x03,
    0x80, 0x00, 0x00, 0x07, 0x00, 0x07, 0x00, 0x00, 0x00, 0x03, 0x80, 0x06, 0x00, 0x07, 0x00, 0x01, 0x80, 0x0C, 0x00, 0x7F, 0xF0, 0x00, 0xC0, 0x18,
    0x01, 0xFF, 0xFC, 0x00, 0x60, 0x18, 0x03, 0xFF, 0xFE, 0x00, 0x60, 0x30, 0x03, 0xFF, 0xFE, 0x00, 0x30, 0x30, 0x01, 0xF0, 0xFF, 0x00, 0x30, 0x20,
    0x00, 0xC0, 0x7F, 0x00, 0x10, 0x60, 0x00, 0x00, 0x3F, 0x00, 0x18, 0x60, 0x00, 0x00, 0x3F, 0x00, 0x18, 0x60, 0x00, 0x00, 0x7E, 0x00, 0x18, 0x40,
    0x00, 0x00, 0xFE, 0x00, 0x08, 0xC0, 0x00, 0x1F, 0xFC, 0x00, 0x0C, 0xC0, 0x00, 0x1F, 0xF0, 0x00, 0x0C, 0xC0, 0x00, 0x1F, 0xF0, 0x00, 0x0C, 0xC0,
    0x00, 0x1F, 0xFC, 0x00, 0x0C, 0xC0, 0x00, 0x0F, 0xFE, 0x00, 0x0C, 0xC0, 0x00, 0x00, 0x7F, 0x00, 0x08, 0x40, 0x00, 0x00, 0x3F, 0x00, 0x18, 0x60,
    0x00, 0x00, 0x1F, 0x80, 0x18, 0x60, 0x01, 0x00, 0x3F, 0x80, 0x18, 0x60, 0x01, 0x80, 0x3F, 0x80, 0x18, 0x30, 0x03, 0xF0, 0x7F, 0x00, 0x30, 0x30,
    0x07, 0xFF, 0xFF, 0x00, 0x30, 0x18, 0x07, 0xFF, 0xFE, 0x00, 0x60, 0x18, 0x01, 0xFF, 0xFC, 0x00, 0x60, 0x0C, 0x00, 0xFF, 0xF0, 0x00, 0xC0, 0x0C,
    0x00, 0x0F, 0x80, 0x00, 0xC0, 0x06, 0x00, 0x00, 0x00, 0x01, 0x80, 0x03, 0x00, 0x00, 0x00, 0x03, 0x00, 0x01, 0x80, 0x00, 0x00, 0x06, 0x00, 0x00,
    0xE0, 0x00, 0x00, 0x1C, 0x00, 0x00, 0x70, 0x00, 0x00, 0x38, 0x00, 0x00, 0x3C, 0x00, 0x00, 0xF0, 0x00, 0x00, 0x0F, 0x00, 0x03, 0xC0, 0x00, 0x00,
    0x03, 0xFC, 0xFF, 0x00, 0x00, 0x00, 0x00, 0x7F, 0xFC, 0x00, 0x00, 0x00, 0x00, 0x1F, 0xE0, 0x00, 0x00, 0x00, 0x01, 0xFF, 0xFE, 0x00, 0x00, 0x00,
    0x07, 0xC0, 0x0F, 0x80, 0x00, 0x00, 0x1E, 0x00, 0x01, 0xE0, 0x00, 0x00, 0x38, 0x00, 0x00, 0x70, 0x00, 0x00, 0xE0, 0x00, 0x00, 0x1C, 0x00, 0x01,
    0xC0, 0x00, 0x00, 0x0E, 0x00, 0x03, 0x80, 0x00, 0x00, 0x07, 0x00, 0x07, 0x00, 0x00, 0x00, 0x03, 0x80, 0x06, 0x00, 0x00, 0x00, 0x01, 0x80, 0x0C,
    0x00, 0x07, 0xF8, 0x00, 0xC0, 0x18, 0x00, 0x07, 0xF8, 0x00, 0x60, 0x18, 0x00, 0x0F, 0xF8, 0x00, 0x60, 0x30, 0x00, 0x1F, 0xF8, 0x00, 0x30, 0x30,
    0x00, 0x1F, 0xF8, 0x00, 0x30, 0x20, 0x00, 0x3E, 0xF8, 0x00, 0x10, 0x60, 0x00, 0x7E, 0xF8, 0x00, 0x18, 0x60, 0x00, 0x7C, 0xF8, 0x00, 0x18, 0x60,
    0x00, 0xFD, 0xF8, 0x00, 0x18, 0x40, 0x01, 0xF9, 0xF8, 0x00, 0x08, 0xC0, 0x01, 0xF1, 0xF8, 0x00, 0x0C, 0xC0, 0x03, 0xF1, 0xF8, 0x00, 0x0C, 0xC0,
    0x07, 0xE1, 0xF8, 0x00, 0x0C, 0xC0, 0x07, 0xC1, 0xF8, 0x00, 0x0C, 0xC0, 0x0F, 0x81, 0xF8, 0x00, 0x0C, 0xC0, 0x0F, 0xFF, 0xFF, 0x00, 0x08, 0x40,
    0x0F, 0xFF, 0xFF, 0x00, 0x08, 0x60, 0x0F, 0xFF, 0xFF, 0x00, 0x18, 0x60, 0x0F, 0xFF, 0xFF, 0x00, 0x18, 0x60, 0x00, 0x01, 0xF8, 0x00, 0x18, 0x30,
    0x00, 0x01, 0xF8, 0x00, 0x30, 0x30, 0x00, 0x01, 0xF8, 0x00, 0x30, 0x18, 0x00, 0x01, 0xF8, 0x00, 0x60, 0x18, 0x00, 0x01, 0xF8, 0x00, 0x60, 0x0C,
    0x00, 0x01, 0xF8, 0x00, 0xC0, 0x0C, 0x00, 0x00, 0x00, 0x00, 0xC0, 0x06, 0x00, 0x00, 0x00, 0x01, 0x80, 0x03, 0x00, 0x00, 0x00, 0x03, 0x00, 0x01,
    0x80, 0x00, 0x00, 0x06, 0x00, 0x00, 0xE0, 0x00, 0x00, 0x1C, 0x00, 0x00, 0x70, 0x00, 0x00, 0x38, 0x00, 0x00, 0x3C, 0x00, 0x00, 0xF0, 0x00, 0x00,
    0x0F, 0x00, 0x03, 0xC0, 0x00, 0x00, 0x03, 0xFC, 0xFF, 0x00, 0x00, 0x00, 0x00, 0x7F, 0xFC, 0x00, 0x00, 0x00, 0x00, 0x1F, 0xE0, 0x00, 0x00, 0x00,
    0x01, 0xFF, 0xFE, 0x00, 0x00, 0x00, 0x07, 0xC0, 0x0F, 0x80, 0x00, 0x00, 0x1E, 0x00, 0x01, 0xE0, 0x00, 0x00, 0x38, 0x00, 0x00, 0x70, 0x00, 0x00,
    0xE0, 0x00, 0x00, 0x1C, 0x00, 0x01, 0xC0, 0x00, 0x00, 0x0E, 0x00, 0x03, 0x80, 0x00, 0x00, 0x07, 0x00, 0x07, 0x00, 0x00, 0x00, 0x03, 0x80, 0x06,
    0x00, 0x00, 0x00, 0x01, 0x80, 0x0C, 0x00, 0xFF, 0xFF, 0x00, 0xC0, 0x18, 0x00, 0xFF, 0xFF, 0x00, 0x60, 0x18, 0x00, 0xFF, 0xFF, 0x00, 0x60, 0x30,
    0x00, 0xFF, 0xFF, 0x00, 0x30, 0x30, 0x00, 0xFF, 0xFF, 0x00, 0x30, 0x20, 0x00, 0xF8, 0x00, 0x00, 0x10, 0x60, 0x00, 0xF8, 0x00, 0x00, 0x18, 0x60,
    0x00, 0xF8, 0x00, 0x00, 0x18, 0x60, 0x00, 0xF8, 0x00, 0x00, 0x18, 0x40, 0x00, 0xFF, 0xF0, 0x00, 0x08, 0xC0, 0x00, 0xFF, 0xFC, 0x00, 0x0C, 0xC0,
    0x00, 0xFF, 0xFE, 0x00, 0x0C, 0xC0, 0x01, 0xFF, 0xFF, 0x00, 0x0C, 0xC0, 0x00, 0x70, 0x7F, 0x00, 0x0C, 0xC0, 0x00, 0x20, 0x3F, 0x80, 0x0C, 0xC0,
    0x00, 0x00, 0x1F, 0x80, 0x08, 0x40, 0x00, 0x00, 0x1F, 0x80, 0x08, 0x60, 0x00, 0x00, 0x1F, 0x80, 0x18, 0x60, 0x00, 0x80, 0x1F, 0x80, 0x18, 0x60,
    0x01, 0xC0, 0x3F, 0x80, 0x18, 0x30, 0x03, 0xF0, 0xFF, 0x00, 0x30, 0x30, 0x03, 0xFF, 0xFF, 0x00, 0x30, 0x18, 0x07, 0xFF, 0xFE, 0x00, 0x60, 0x18,
    0x01, 0xFF, 0xFC, 0x00, 0x60, 0x0C, 0x00, 0x7F, 0xF0, 0x00, 0xC0, 0x0C, 0x00, 0x07, 0x00, 0x00, 0xC0, 0x06, 0x00, 0x00, 0x00, 0x01, 0x80, 0x03,
    0x00, 0x00, 0x00, 0x03, 0x00, 0x01, 0x80, 0x00, 0x00, 0x06, 0x00, 0x00, 0xE0, 0x00, 0x00, 0x1C, 0x00, 0x00, 0x70, 0x00, 0x00, 0x38, 0x00, 0x00,
    0x3C, 0x00, 0x00, 0xF0, 0x00, 0x00, 0x0F, 0x00, 0x03, 0xC0, 0x00, 0x00, 0x03, 0xFC, 0xFF, 0x00, 0x00, 0x00, 0x00, 0x7F, 0xFC, 0x00, 0x00, 0x00,
    0x00, 0x1F, 0xE0, 0x00, 0x00, 0x00, 0x01, 0xFF, 0xFE, 0x00, 0x00, 0x00, 0x07, 0xC0, 0x0F, 0x80, 0x00, 0x00, 0x1E, 0x00, 0x01, 0xE0, 0x00, 0x00,
    0x38, 0x00, 0x00, 0x70, 0x00, 0x00, 0xE0, 0x00, 0x00, 0x1C, 0x00, 0x01, 0xC0, 0x00, 0x00, 0x0E, 0x00, 0x03, 0x80, 0x00, 0x00, 0x07, 0x00, 0x07,
    0x00, 0x00, 0x00, 0x03, 0x80, 0x06, 0x00, 0x01, 0xC0, 0x01, 0x80, 0x0C, 0x00, 0x1F, 0xF8, 0x00, 0xC0, 0x18, 0x00, 0x7F, 0xFE, 0x00, 0x60, 0x18,
    0x00, 0xFF, 0xFF, 0x00, 0x60, 0x30, 0x01, 0xFF, 0xFE, 0x00, 0x30, 0x30, 0x01, 0xFE, 0x3C, 0x00, 0x30, 0x20, 0x03, 0xF8, 0x08, 0x00, 0x10, 0x60,
    0x03, 0xF0, 0x00, 0x00, 0x18, 0x60, 0x07, 0xE0, 0x00, 0x00, 0x18, 0x60, 0x07, 0xE0, 0x00, 0x00, 0x18, 0x40, 0x07, 0xC1, 0xE0, 0x00, 0x08, 0xC0,
    0x07, 0xCF, 0xF8, 0x00, 0x0C, 0xC0, 0x07, 0xDF, 0xFC, 0x00, 0x0C, 0xC0, 0x07, 0xFF, 0xFE, 0x00, 0x0C, 0xC0, 0x07, 0xFF, 0xFF, 0x00, 0x0C, 0xC0,
    0x07, 0xF0, 0x7F, 0x00, 0x0C, 0xC0, 0x07, 0xE0, 0x3F, 0x00, 0x08, 0x40, 0x07, 0xC0, 0x1F, 0x00, 0x18, 0x60, 0x07, 0xE0, 0x1F, 0x00, 0x18, 0x60,
    0x07, 0xE0, 0x1F, 0x00, 0x18, 0x60, 0x03, 0xF0, 0x3F, 0x00, 0x18, 0x30, 0x03, 0xF8, 0x7F, 0x00, 0x30, 0x30, 0x01, 0xFF, 0xFE, 0x00, 0x30, 0x18,
    0x01, 0xFF, 0xFC, 0x00, 0x60, 0x18, 0x00, 0x7F, 0xF8, 0x00, 0x60, 0x0C, 0x00, 0x3F, 0xF0, 0x00, 0xC0, 0x0C, 0x00, 0x07, 0x80, 0x00, 0xC0, 0x06,
    0x00, 0x00, 0x00, 0x01, 0x80, 0x03, 0x00, 0x00, 0x00, 0x03, 0x00, 0x01, 0x80, 0x00, 0x00, 0x06, 0x00, 0x00, 0xE0, 0x00, 0x00, 0x1C, 0x00, 0x00,
    0x70, 0x00, 0x00, 0x38, 0x00, 0x00, 0x3C, 0x00, 0x00, 0xF0, 0x00, 0x00, 0x0F, 0x00, 0x03, 0xC0, 0x00, 0x00, 0x03, 0xFC, 0xFF, 0x00, 0x00, 0x00,
    0x00, 0x7F, 0xFC, 0x00, 0x00, 0x00, 0x00, 0x1F, 0xE0, 0x00, 0x00, 0x00, 0x01, 0xFF, 0xFE, 0x00, 0x00, 0x00, 0x07, 0xC0, 0x0F, 0x80, 0x00, 0x00,
    0x1E, 0x00, 0x01, 0xE0, 0x00, 0x00, 0x38, 0x00, 0x00, 0x70, 0x00, 0x00, 0xE0, 0x00, 0x00, 0x1C, 0x00, 0x01, 0xC0, 0x00, 0x00, 0x0E, 0x00, 0x03,
    0x80, 0x00, 0x00, 0x07, 0x00, 0x07, 0x00, 0x00, 0x00, 0x03, 0x80, 0x06, 0x00, 0x00, 0x00, 0x01, 0x80, 0x0C, 0x03, 0xFF, 0xFF, 0x80, 0xC0, 0x18,
    0x03, 0xFF, 0xFF, 0x80, 0x60, 0x18, 0x03, 0xFF, 0xFF, 0x80, 0x60, 0x30, 0x03, 0xFF, 0xFF, 0x80, 0x30, 0x30, 0x03, 0xFF, 0xFF, 0x00, 0x30, 0x20,
    0x00, 0x00, 0x7E, 0x00, 0x10, 0x60, 0x00, 0x00, 0x7C, 0x00, 0x18, 0x60, 0x00, 0x00, 0xF8, 0x00, 0x18, 0x60, 0x00, 0x01, 0xF8, 0x00, 0x18, 0x40,
    0x00, 0x01, 0xF0, 0x00, 0x08, 0xC0, 0x00, 0x03, 0xF0, 0x00, 0x0C, 0xC0, 0x00, 0x03, 0xE0, 0x00, 0x0C, 0xC0, 0x00, 0x07, 0xE0, 0x00, 0x0C, 0xC0,
    0x00, 0x07, 0xC0, 0x00, 0x0C, 0xC0, 0x00, 0x0F, 0xC0, 0x00, 0x0C, 0xC0, 0x00, 0x0F, 0xC0, 0x00, 0x08, 0x40, 0x00, 0x0F, 0xC0, 0x00, 0x08, 0x60,
    0x00, 0x0F, 0x80, 0x00, 0x18, 0x60, 0x00, 0x1F, 0x80, 0x00, 0x18, 0x60, 0x00, 0x1F, 0x80, 0x00, 0x18, 0x30, 0x00, 0x1F, 0x80, 0x00, 0x30, 0x30,
    0x00, 0x1F, 0x80, 0x00, 0x30, 0x18, 0x00, 0x1F, 0x80, 0x00, 0x60, 0x18, 0x00, 0x1F, 0x80, 0x00, 0x60, 0x0C, 0x00, 0x1F, 0x80, 0x00, 0xC0, 0x0C,
    0x00, 0x00, 0x00, 0x00, 0xC0, 0x06, 0x00, 0x00, 0x00, 0x01, 0x80, 0x03, 0x00, 0x00, 0x00, 0x03, 0x00, 0x01, 0x80, 0x00, 0x00, 0x06, 0x00, 0x00,
    0xE0, 0x00, 0x00, 0x1C, 0x00, 0x00, 0x70, 0x00, 0x00, 0x38, 0x00, 0x00, 0x3C, 0x00, 0x00, 0xF0, 0x00, 0x00, 0x0F, 0x00, 0x03, 0xC0, 0x00, 0x00,
    0x03, 0xFC, 0xFF, 0x00, 0x00, 0x00, 0x00, 0x7F, 0xFC, 0x00, 0x00, 0x00, 0x00, 0x1F, 0xE0, 0x00, 0x00, 0x00, 0x01, 0xFF, 0xFE, 0x00, 0x00, 0x00,
    0x07, 0xC0, 0x0F, 0x80, 0x00, 0x00, 0x1E, 0x00, 0x01, 0xE0, 0x00, 0x00, 0x38, 0x00, 0x00, 0x70, 0x00, 0x00, 0xE0, 0x00, 0x00, 0x1C, 0x00, 0x01,
    0xC0, 0x00, 0x00, 0x0E, 0x00, 0x03, 0x80, 0x00, 0x00, 0x07, 0x00, 0x07, 0x00, 0x00, 0x00, 0x03, 0x80, 0x06, 0x00, 0x07, 0x00, 0x01, 0x80, 0x0C,
    0x00, 0x3F, 0xF0, 0x00, 0xC0, 0x18, 0x00, 0xFF, 0xFC, 0x00, 0x60, 0x18, 0x01, 0xFF, 0xFC, 0x00, 0x60, 0x30, 0x01, 0xFF, 0xFE, 0x00, 0x30, 0x30,
    0x03, 0xF0, 0x3E, 0x00, 0x30, 0x20, 0x03, 0xF0, 0x3F, 0x00, 0x10, 0x60, 0x03, 0xF0, 0x1F, 0x00, 0x18, 0x60, 0x03, 0xF0, 0x3E, 0x00, 0x18, 0x60,
    0x01, 0xF8, 0x3E, 0x00, 0x18, 0x40, 0x01, 0xFC, 0x7C, 0x00, 0x08, 0xC0, 0x00, 0xFF, 0xFC, 0x00, 0x0C, 0xC0, 0x00, 0x7F, 0xF0, 0x00, 0x0C, 0xC0,
    0x00, 0x3F, 0xF8, 0x00, 0x0C, 0xC0, 0x00, 0xFF, 0xFC, 0x00, 0x0C, 0xC0, 0x01, 0xF9, 0xFE, 0x00, 0x0C, 0xC0, 0x03, 0xF0, 0x7F, 0x00, 0x08, 0x40,
    0x03, 0xE0, 0x3F, 0x00, 0x18, 0x60, 0x07, 0xE0, 0x1F, 0x80, 0x18, 0x60, 0x07, 0xE0, 0x1F, 0x80, 0x18, 0x60, 0x07, 0xE0, 0x1F, 0x80, 0x18, 0x30,
    0x07, 0xF0, 0x3F, 0x00, 0x30, 0x30, 0x03, 0xFF, 0xFF, 0x00, 0x30, 0x18, 0x03, 0xFF, 0xFE, 0x00, 0x60, 0x18, 0x01, 0xFF, 0xFC, 0x00, 0x60, 0x0C,
    0x00, 0x7F, 0xF8, 0x00, 0xC0, 0x0C, 0x00, 0x0F, 0xC0, 0x00, 0xC0, 0x06, 0x00, 0x00, 0x00, 0x01, 0x80, 0x03, 0x00, 0x00, 0x00, 0x03, 0x00, 0x01,
    0x80, 0x00, 0x00, 0x06, 0x00, 0x00, 0xE0, 0x00, 0x00, 0x1C, 0x00, 0x00, 0x70, 0x00, 0x00, 0x38, 0x00, 0x00, 0x3C, 0x00, 0x00, 0xF0, 0x00, 0x00,
    0x0F, 0x00, 0x03, 0xC0, 0x00, 0x00, 0x03, 0xFC, 0xFF, 0x00, 0x00, 0x00, 0x00, 0x7F, 0xFC, 0x00, 0x00, 0x00, 0x00, 0x1F, 0xE0, 0x00, 0x00, 0x00,
    0x01, 0xFF, 0xFE, 0x00, 0x00, 0x00, 0x07, 0xC0, 0x0F, 0x80, 0x00, 0x00, 0x1E, 0x00, 0x01, 0xE0, 0x00, 0x00, 0x38, 0x00, 0x00, 0x70, 0x00, 0x00,
    0xE0, 0x00, 0x00, 0x1C, 0x00, 0x01, 0xC0, 0x00, 0x00, 0x0E, 0x00, 0x03, 0x80, 0x00, 0x00, 0x07, 0x00, 0x07, 0x00, 0x00, 0x00, 0x03, 0x80, 0x06,
    0x00, 0x07, 0x00, 0x01, 0x80, 0x0C, 0x00, 0x3F, 0xF0, 0x00, 0xC0, 0x18, 0x00, 0x7F, 0xF8, 0x00, 0x60, 0x18, 0x00, 0xFF, 0xFC, 0x00, 0x60, 0x30,
    0x01, 0xFF, 0xFE, 0x00, 0x30, 0x30, 0x03, 0xF8, 0x7F, 0x00, 0x30, 0x20, 0x03, 0xF0, 0x3F, 0x00, 0x10, 0x60, 0x03, 0xE0, 0x1F, 0x80, 0x18, 0x60,
    0x03, 0xE0, 0x1F, 0x80, 0x18, 0x60, 0x03, 0xE0, 0x1F, 0x80, 0x18, 0x40, 0x03, 0xF0, 0x1F, 0x80, 0x08, 0xC0, 0x03, 0xF0, 0x3F, 0x80, 0x0C, 0xC0,
    0x03, 0xFF, 0xFF, 0x80, 0x0C, 0xC0, 0x01, 0xFF, 0xFF, 0x80, 0x0C, 0xC0, 0x00, 0xFF, 0xEF, 0x80, 0x0C, 0xC0, 0x00, 0x7F, 0xCF, 0x80, 0x0C, 0xC0,
    0x00, 0x0F, 0x1F, 0x80, 0x08, 0x40, 0x00, 0x00, 0x1F, 0x80, 0x18, 0x60, 0x00, 0x00, 0x1F, 0x80, 0x18, 0x60, 0x00, 0x00, 0x3F, 0x00, 0x18, 0x60,
    0x00, 0x40, 0x7F, 0x00, 0x18, 0x30, 0x00, 0xF0, 0xFE, 0x00, 0x30, 0x30, 0x01, 0xFF, 0xFE, 0x00, 0x30, 0x18, 0x03, 0xFF, 0xFC, 0x00, 0x60, 0x18,
    0x01, 0xFF, 0xF8, 0x00, 0x60, 0x0C, 0x00, 0x7F, 0xE0, 0x00, 0xC0, 0x0C, 0x00, 0x0F, 0x00, 0x00, 0xC0, 0x06, 0x00, 0x00, 0x00, 0x01, 0x80, 0x03,
    0x00, 0x00, 0x00, 0x03, 0x00, 0x01, 0x80, 0x00, 0x00, 0x06, 0x00, 0x00, 0xE0, 0x00, 0x00, 0x1C, 0x00, 0x00, 0x70, 0x00, 0x00, 0x38, 0x00, 0x00,
    0x3C, 0x00, 0x00, 0xF0, 0x00, 0x00, 0x0F, 0x00, 0x03, 0xC0, 0x00, 0x00, 0x03, 0xFC, 0xFF, 0x00, 0x00, 0x00, 0x00, 0x7F, 0xFC, 0x00, 0x00, 0x00,
    0x00, 0x1F, 0xE0, 0x00, 0x00, 0x00, 0x01, 0xFF, 0xFE, 0x00, 0x00, 0x00, 0x07, 0xC0, 0x0F, 0x80, 0x00, 0x00, 0x1E, 0x00, 0x01, 0xE0, 0x00, 0x00,
    0x38, 0x00, 0x00, 0x70, 0x00, 0x00, 0xE0, 0x00, 0x00, 0x1C, 0x00, 0x01, 0xC0, 0x00, 0x00, 0x0E, 0x00, 0x03, 0x80, 0x00, 0x00, 0x07, 0x00, 0x07,
    0x00, 0x00, 0x00, 0x03, 0x80, 0x06, 0x00, 0x00, 0x0F, 0x01, 0x80, 0x0C, 0x0F, 0xC0, 0x3F, 0xC0, 0xC0, 0x18, 0x3F, 0xC0, 0x7F, 0xE0, 0x60, 0x18,
    0xFF, 0xC0, 0xFF, 0xF0, 0x60, 0x30, 0xFF, 0xC1, 0xFF, 0xF0, 0x30, 0x30, 0xFF, 0xC1, 0xF9, 0xF8, 0x30, 0x20, 0xFF, 0xC3, 0xF0, 0xF8, 0x10, 0x60,
    0x0F, 0xC3, 0xF0, 0xF8, 0x18, 0x60, 0x0F, 0xC3, 0xE0, 0xFC, 0x18, 0x60, 0x0F, 0xC3, 0xE0, 0xFC, 0x18, 0x40, 0x0F, 0xC3, 0xE0, 0xFC, 0x08, 0xC0,
    0x0F, 0xC7, 0xE0, 0xFC, 0x0C, 0xC0, 0x0F, 0xC7, 0xE0, 0x7C, 0x0C, 0xC0, 0x0F, 0xC7, 0xE0, 0x7C, 0x0C, 0xC0, 0x0F, 0xC7, 0xE0, 0xFC, 0x0C, 0xC0,
    0x0F, 0xC3, 0xE0, 0xFC, 0x0C, 0xC0, 0x0F, 0xC3, 0xE0, 0xFC, 0x08, 0x40, 0x0F, 0xC3, 0xE0, 0xFC, 0x08, 0x60, 0x0F, 0xC3, 0xF0, 0xFC, 0x18, 0x60,
    0x0F, 0xC3, 0xF0, 0xF8, 0x18, 0x60, 0x0F, 0xC1, 0xF0, 0xF8, 0x18, 0x30, 0x0F, 0xC1, 0xF9, 0xF8, 0x30, 0x30, 0x0F, 0xC1, 0xFF, 0xF0, 0x30, 0x18,
    0x0F, 0xC0, 0xFF, 0xF0, 0x60, 0x18, 0x0F, 0xC0, 0x7F, 0xE0, 0x60, 0x0C, 0x0F, 0xC0, 0x3F, 0xC0, 0xC0, 0x0C, 0x00, 0x00, 0x06, 0x00, 0xC0, 0x06,
    0x00, 0x00, 0x00, 0x01, 0x80, 0x03, 0x00, 0x00, 0x00, 0x03, 0x00, 0x01, 0x80, 0x00, 0x00, 0x06, 0x00, 0x00, 0xE0, 0x00, 0x00, 0x1C, 0x00, 0x00,
    0x70, 0x00, 0x00, 0x38, 0x00, 0x00, 0x3C, 0x00, 0x00, 0xF0, 0x00, 0x00, 0x0F, 0x00, 0x03, 0xC0, 0x00, 0x00, 0x03, 0xFC, 0xFF, 0x00, 0x00, 0x00,
    0x00, 0x7F, 0xFC, 0x00, 0x00, 0x00, 0x00, 0x1F, 0xE0, 0x00, 0x00, 0x00, 0x01, 0xFF, 0xFE, 0x00, 0x00, 0x00, 0x07, 0xC0, 0x0F, 0x80, 0x00, 0x00,
    0x1E, 0x00, 0x01, 0xE0, 0x00, 0x00, 0x38, 0x00, 0x00, 0x70, 0x00, 0x00, 0xE0, 0x00, 0x00, 0x1C, 0x00, 0x01, 0xC0, 0x00, 0x00, 0x0E, 0x00, 0x03,
    0x80, 0x00, 0x00, 0x07, 0x00, 0x07, 0x00, 0x00, 0x00, 0x03, 0x80, 0x06, 0x00, 0x00, 0x00, 0x01, 0x80, 0x0C, 0x03, 0xF0, 0x0F, 0xC0, 0xC0, 0x18,
    0x0F, 0xF0, 0x3F, 0xC0, 0x60, 0x18, 0x3F, 0xF0, 0xFF, 0xC0, 0x60, 0x30, 0x3F, 0xF0, 0xFF, 0xC0, 0x30, 0x30, 0x3F, 0xF0, 0xFF, 0xC0, 0x30, 0x20,
    0x3F, 0xF0, 0xFF, 0xC0, 0x10, 0x60, 0x03, 0xF0, 0x0F, 0xC0, 0x18, 0x60, 0x03, 0xF0, 0x0F, 0xC0, 0x18, 0x60, 0x03, 0xF0, 0x0F, 0xC0, 0x18, 0x40,
    0x03, 0xF0, 0x0F, 0xC0, 0x08, 0xC0, 0x03, 0xF0, 0x0F, 0xC0, 0x0C, 0xC0, 0x03, 0xF0, 0x0F, 0xC0, 0x0C, 0xC0, 0x03, 0xF0, 0x0F, 0xC0, 0x0C, 0xC0,
    0x03, 0xF0, 0x0F, 0xC0, 0x0C, 0xC0, 0x03, 0xF0, 0x0F, 0xC0, 0x0C, 0xC0, 0x03, 0xF0, 0x0F, 0xC0, 0x08, 0x40, 0x03, 0xF0, 0x0F, 0xC0, 0x08, 0x60,
    0x03, 0xF0, 0x0F, 0xC0, 0x18, 0x60, 0x03, 0xF0, 0x0F, 0xC0, 0x18, 0x60, 0x03, 0xF0, 0x0F, 0xC0, 0x18, 0x30, 0x03, 0xF0, 0x0F, 0xC0, 0x30, 0x30,
    0x03, 0xF0, 0x0F, 0xC0, 0x30, 0x18, 0x03, 0xF0, 0x0F, 0xC0, 0x60, 0x18, 0x03, 0xF0, 0x0F, 0xC0, 0x60, 0x0C, 0x03, 0xF0, 0x0F, 0xC0, 0xC0, 0x0C,
    0x00, 0x00, 0x00, 0x00, 0xC0, 0x06, 0x00, 0x00, 0x00, 0x01, 0x80, 0x03, 0x00, 0x00, 0x00, 0x03, 0x00, 0x01, 0x80, 0x00, 0x00, 0x06, 0x00, 0x00,
    0xE0, 0x00, 0x00, 0x1C, 0x00, 0x00, 0x70, 0x00, 0x00, 0x38, 0x00, 0x00, 0x3C, 0x00, 0x00, 0xF0, 0x00, 0x00, 0x0F, 0x00, 0x03, 0xC0, 0x00, 0x00,
    0x03, 0xFC, 0xFF, 0x00, 0x00, 0x00, 0x00, 0x7F, 0xFC, 0x00, 0x00, 0x00, 0x00, 0x1F, 0xE0, 0x00, 0x00, 0x00, 0x01, 0xFF, 0xFE, 0x00, 0x00, 0x00,
    0x07, 0xC0, 0x0F, 0x80, 0x00, 0x00, 0x1E, 0x00, 0x01, 0xE0, 0x00, 0x00, 0x38, 0x00, 0x00, 0x70, 0x00, 0x00, 0xE0, 0x00, 0x00, 0x1C, 0x00, 0x01,
    0xC0, 0x00, 0x00, 0x0E, 0x00, 0x03, 0x80, 0x00, 0x00, 0x07, 0x00, 0x07, 0x00, 0x00, 0x00, 0x03, 0x80, 0x06, 0x00, 0x00, 0x1C, 0x01, 0x80, 0x0C,
    0x0F, 0xC0, 0xFF, 0x80, 0xC0, 0x18, 0x3F, 0xC1, 0xFF, 0xC0, 0x60, 0x18, 0xFF, 0xC7, 0xFF, 0xE0, 0x60, 0x30, 0xFF, 0xC3, 0xFF, 0xE0, 0x30, 0x30,
    0xFF, 0xC1, 0xE7, 0xE0, 0x30, 0x20, 0xFF, 0xC0, 0x83, 0xF0, 0x10, 0x60, 0x0F, 0xC0, 0x03, 0xF0, 0x18, 0x60, 0x0F, 0xC0, 0x03, 0xF0, 0x18, 0x60,
    0x0F, 0xC0, 0x03, 0xF0, 0x18, 0x40, 0x0F, 0xC0, 0x03, 0xF0, 0x08, 0xC0, 0x0F, 0xC0, 0x03, 0xE0, 0x0C, 0xC0, 0x0F, 0xC0, 0x07, 0xE0, 0x0C, 0xC0,
    0x0F, 0xC0, 0x07, 0xC0, 0x0C, 0xC0, 0x0F, 0xC0, 0x0F, 0xC0, 0x0C, 0xC0, 0x0F, 0xC0, 0x0F, 0x80, 0x0C, 0xC0, 0x0F, 0xC0, 0x1F, 0x80, 0x08, 0x40,
    0x0F, 0xC0, 0x3F, 0x00, 0x08, 0x60, 0x0F, 0xC0, 0x7E, 0x00, 0x18, 0x60, 0x0F, 0xC0, 0xFE, 0x00, 0x18, 0x60, 0x0F, 0xC0, 0xFC, 0x00, 0x18, 0x30,
    0x0F, 0xC1, 0xFF, 0xF0, 0x30, 0x30, 0x0F, 0xC3, 0xFF, 0xF0, 0x30, 0x18, 0x0F, 0xC3, 0xFF, 0xF0, 0x60, 0x18, 0x0F, 0xC3, 0xFF, 0xF0, 0x60, 0x0C,
    0x0F, 0xC3, 0xFF, 0xF0, 0xC0, 0x0C, 0x00, 0x00, 0x00, 0x00, 0xC0, 0x06, 0x00, 0x00, 0x00, 0x01, 0x80, 0x03, 0x00, 0x00, 0x00, 0x03, 0x00, 0x01,
    0x80, 0x00, 0x00, 0x06, 0x00, 0x00, 0xE0, 0x00, 0x00, 0x1C, 0x00, 0x00, 0x70, 0x00, 0x00, 0x38, 0x00, 0x00, 0x3C, 0x00, 0x00, 0xF0, 0x00, 0x00,
    0x0F, 0x00, 0x03, 0xC0, 0x00, 0x00, 0x03, 0xFC, 0xFF, 0x00, 0x00, 0x00, 0x00, 0x7F, 0xFC, 0x00, 0x00, 0x00, 0x00, 0x1F, 0xE0, 0x00, 0x00, 0x00,
    0x01, 0xFF, 0xFE, 0x00, 0x00, 0x00, 0x07, 0xC0, 0x0F, 0x80, 0x00, 0x00, 0x1E, 0x00, 0x01, 0xE0, 0x00, 0x00, 0x38, 0x00, 0x00, 0x70, 0x00, 0x00,
    0xE0, 0x00, 0x00, 0x1C, 0x00, 0x01, 0xC0, 0x00, 0x00, 0x0E, 0x00, 0x03, 0x80, 0x00, 0x00, 0x07, 0x00, 0x07, 0x00, 0x00, 0x00, 0x03, 0x80, 0x06,
    0x00, 0x00, 0x1C, 0x01, 0x80, 0x0C, 0x07, 0xC0, 0xFF, 0x80, 0xC0, 0x18, 0x1F, 0xC3, 0xFF, 0xC0, 0x60, 0x18, 0xFF, 0xC3, 0xFF, 0xE0, 0x60, 0x30,
    0xFF, 0xC1, 0xFF, 0xF0, 0x30, 0x30, 0xFF, 0xC0, 0xC7, 0xF0, 0x30, 0x20, 0xFF, 0xC0, 0x83, 0xF0, 0x10, 0x60, 0x0F, 0xC0, 0x03, 0xF0, 0x18, 0x60,
    0x0F, 0xC0, 0x03, 0xF0, 0x18, 0x60, 0x0F, 0xC0, 0x03, 0xF0, 0x18, 0x40, 0x0F, 0xC0, 0x07, 0xE0, 0x08, 0xC0, 0x0F, 0xC0, 0x3F, 0xC0, 0x0C, 0xC0,
    0x0F, 0xC0, 0x3F, 0x80, 0x0C, 0xC0, 0x0F, 0xC0, 0x3F, 0x80, 0x0C, 0xC0, 0x0F, 0xC0, 0x3F, 0xE0, 0x0C, 0xC0, 0x0F, 0xC0, 0x3F, 0xF0, 0x0C, 0xC0,
    0x0F, 0xC0, 0x03, 0xF0, 0x08, 0x40, 0x0F, 0xC0, 0x01, 0xF8, 0x18, 0x60, 0x0F, 0xC0, 0x01, 0xF8, 0x18, 0x60, 0x0F, 0xC0, 0x01, 0xF8, 0x18, 0x60,
    0x0F, 0xC1, 0x81, 0xF8, 0x18, 0x30, 0x0F, 0xC1, 0xC3, 0xF8, 0x30, 0x30, 0x0F, 0xC3, 0xFF, 0xF0, 0x30, 0x18, 0x0F, 0xC7, 0xFF, 0xF0, 0x60, 0x18,
    0x0F, 0xC3, 0xFF, 0xE0, 0x60, 0x0C, 0x0F, 0xC1, 0xFF, 0x80, 0xC0, 0x0C, 0x00, 0x00, 0x3E, 0x00, 0xC0, 0x06, 0x00, 0x00, 0x00, 0x01, 0x80, 0x03,
    0x00, 0x00, 0x00, 0x03, 0x00, 0x01, 0x80, 0x00, 0x00, 0x06, 0x00, 0x00, 0xE0, 0x00, 0x00, 0x1C, 0x00, 0x00, 0x70, 0x00, 0x00, 0x38, 0x00, 0x00,
    0x3C, 0x00, 0x00, 0xF0, 0x00, 0x00, 0x0F, 0x00, 0x03, 0xC0, 0x00, 0x00, 0x03, 0xFC, 0xFF, 0x00, 0x00, 0x00, 0x00, 0x7F, 0xFC, 0x00, 0x00, 0x00,
    0x00, 0x1F, 0xE0, 0x00, 0x00, 0x00, 0x01, 0xFF, 0xFE, 0x00, 0x00, 0x00, 0x07, 0xC0, 0x0F, 0x80, 0x00, 0x00, 0x1E, 0x00, 0x01, 0xE0, 0x00, 0x00,
    0x38, 0x00, 0x00, 0x70, 0x00, 0x00, 0xE0, 0x00, 0x00, 0x1C, 0x00, 0x01, 0xC0, 0x00, 0x00, 0x0E, 0x00, 0x03, 0x80, 0x00, 0x00, 0x07, 0x00, 0x07,
    0x00, 0x00, 0x00, 0x03, 0x80, 0x06, 0x00, 0x00, 0x00, 0x01, 0x80, 0x0C, 0x0F, 0xC0, 0x0F, 0xE0, 0xC0, 0x18, 0x3F, 0xC0, 0x0F, 0xE0, 0x60, 0x18,
    0xFF, 0xC0, 0x1F, 0xE0, 0x60, 0x30, 0xFF, 0xC0, 0x1F, 0xE0, 0x30, 0x30, 0xFF, 0xC0, 0x3F, 0xE0, 0x30, 0x20, 0xFF, 0xC0, 0x3F, 0xE0, 0x10, 0x60,
    0x0F, 0xC0, 0x7F, 0xE0, 0x18, 0x60, 0x0F, 0xC0, 0x7B, 0xE0, 0x18, 0x60, 0x0F, 0xC0, 0xFB, 0xE0, 0x18, 0x40, 0x0F, 0xC0, 0xF3, 0xE0, 0x08, 0xC0,
    0x0F, 0xC1, 0xF3, 0xE0, 0x0C, 0xC0, 0x0F, 0xC1, 0xE3, 0xE0, 0x0C, 0xC0, 0x0F, 0xC3, 0xE3, 0xE0, 0x0C, 0xC0, 0x0F, 0xC3, 0xC3, 0xE0, 0x0C, 0xC0,
    0x0F, 0xC7, 0xC3, 0xE0, 0x0C, 0xC0, 0x0F, 0xC7, 0xFF, 0xFC, 0x08, 0x40, 0x0F, 0xC7, 0xFF, 0xFC, 0x08, 0x60, 0x0F, 0xC7, 0xFF, 0xFC, 0x18, 0x60,
    0x0F, 0xC7, 0xFF, 0xFC, 0x18, 0x60, 0x0F, 0xC0, 0x03, 0xE0, 0x18, 0x30, 0x0F, 0xC0, 0x03, 0xE0, 0x30, 0x30, 0x0F, 0xC0, 0x03, 0xE0, 0x30, 0x18,
    0x0F, 0xC0, 0x03, 0xE0, 0x60, 0x18, 0x0F, 0xC0, 0x03, 0xE0, 0x60, 0x0C, 0x0F, 0xC0, 0x03, 0xE0, 0xC0, 0x0C, 0x00, 0x00, 0x00, 0x00, 0xC0, 0x06,
    0x00, 0x00, 0x00, 0x01, 0x80, 0x03, 0x00, 0x00, 0x00, 0x03, 0x00, 0x01, 0x80, 0x00, 0x00, 0x06, 0x00, 0x00, 0xE0, 0x00, 0x00, 0x1C, 0x00, 0x00,
    0x70, 0x00, 0x00, 0x38, 0x00, 0x00, 0x3C, 0x00, 0x00, 0xF0, 0x00, 0x00, 0x0F, 0x00, 0x03, 0xC0, 0x00, 0x00, 0x03, 0xFC, 0xFF, 0x00, 0x00, 0x00,
    0x00, 0x7F, 0xFC, 0x00, 0x00, 0x00, 0x00, 0x1F, 0xE0, 0x00, 0x00, 0x00, 0x01, 0xFF, 0xFE, 0x00, 0x00, 0x00, 0x07, 0xC0, 0x0F, 0x80, 0x00, 0x00,
    0x1E, 0x00, 0x01, 0xE0, 0x00, 0x00, 0x38, 0x00, 0x00, 0x70, 0x00, 0x00, 0xE0, 0x00, 0x00, 0x1C, 0x00, 0x01, 0xC0, 0x00, 0x00, 0x0E, 0x00, 0x03,
    0x80, 0x00, 0x00, 0x07, 0x00, 0x07, 0x00, 0x00, 0x00, 0x03, 0x80, 0x06, 0x00, 0x00, 0x00, 0x01, 0x80, 0x0C, 0x0F, 0xC1, 0xFF, 0xF0, 0xC0, 0x18,
    0x3F, 0xC1, 0xFF, 0xF0, 0x60, 0x18, 0xFF, 0xC1, 0xFF, 0xF0, 0x60, 0x30, 0xFF, 0xC1, 0xFF, 0xF0, 0x30, 0x30, 0xFF, 0xC1, 0xFF, 0xF0, 0x30, 0x20,
    0xFF, 0xC1, 0xF0, 0x00, 0x10, 0x60, 0x0F, 0xC1, 0xF0, 0x00, 0x18, 0x60, 0x0F, 0xC1, 0xF0, 0x00, 0x18, 0x60, 0x0F, 0xC1, 0xF0, 0x00, 0x18, 0x40,
    0x0F, 0xC1, 0xFF, 0x80, 0x08, 0xC0, 0x0F, 0xC1, 0xFF, 0xC0, 0x0C, 0xC0, 0x0F, 0xC1, 0xFF, 0xE0, 0x0C, 0xC0, 0x0F, 0xC1, 0xFF, 0xF0, 0x0C, 0xC0,
    0x0F, 0xC0, 0xE3, 0xF0, 0x0C, 0xC0, 0x0F, 0xC0, 0x41, 0xF8, 0x0C, 0xC0, 0x0F, 0xC0, 0x01, 0xF8, 0x08, 0x40, 0x0F, 0xC0, 0x01, 0xF8, 0x08, 0x60,
    0x0F, 0xC0, 0x01, 0xF8, 0x18, 0x60, 0x0F, 0xC0, 0x01, 0xF8, 0x18, 0x60, 0x0F, 0xC1, 0x81, 0xF8, 0x18, 0x30, 0x0F, 0xC3, 0xC3, 0xF0, 0x30, 0x30,
    0x0F, 0xC3, 0xFF, 0xF0, 0x30, 0x18, 0x0F, 0xC7, 0xFF, 0xE0, 0x60, 0x18, 0x0F, 0xC3, 0xFF, 0xC0, 0x60, 0x0C, 0x0F, 0xC0, 0xFF, 0x80, 0xC0, 0x0C,
    0x00, 0x00, 0x1C, 0x00, 0xC0, 0x06, 0x00, 0x00, 0x00, 0x01, 0x80, 0x03, 0x00, 0x00, 0x00, 0x03, 0x00, 0x01, 0x80, 0x00, 0x00, 0x06, 0x00, 0x00,
    0xE0, 0x00, 0x00, 0x1C, 0x00, 0x00, 0x70, 0x00, 0x00, 0x38, 0x00, 0x00, 0x3C, 0x00, 0x00, 0xF0, 0x00, 0x00, 0x0F, 0x00, 0x03, 0xC0, 0x00, 0x00,
    0x03, 0xFC, 0xFF, 0x00, 0x00, 0x00, 0x00, 0x7F, 0xFC, 0x00, 0x00, 0x00, 0x00, 0x1F, 0xE0, 0x00, 0x00, 0x00, 0x01, 0xFF, 0xFE, 0x00, 0x00, 0x00,
    0x07, 0xC0, 0x0F, 0x80, 0x00, 0x00, 0x1E, 0x00, 0x01, 0xE0, 0x00, 0x00, 0x38, 0x00, 0x00, 0x70, 0x00, 0x00, 0xE0, 0x00, 0x00, 0x1C, 0x00, 0x01,
    0xC0, 0x00, 0x00, 0x0E, 0x00, 0x03, 0x80, 0x00, 0x00, 0x07, 0x00, 0x07, 0x00, 0x00, 0x00, 0x03, 0x80, 0x06, 0x00, 0x00, 0x07, 0x01, 0x80, 0x0C,
    0x0F, 0xC0, 0x3F, 0xE0, 0xC0, 0x18, 0x3F, 0xC0, 0x7F, 0xF0, 0x60, 0x18, 0xFF, 0xC0, 0xFF, 0xF8, 0x60, 0x30, 0xFF, 0xC1, 0xFF, 0xF0, 0x30, 0x30,
    0xFF, 0xC1, 0xF8, 0xE0, 0x30, 0x20, 0xFF, 0xC1, 0xF0, 0x40, 0x10, 0x60, 0x0F, 0xC3, 0xE0, 0x00, 0x18, 0x60, 0x0F, 0xC3, 0xE0, 0x00, 0x18, 0x60,
    0x0F, 0xC3, 0xE0, 0x00, 0x18, 0x40, 0x0F, 0xC3, 0xE3, 0x00, 0x08, 0xC0, 0x0F, 0xC7, 0xEF, 0xE0, 0x0C, 0xC0, 0x0F, 0xC7, 0xFF, 0xF0, 0x0C, 0xC0,
    0x0F, 0xC7, 0xFF, 0xF0, 0x0C, 0xC0, 0x0F, 0xC7, 0xFF, 0xF8, 0x0C, 0xC0, 0x0F, 0xC7, 0xF1, 0xF8, 0x0C, 0xC0, 0x0F, 0xC7, 0xE0, 0xF8, 0x08, 0x40,
    0x0F, 0xC3, 0xE0, 0xF8, 0x18, 0x60, 0x0F, 0xC3, 0xE0, 0xF8, 0x18, 0x60, 0x0F, 0xC3, 0xE0, 0xF8, 0x18, 0x60, 0x0F, 0xC3, 0xE0, 0xF8, 0x18, 0x30,
    0x0F, 0xC1, 0xF1, 0xF8, 0x30, 0x30, 0x0F, 0xC1, 0xFF, 0xF0, 0x30, 0x18, 0x0F, 0xC0, 0xFF, 0xF0, 0x60, 0x18, 0x0F, 0xC0, 0x7F, 0xE0, 0x60, 0x0C,
    0x0F, 0xC0, 0x3F, 0xC0, 0xC0, 0x0C, 0x00, 0x00, 0x0F, 0x00, 0xC0, 0x06, 0x00, 0x00, 0x00, 0x01, 0x80, 0x03, 0x00, 0x00, 0x00, 0x03, 0x00, 0x01,
    0x80, 0x00, 0x00, 0x06, 0x00, 0x00, 0xE0, 0x00, 0x00, 0x1C, 0x00, 0x00, 0x70, 0x00, 0x00, 0x38, 0x00, 0x00, 0x3C, 0x00, 0x00, 0xF0, 0x00, 0x00,
    0x0F, 0x00, 0x03, 0xC0, 0x00, 0x00, 0x03, 0xFC, 0xFF, 0x00, 0x00, 0x00, 0x00, 0x7F, 0xFC, 0x00, 0x00, 0x00, 0x00, 0x1F, 0xE0, 0x00, 0x00, 0x00,
    0x01, 0xFF, 0xFE, 0x00, 0x00, 0x00, 0x07, 0xC0, 0x0F, 0x80, 0x00, 0x00, 0x1E, 0x00, 0x01, 0xE0, 0x00, 0x00, 0x38, 0x00, 0x00, 0x70, 0x00, 0x00,
    0xE0, 0x00, 0x00, 0x1C, 0x00, 0x01, 0xC0, 0x00, 0x00, 0x0E, 0x00, 0x03, 0x80, 0x00, 0x00, 0x07, 0x00, 0x07, 0x00, 0x00, 0x00, 0x03, 0x80, 0x06,
    0x00, 0x00, 0x00, 0x01, 0x80, 0x0C, 0x07, 0xC7, 0xFF, 0xF8, 0xC0, 0x18, 0x1F, 0xC7, 0xFF, 0xF8, 0x60, 0x18, 0xFF, 0xC7, 0xFF, 0xF8, 0x60, 0x30,
    0xFF, 0xC7, 0xFF, 0xF8, 0x30, 0x30, 0xFF, 0xC7, 0xFF, 0xF0, 0x30, 0x20, 0xFF, 0xC0, 0x03, 0xE0, 0x10, 0x60, 0x0F, 0xC0, 0x03, 0xE0, 0x18, 0x60,
    0x0F, 0xC0, 0x07, 0xC0, 0x18, 0x60, 0x0F, 0xC0, 0x07, 0xC0, 0x18, 0x40, 0x0F, 0xC0, 0x0F, 0x80, 0x08, 0xC0, 0x0F, 0xC0, 0x0F, 0x80, 0x0C, 0xC0,
    0x0F, 0xC0, 0x1F, 0x00, 0x0C, 0xC0, 0x0F, 0xC0, 0x1F, 0x00, 0x0C, 0xC0, 0x0F, 0xC0, 0x1F, 0x00, 0x0C, 0xC0, 0x0F, 0xC0, 0x3F, 0x00, 0x0C, 0xC0,
    0x0F, 0xC0, 0x3E, 0x00, 0x08, 0x40, 0x0F, 0xC0, 0x3E, 0x00, 0x08, 0x60, 0x0F, 0xC0, 0x3E, 0x00, 0x18, 0x60, 0x0F, 0xC0, 0x3E, 0x00, 0x18, 0x60,
    0x0F, 0xC0, 0x7E, 0x00, 0x18, 0x30, 0x0F, 0xC0, 0x7E, 0x00, 0x30, 0x30, 0x0F, 0xC0, 0x7E, 0x00, 0x30, 0x18, 0x0F, 0xC0, 0x7E, 0x00, 0x60, 0x18,
    0x0F, 0xC0, 0x7E, 0x00, 0x60, 0x0C, 0x0F, 0xC0, 0x7E, 0x00, 0xC0, 0x0C, 0x00, 0x00, 0x00, 0x00, 0xC0, 0x06, 0x00, 0x00, 0x00, 0x01, 0x80, 0x03,
    0x00, 0x00, 0x00, 0x03, 0x00, 0x01, 0x80, 0x00, 0x00, 0x06, 0x00, 0x00, 0xE0, 0x00, 0x00, 0x1C, 0x00, 0x00, 0x70, 0x00, 0x00, 0x38, 0x00, 0x00,
    0x3C, 0x00, 0x00, 0xF0, 0x00, 0x00, 0x0F, 0x00, 0x03, 0xC0, 0x00, 0x00, 0x03, 0xFC, 0xFF, 0x00, 0x00, 0x00, 0x00, 0x7F, 0xFC, 0x00, 0x00, 0x00,
    0x00, 0x1F, 0xE0, 0x00, 0x00, 0x00, 0x01, 0xFF, 0xFE, 0x00, 0x00, 0x00, 0x07, 0xC0, 0x0F, 0x80, 0x00, 0x00, 0x1E, 0x00, 0x01, 0xE0, 0x00, 0x00,
    0x38, 0x00, 0x00, 0x70, 0x00, 0x00, 0xE0, 0x00, 0x00, 0x1C, 0x00, 0x01, 0xC0, 0x00, 0x00, 0x0E, 0x00, 0x03, 0x80, 0x00, 0x00, 0x07, 0x00, 0x07,
    0x00, 0x00, 0x00, 0x03, 0x80, 0x06, 0x00, 0x00, 0x06, 0x01, 0x80, 0x0C, 0x0F, 0xC0, 0x7F, 0xC0, 0xC0, 0x18, 0x3F, 0xC0, 0xFF, 0xE0, 0x60, 0x18,
    0xFF, 0xC1, 0xFF, 0xF0, 0x60, 0x30, 0xFF, 0xC1, 0xFB, 0xF0, 0x30, 0x30, 0xFF, 0xC1, 0xF1, 0xF8, 0x30, 0x20, 0xFF, 0xC3, 0xE0, 0xF8, 0x10, 0x60,
    0x0F, 0xC3, 0xE0, 0xF8, 0x18, 0x60, 0x0F, 0xC3, 0xF0, 0xF8, 0x18, 0x60, 0x0F, 0xC1, 0xF0, 0xF0, 0x18, 0x40, 0x0F, 0xC1, 0xF9, 0xF0, 0x08, 0xC0,
    0x0F, 0xC0, 0xFF, 0xE0, 0x0C, 0xC0, 0x0F, 0xC0, 0xFF, 0xC0, 0x0C, 0xC0, 0x0F, 0xC0, 0x7F, 0xE0, 0x0C, 0xC0, 0x0F, 0xC0, 0xFF, 0xF0, 0x0C, 0xC0,
    0x0F, 0xC1, 0xF7, 0xF8, 0x0C, 0xC0, 0x0F, 0xC3, 0xE1, 0xF8, 0x08, 0x40, 0x0F, 0xC3, 0xE0, 0xFC, 0x18, 0x60, 0x0F, 0xC3, 0xE0, 0x7C, 0x18, 0x60,
    0x0F, 0xC3, 0xE0, 0x7C, 0x18, 0x60, 0x0F, 0xC3, 0xE0, 0x7C, 0x18, 0x30, 0x0F, 0xC3, 0xF0, 0xF8, 0x30, 0x30, 0x0F, 0xC3, 0xFF, 0xF8, 0x30, 0x18,
    0x0F, 0xC1, 0xFF, 0xF8, 0x60, 0x18, 0x0F, 0xC0, 0xFF, 0xF0, 0x60, 0x0C, 0x0F, 0xC0, 0x7F, 0xC0, 0xC0, 0x0C, 0x00, 0x00, 0x1F, 0x00, 0xC0, 0x06,
    0x00, 0x00, 0x00, 0x01, 0x80, 0x03, 0x00, 0x00, 0x00, 0x03, 0x00, 0x01, 0x80, 0x00, 0x00, 0x06, 0x00, 0x00, 0xE0, 0x00, 0x00, 0x1C, 0x00, 0x00,
    0x70, 0x00, 0x00, 0x38, 0x00, 0x00, 0x3C, 0x00, 0x00, 0xF0, 0x00, 0x00, 0x0F, 0x00, 0x03, 0xC0, 0x00, 0x00, 0x03, 0xFC, 0xFF, 0x00, 0x00, 0x00,
    0x00, 0x7F, 0xFC, 0x00, 0x00, 0x00, 0x00, 0x1F, 0xE0, 0x00, 0x00, 0x00, 0x01, 0xFF, 0xFE, 0x00, 0x00, 0x00, 0x07, 0xC0, 0x0F, 0x80, 0x00, 0x00,
    0x1E, 0x00, 0x01, 0xE0, 0x00, 0x00, 0x38, 0x00, 0x00, 0x70, 0x00, 0x00, 0xE0, 0x00, 0x00, 0x1C, 0x00, 0x01, 0xC0, 0x00, 0x00, 0x0E, 0x00, 0x03,
    0x80, 0x00, 0x00, 0x07, 0x00, 0x07, 0x00, 0x00, 0x00, 0x03, 0x80, 0x06, 0x00, 0x00, 0x0E, 0x01, 0x80, 0x0C, 0x0F, 0xC0, 0x7F, 0x80, 0xC0, 0x18,
    0x3F, 0xC0, 0xFF, 0xC0, 0x60, 0x18, 0xFF, 0xC1, 0xFF, 0xE0, 0x60, 0x30, 0xFF, 0xC1, 0xFF, 0xF0, 0x30, 0x30, 0xFF, 0xC3, 0xF1, 0xF0, 0x30, 0x20,
    0xFF, 0xC3, 0xE1, 0xF8, 0x10, 0x60, 0x0F, 0xC3, 0xE0, 0xF8, 0x18, 0x60, 0x0F, 0xC3, 0xE0, 0xF8, 0x18, 0x60, 0x0F, 0xC3, 0xE0, 0xF8, 0x18, 0x40,
    0x0F, 0xC3, 0xE0, 0xF8, 0x08, 0xC0, 0x0F, 0xC3, 0xF1, 0xFC, 0x0C, 0xC0, 0x0F, 0xC3, 0xFF, 0xFC, 0x0C, 0xC0, 0x0F, 0xC1, 0xFF, 0xFC, 0x0C, 0xC0,
    0x0F, 0xC1, 0xFF, 0xFC, 0x0C, 0xC0, 0x0F, 0xC0, 0xFE, 0xF8, 0x0C, 0xC0, 0x0F, 0xC0, 0x18, 0xF8, 0x08, 0x40, 0x0F, 0xC0, 0x00, 0xF8, 0x18, 0x60,
    0x0F, 0xC0, 0x00, 0xF8, 0x18, 0x60, 0x0F, 0xC0, 0x01, 0xF8, 0x18, 0x60, 0x0F, 0xC0, 0x81, 0xF0, 0x18, 0x30, 0x0F, 0xC0, 0xE3, 0xF0, 0x30, 0x30,
    0x0F, 0xC1, 0xFF, 0xE0, 0x30, 0x18, 0x0F, 0xC3, 0xFF, 0xE0, 0x60, 0x18, 0x0F, 0xC1, 0xFF, 0xC0, 0x60, 0x0C, 0x0F, 0xC0, 0xFF, 0x80, 0xC0, 0x0C,
    0x00, 0x00, 0x3C, 0x00, 0xC0, 0x06, 0x00, 0x00, 0x00, 0x01, 0x80, 0x03, 0x00, 0x00, 0x00, 0x03, 0x00, 0x01, 0x80, 0x00, 0x00, 0x06, 0x00, 0x00,
    0xE0, 0x00, 0x00, 0x1C, 0x00, 0x00, 0x70, 0x00, 0x00, 0x38, 0x00, 0x00, 0x3C, 0x00, 0x00, 0xF0, 0x00, 0x00, 0x0F, 0x00, 0x03, 0xC0, 0x00, 0x00,
    0x03, 0xFC, 0xFF, 0x00, 0x00, 0x00, 0x00, 0x7F, 0xFC, 0x00, 0x00, 0x00, 0x00, 0x1F, 0xE0, 0x00, 0x00, 0x00, 0x01, 0xFF, 0xFE, 0x00, 0x00, 0x00,
    0x07, 0xC0, 0x0F, 0x80, 0x00, 0x00, 0x1E, 0x00, 0x01, 0xE0, 0x00, 0x00, 0x38, 0x00, 0x00, 0x70, 0x00, 0x00, 0xE0, 0x00, 0x00, 0x1C, 0x00, 0x01,
    0xC0, 0x00, 0x00, 0x0E, 0x00, 0x03, 0x80, 0x00, 0x00, 0x07, 0x00, 0x07, 0x00, 0x00, 0x00, 0x03, 0x80, 0x06, 0x07, 0x80, 0x03, 0x81, 0x80, 0x0C,
    0x1F, 0xE0, 0x0F, 0xF0, 0xC0, 0x18, 0x7F, 0xF0, 0x1F, 0xF8, 0x60, 0x18, 0xFF, 0xF8, 0x3F, 0xFC, 0x60, 0x30, 0xFF, 0xFC, 0x7F, 0xFC, 0x30, 0x30,
    0x78, 0xFC, 0x7E, 0x7E, 0x30, 0x20, 0x30, 0xFC, 0x7C, 0x7E, 0x10, 0x60, 0x00, 0x7C, 0xFC, 0x3E, 0x18, 0x60, 0x00, 0x7C, 0xFC, 0x3F, 0x18, 0x60,
    0x00, 0x7C, 0xFC, 0x3F, 0x18, 0x40, 0x00, 0x7C, 0xF8, 0x3F, 0x08, 0xC0, 0x00, 0xFC, 0xF8, 0x3F, 0x0C, 0xC0, 0x00, 0xF8, 0xF8, 0x3F, 0x0C, 0xC0,
    0x01, 0xF8, 0xF8, 0x3F, 0x0C, 0xC0, 0x01, 0xF0, 0xF8, 0x3F, 0x0C, 0xC0, 0x03, 0xF0, 0xF8, 0x3F, 0x0C, 0xC0, 0x07, 0xE0, 0xF8, 0x3F, 0x08, 0x40,
    0x0F, 0xC0, 0xFC, 0x3F, 0x08, 0x60, 0x0F, 0xC0, 0xFC, 0x3E, 0x18, 0x60, 0x1F, 0x80, 0xFC, 0x3E, 0x18, 0x60, 0x3F, 0x00, 0x7C, 0x7E, 0x18, 0x30,
    0x7F, 0xFE, 0x7E, 0x7E, 0x30, 0x30, 0xFF, 0xFE, 0x3F, 0xFC, 0x30, 0x18, 0xFF, 0xFE, 0x3F, 0xF8, 0x60, 0x18, 0xFF, 0xFE, 0x1F, 0xF8, 0x60, 0x0C,
    0xFF, 0xFE, 0x0F, 0xF0, 0xC0, 0x0C, 0x00, 0x00, 0x01, 0xC0, 0xC0, 0x06, 0x00, 0x00, 0x00, 0x01, 0x80, 0x03, 0x00, 0x00, 0x00, 0x03, 0x00, 0x01,
    0x80, 0x00, 0x00, 0x06, 0x00, 0x00, 0xE0, 0x00, 0x00, 0x1C, 0x00, 0x00, 0x70, 0x00, 0x00, 0x38, 0x00, 0x00, 0x3C, 0x00, 0x00, 0xF0, 0x00, 0x00,
    0x0F, 0x00, 0x03, 0xC0, 0x00, 0x00, 0x03, 0xFC, 0xFF, 0x00, 0x00, 0x00, 0x00, 0x7F, 0xFC, 0x00, 0x00, 0xFF, 0xFF, 0xFF, 0xFF, 0xFF, 0xFF, 0xFF,
    0xFF, 0xFF, 0xFF, 0xFF, 0xFF, 0xC0, 0xC0, 0xC0, 0xC0, 0xC0, 0xC0, 0xC0, 0xC0, 0xC0, 0xC0, 0xC0, 0xC0, 0xC0, 0xC0, 0xC0, 0xC0, 0xC0, 0xC0, 0xC0,
    0xC0, 0xC0, 0xC0, 0xC0, 0xC0, 0xC0, 0xC0, 0xC0, 0xC0, 0xC0, 0xC0, 0xC0, 0xC0, 0xC0, 0xC0, 0xC0, 0xC0, 0xC0, 0xC0, 0xC0, 0xC0, 0xC0, 0xC0, 0xC0,
    0xC0, 0xC0, 0xC0, 0xC0, 0xC0, 0xFF, 0xFF, 0xFF, 0x80, 0xFF, 0xFF, 0xFF, 0x80, 0xC0, 0x00, 0x00, 0x00, 0xC0, 0x00, 0x00, 0x00, 0xC0, 0x00, 0x00,
    0x00, 0xC0, 0x00, 0x00, 0x00, 0xC0, 0x00, 0x00, 0x00, 0xC0, 0x00, 0x00, 0x00, 0xC0, 0x00, 0x00, 0x00, 0xC0, 0x00, 0x00, 0x00, 0xC0, 0x00, 0x00,
    0x00, 0xC0, 0x00, 0x00, 0x00, 0xC0, 0x00, 0x00, 0x00, 0xC0, 0x00, 0x00, 0x00, 0xC0, 0x00, 0x00, 0x00, 0xC0, 0x00, 0x00, 0x00, 0xC0, 0x00, 0x00,
    0x00, 0xC0, 0x00, 0x00, 0x00, 0xC0, 0x00, 0x00, 0x00, 0xC0, 0x00, 0x00, 0x00, 0xC0, 0x00, 0x00, 0x00, 0xC0, 0x00, 0x00, 0x00, 0xC0, 0x00, 0x00,
    0x00, 0xC0, 0x00, 0x00, 0x00, 0xC0, 0x00, 0x00, 0x00, 0xFF, 0xFF, 0xFF, 0x80, 0xFF, 0xFF, 0xFF, 0x80, 0x00, 0x00, 0x01, 0x80, 0x00, 0x00, 0x01,
    0x80, 0x00, 0x00, 0x01, 0x80, 0x00, 0x00, 0x01, 0x80, 0x00, 0x00, 0x01, 0x80, 0x00, 0x00, 0x01, 0x80, 0x00, 0x00, 0x01, 0x80, 0x00, 0x00, 0x01,
    0x80, 0x00, 0x00, 0x01, 0x80, 0x00, 0x00, 0x01, 0x80, 0x00, 0x00, 0x01, 0x80, 0x00, 0x00, 0x01, 0x80, 0x00, 0x00, 0x01, 0x80, 0x00, 0x00, 0x01,
    0x80, 0x00, 0x00, 0x01, 0x80, 0x00, 0x00, 0x01, 0x80, 0x00, 0x00, 0x01, 0x80, 0x00, 0x00, 0x01, 0x80, 0x00, 0x00, 0x01, 0x80, 0x00, 0x00, 0x01,
    0x80, 0x00, 0x00, 0x01, 0x80, 0x00, 0x00, 0x01, 0x80, 0x00, 0x00, 0x01, 0x80, 0xC0, 0x00, 0x00, 0x00, 0xC0, 0x00, 0x00, 0x00, 0xC0, 0x00, 0x00,
    0x00, 0xC0, 0x00, 0x00, 0x00, 0xC0, 0x00, 0x00, 0x00, 0xC0, 0x00, 0x00, 0x00, 0xC0, 0x00, 0x00, 0x00, 0xC0, 0x00, 0x00, 0x00, 0xC0, 0x00, 0x00,
    0x00, 0xC0, 0x00, 0x00, 0x00, 0xC0, 0x00, 0x00, 0x00, 0xC0, 0x00, 0x00, 0x00, 0xC0, 0x00, 0x00, 0x00, 0xC0, 0x00, 0x00, 0x00, 0xC0, 0x00, 0x00,
    0x00, 0xC0, 0x00, 0x00, 0x00, 0xC0, 0x00, 0x00, 0x00, 0xC0, 0x00, 0x00, 0x00, 0xC0, 0x00, 0x00, 0x00, 0xC0, 0x00, 0x00, 0x00, 0xC0, 0x00, 0x00,
    0x00, 0xC0, 0x00, 0x00, 0x00, 0xC0, 0x00, 0x00, 0x00, 0xFF, 0xFF, 0xFF, 0x80, 0xFF, 0xFF, 0xFF, 0x80, 0x00, 0x00, 0x01, 0x80, 0x00, 0x00, 0x01,
    0x80, 0x00, 0x00, 0x01, 0x80, 0x00, 0x00, 0x01, 0x80, 0x00, 0x00, 0x01, 0x80, 0x00, 0x00, 0x01, 0x80, 0x00, 0x00, 0x01, 0x80, 0x00, 0x00, 0x01,
    0x80, 0x00, 0x00, 0x01, 0x80, 0x00, 0x00, 0x01, 0x80, 0x00, 0x00, 0x01, 0x80, 0x00, 0x00, 0x01, 0x80, 0x00, 0x00, 0x01, 0x80, 0x00, 0x00, 0x01,
    0x80, 0x00, 0x00, 0x01, 0x80, 0x00, 0x00, 0x01, 0x80, 0x00, 0x00, 0x01, 0x80, 0x00, 0x00, 0x01, 0x80, 0x00, 0x00, 0x01, 0x80, 0x00, 0x00, 0x01,
    0x80, 0x00, 0x00, 0x01, 0x80, 0x00, 0x00, 0x01, 0x80, 0x00, 0x00, 0x01, 0x80, 0xFF, 0xFF, 0xFF, 0x80, 0xFF, 0xFF, 0xFF, 0x80, 0xC0, 0x00, 0x00,
    0x00, 0xC0, 0x00, 0x00, 0x00, 0xC0, 0x00, 0x00, 0x00, 0xC0, 0x00, 0x00, 0x00, 0xC0, 0x00, 0x00, 0x00, 0xC0, 0x00, 0x00, 0x00, 0xC0, 0x00, 0x00,
    0x00, 0xC0, 0x00, 0x00, 0x00, 0xC0, 0x00, 0x00, 0x00, 0xC0, 0x00, 0x00, 0x00, 0xC0, 0x00, 0x00, 0x00, 0xC0, 0x00, 0x00, 0x00, 0xC0, 0x00, 0x00,
    0x00, 0xC0, 0x00, 0x00, 0x00, 0xC0, 0x00, 0x00, 0x00, 0xC0, 0x00, 0x00, 0x00, 0xC0, 0x00, 0x00, 0x00, 0xC0, 0x00, 0x00, 0x00, 0xC0, 0x00, 0x00,
    0x00, 0xC0, 0x00, 0x00, 0x00, 0xC0, 0x00, 0x00, 0x00, 0xC0, 0x00, 0x00, 0x00, 0xC0, 0x00, 0x00, 0x00, 0xFF, 0xFF, 0xFF, 0x80, 0xFF, 0xFF, 0xFF,
    0x80, 0xC0, 0x00, 0x00, 0x00, 0xC0, 0x00, 0x00, 0x00, 0xC0, 0x00, 0x00, 0x00, 0xC0, 0x00, 0x00, 0x00, 0xC0, 0x00, 0x00, 0x00, 0xC0, 0x00, 0x00,
    0x00, 0xC0, 0x00, 0x00, 0x00, 0xC0, 0x00, 0x00, 0x00, 0xC0, 0x00, 0x00, 0x00, 0xC0, 0x00, 0x00, 0x00, 0xC0, 0x00, 0x00, 0x00, 0xC0, 0x00, 0x00,
    0x00, 0xC0, 0x00, 0x00, 0x00, 0xC0, 0x00, 0x00, 0x00, 0xC0, 0x00, 0x00, 0x00, 0xC0, 0x00, 0x00, 0x00, 0xC0, 0x00, 0x00, 0x00, 0xC0, 0x00, 0x00,
    0x00, 0xC0, 0x00, 0x00, 0x00, 0xC0, 0x00, 0x00, 0x00, 0xC0, 0x00, 0x00, 0x00, 0xC0, 0x00, 0x00, 0x00, 0xC0, 0x00, 0x00, 0x00, 0x00, 0x00, 0x01,
    0x80, 0x00, 0x00, 0x01, 0x80, 0x00, 0x00, 0x01, 0x80, 0x00, 0x00, 0x01, 0x80, 0x00, 0x00, 0x01, 0x80, 0x00, 0x00, 0x01, 0x80, 0x00, 0x00, 0x01,
    0x80, 0x00, 0x00, 0x01, 0x80, 0x00, 0x00, 0x01, 0x80, 0x00, 0x00, 0x01, 0x80, 0x00, 0x00, 0x01, 0x80, 0x00, 0x00, 0x01, 0x80, 0x00, 0x00, 0x01,
    0x80, 0x00, 0x00, 0x01, 0x80, 0x00, 0x00, 0x01, 0x80, 0x00, 0x00, 0x01, 0x80, 0x00, 0x00, 0x01, 0x80, 0x00, 0x00, 0x01, 0x80, 0x00, 0x00, 0x01,
    0x80, 0x00, 0x00, 0x01, 0x80, 0x00, 0x00, 0x01, 0x80, 0x00, 0x00, 0x01, 0x80, 0x00, 0x00, 0x01, 0x80, 0xFF, 0xFF, 0xFF, 0x80, 0xFF, 0xFF, 0xFF,
    0x80, 0x00, 0x00, 0x01, 0x80, 0x00, 0x00, 0x01, 0x80, 0x00, 0x00, 0x01, 0x80, 0x00, 0x00, 0x01, 0x80, 0x00, 0x00, 0x01, 0x80, 0x00, 0x00, 0x01,
    0x80, 0x00, 0x00, 0x01, 0x80, 0x00, 0x00, 0x01, 0x80, 0x00, 0x00, 0x01, 0x80, 0x00, 0x00, 0x01, 0x80, 0x00, 0x00, 0x01, 0x80, 0x00, 0x00, 0x01,
    0x80, 0x00, 0x00, 0x01, 0x80, 0x00, 0x00, 0x01, 0x80, 0x00, 0x00, 0x01, 0x80, 0x00, 0x00, 0x01, 0x80, 0x00, 0x00, 0x01, 0x80, 0x00, 0x00, 0x01,
    0x80, 0x00, 0x00, 0x01, 0x80, 0x00, 0x00, 0x01, 0x80, 0x00, 0x00, 0x01, 0x80, 0x00, 0x00, 0x01, 0x80, 0x00, 0x00, 0x01, 0x80, 0xFF, 0xFF, 0xFF,
    0xFF, 0xFF, 0xFF, 0xFF, 0xFF, 0xFF, 0xFF, 0xFF, 0xFF, 0x00, 0x00, 0x01, 0x80, 0x00, 0x00, 0x00, 0x00, 0x01, 0x80, 0x00, 0x00, 0x00, 0x00, 0x01,
    0x80, 0x00, 0x00, 0x00, 0x00, 0x01, 0x80, 0x00, 0x00, 0x00, 0x00, 0x01, 0x80, 0x00, 0x00, 0x00, 0x00, 0x01, 0x80, 0x00, 0x00, 0x00, 0x00, 0x01,
    0x80, 0x00, 0x00, 0x00, 0x00, 0x01, 0x80, 0x00, 0x00, 0x00, 0x00, 0x01, 0x80, 0x00, 0x00, 0x00, 0x00, 0x01, 0x80, 0x00, 0x00, 0x00, 0x00, 0x01,
    0x80, 0x00, 0x00, 0x00, 0x00, 0x01, 0x80, 0x00, 0x00, 0x00, 0x00, 0x01, 0x80, 0x00, 0x00, 0x00, 0x00, 0x01, 0x80, 0x00, 0x00, 0x00, 0x00, 0x01,
    0x80, 0x00, 0x00, 0x00, 0x00, 0x01, 0x80, 0x00, 0x00, 0x00, 0x00, 0x01, 0x80, 0x00, 0x00, 0x00, 0x00, 0x01, 0x80, 0x00, 0x00, 0x00, 0x00, 0x01,
    0x80, 0x00, 0x00, 0x00, 0x00, 0x01, 0x80, 0x00, 0x00, 0x00, 0x00, 0x01, 0x80, 0x00, 0x00, 0x00, 0x00, 0x01, 0x80, 0x00, 0x00, 0x00, 0x00, 0x01,
    0x80, 0x00, 0x00, 0x00, 0x00, 0x01, 0x80, 0x00, 0x00, 0x00, 0x00, 0x01, 0x80, 0x00, 0x00, 0x00, 0x00, 0x01, 0x80, 0x00, 0x00, 0x00, 0x00, 0x01,
    0x80, 0x00, 0x00, 0x00, 0x00, 0x01, 0x80, 0x00, 0x00, 0x00, 0x00, 0x01, 0x80, 0x00, 0x00, 0x00, 0x00, 0x01, 0x80, 0x00, 0x00, 0x00, 0x00, 0x01,
    0x80, 0x00, 0x00, 0x00, 0x00, 0x01, 0x80, 0x00, 0x00, 0x00, 0x00, 0x01, 0x80, 0x00, 0x00, 0x00, 0x00, 0x01, 0x80, 0x00, 0x00, 0x00, 0x00, 0x01,
    0x80, 0x00, 0x00, 0x00, 0x00, 0x01, 0x80, 0x00, 0x00, 0x00, 0x00, 0x01, 0x80, 0x00, 0x00, 0x00, 0x00, 0x01, 0x80, 0x00, 0x00, 0x00, 0x00, 0x01,
    0x80, 0x00, 0x00, 0x00, 0x00, 0x01, 0x80, 0x00, 0x00, 0x00, 0x00, 0x01, 0x80, 0x00, 0x00, 0x00, 0x00, 0x01, 0x80, 0x00, 0x00, 0x00, 0x00, 0x01,
    0x80, 0x00, 0x00, 0x00, 0x00, 0x01, 0x80, 0x00, 0x00, 0x00, 0x00, 0x01, 0x80, 0x00, 0x00, 0x00, 0x00, 0x01, 0x80, 0x00, 0x00, 0xFF, 0xFF, 0xFF,
    0xFF, 0xFF, 0xFF, 0xFF, 0xFF, 0xFF, 0xFF, 0xFF, 0xFF, 0x00, 0x00, 0x01, 0x80, 0x00, 0x00, 0x00, 0x00, 0x01, 0x80, 0x00, 0x00, 0x00, 0x00, 0x01,
    0x80, 0x00, 0x00, 0x00, 0x00, 0x01, 0x80, 0x00, 0x00, 0x00, 0x00, 0x01, 0x80, 0x00, 0x00, 0x00, 0x00, 0x01, 0x80, 0x00, 0x00, 0x00, 0x00, 0x01,
    0x80, 0x00, 0x00, 0x00, 0x00, 0x01, 0x80, 0x00, 0x00, 0x00, 0x00, 0x01, 0x80, 0x00, 0x00, 0x00, 0x00, 0x01, 0x80, 0x00, 0x00, 0x00, 0x00, 0x01,
    0x80, 0x00, 0x00, 0x00, 0x00, 0x01, 0x80, 0x00, 0x00, 0x00, 0x00, 0x01, 0x80, 0x00, 0x00, 0x00, 0x00, 0x01, 0x80, 0x00, 0x00, 0x00, 0x00, 0x01,
    0x80, 0x00, 0x00, 0x00, 0x00, 0x01, 0x80, 0x00, 0x00, 0x00, 0x00, 0x01, 0x80, 0x00, 0x00, 0x00, 0x00, 0x01, 0x80, 0x00, 0x00, 0x00, 0x00, 0x01,
    0x80, 0x00, 0x00, 0x00, 0x00, 0x01, 0x80, 0x00, 0x00, 0x00, 0x00, 0x01, 0x80, 0x00, 0x00, 0x00, 0x00, 0x01, 0x80, 0x00, 0x00, 0x00, 0x00, 0x01,
    0x80, 0x00, 0x00, 0xFF, 0xFF, 0xFF, 0xFF, 0xFF, 0xFF, 0xFF, 0xFF, 0xFF, 0xFF, 0xFF, 0xFF, 0x00, 0x00, 0x01, 0x80, 0x00, 0x00, 0x00, 0x00, 0x01,
    0x80, 0x00, 0x00, 0x00, 0x00, 0x01, 0x80, 0x00, 0x00, 0x00, 0x00, 0x01, 0x80, 0x00, 0x00, 0x00, 0x00, 0x01, 0x80, 0x00, 0x00, 0x00, 0x00, 0x01,
    0x80, 0x00, 0x00, 0x00, 0x00, 0x01, 0x80, 0x00, 0x00, 0x00, 0x00, 0x01, 0x80, 0x00, 0x00, 0x00, 0x00, 0x01, 0x80, 0x00, 0x00, 0x00, 0x00, 0x01,
    0x80, 0x00, 0x00, 0x00, 0x00, 0x01, 0x80, 0x00, 0x00, 0x00, 0x00, 0x01, 0x80, 0x00, 0x00, 0x00, 0x00, 0x01, 0x80, 0x00, 0x00, 0x00, 0x00, 0x01,
    0x80, 0x00, 0x00, 0x00, 0x00, 0x01, 0x80, 0x00, 0x00, 0x00, 0x00, 0x01, 0x80, 0x00, 0x00, 0x00, 0x00, 0x01, 0x80, 0x00, 0x00, 0x00, 0x00, 0x01,
    0x80, 0x00, 0x00, 0x00, 0x00, 0x01, 0x80, 0x00, 0x00, 0x00, 0x00, 0x01, 0x80, 0x00, 0x00, 0x00, 0x00, 0x01, 0x80, 0x00, 0x00, 0x00, 0x00, 0x01,
    0x80, 0x00, 0x00, 0x00, 0x00, 0x01, 0x80, 0x00, 0x00, 0xFF, 0xFF, 0xFF, 0xFF, 0xFC, 0xFF, 0xFF, 0xFF, 0xFF, 0xFC, 0xFF, 0xFF, 0xFF, 0xFF, 0xFC,
    0xFF, 0xFF, 0xFF, 0xFF, 0xFC, 0xFF, 0xFF, 0xFF, 0xFF, 0xFC, 0xFF, 0xFF, 0xFF, 0xFF, 0xFC, 0xFF, 0xFF, 0xFF, 0xFF, 0xFC, 0xFF, 0xFF, 0xFF, 0xFF,
    0xFC, 0xFF, 0xFF, 0xFF, 0xFF, 0xFC, 0xFF, 0xFF, 0xFF, 0xFF, 0xFC, 0xFF, 0xFF, 0xFF, 0xFF, 0xFC, 0xFF, 0xFF, 0xFF, 0xFF, 0xFC, 0xFF, 0xFF, 0xFF,
    0xFF, 0xFC, 0xFF, 0xFF, 0xFF, 0xFF, 0xFC, 0xFF, 0xFF, 0xFF, 0xFF, 0xFC, 0xFF, 0xFF, 0xFF, 0xFF, 0xFC, 0xFF, 0xFF, 0xFF, 0xFF, 0xFC, 0xFF, 0xFF,
    0xFF, 0xFF, 0xFC, 0xFF, 0xFF, 0xFF, 0xFF, 0xFC, 0xFF, 0xFF, 0xFF, 0xFF, 0xFC, 0xFF, 0xFF, 0xFF, 0xFF, 0xFC, 0xFF, 0xFF, 0xFF, 0xFF, 0xFC, 0xFF,
    0xFF, 0xFF, 0xFF, 0xFC, 0xFF, 0xFF, 0xFF, 0xFF, 0xFC, 0xFF, 0xFF, 0xFF, 0xFF, 0xFC, 0xFF, 0xFF, 0xFF, 0xFF, 0xFC, 0xFF, 0xFF, 0xFF, 0xFF, 0xFC,
    0xFF, 0xFF, 0xFF, 0xFF, 0xFC, 0xFF, 0xFF, 0xFF, 0xFF, 0xFC, 0xFF, 0xFF, 0xFF, 0xFF, 0xFC, 0xFF, 0xFF, 0xFF, 0xFF, 0xFC, 0xFF, 0xFF, 0xFF, 0xFF,
    0xFC, 0xFF, 0xFF, 0xFF, 0xFF, 0xFC, 0xFF, 0xFF, 0xFF, 0xFF, 0xFC, 0xFF, 0xFF, 0xFF, 0xFF, 0xFC, 0xFF, 0xFF, 0xFF, 0xFF, 0xFC, 0xFF, 0xFF, 0xFF,
    0xFF, 0xFC, 0xFF, 0xFF, 0xFF, 0xFF, 0xFC, 0xFF, 0xFF, 0xFF, 0xFF, 0xFC, 0xFF, 0xFF, 0xFF, 0xFF, 0xFC, 0xC0, 0x00, 0x00, 0x00, 0x0C, 0xC0, 0x00,
    0x00, 0x00, 0x0C, 0xC0, 0x00, 0x00, 0x00, 0x0C, 0xC0, 0x00, 0x00, 0x00, 0x0C, 0xC0, 0x00, 0x00, 0x00, 0x0C, 0xC0, 0x00, 0x00, 0x00, 0x0C, 0xC0,
    0x00, 0x00, 0x00, 0x0C, 0xC0, 0x00, 0x00, 0x00, 0x0C, 0xC0, 0x00, 0x00, 0x00, 0x0C, 0xC0, 0x00, 0x00, 0x00, 0x0C, 0xC0, 0x00, 0x00, 0x00, 0x0C,
    0xC0, 0x00, 0x00, 0x00, 0x0C, 0xC0, 0x00, 0x00, 0x00, 0x0C, 0xC0, 0x00, 0x00, 0x00, 0x0C, 0xC0, 0x00, 0x00, 0x00, 0x0C, 0xC0, 0x00, 0x00, 0x00,
    0x0C, 0xC0, 0x00, 0x00, 0x00, 0x0C, 0xC0, 0x00, 0x00, 0x00, 0x0C, 0xC0, 0x00, 0x00, 0x00, 0x0C, 0xC0, 0x00, 0x00, 0x00, 0x0C, 0xC0, 0x00, 0x00,
    0x00, 0x0C, 0xC0, 0x00, 0x00, 0x00, 0x0C, 0xC0, 0x00, 0x00, 0x00, 0x0C, 0xC0, 0x00, 0x00, 0x00, 0x0C, 0xC0, 0x00, 0x00, 0x00, 0x0C, 0xC0, 0x00,
    0x00, 0x00, 0x0C, 0xC0, 0x00, 0x00, 0x00, 0x0C, 0xC0, 0x00, 0x00, 0x00, 0x0C, 0xC0, 0x00, 0x00, 0x00, 0x0C, 0xC0, 0x00, 0x00, 0x00, 0x0C, 0xC0,
    0x00, 0x00, 0x00, 0x0C, 0xC0, 0x00, 0x00, 0x00, 0x0C, 0xC0, 0x00, 0x00, 0x00, 0x0C, 0xC0, 0x00, 0x00, 0x00, 0x0C, 0xFF, 0xFF, 0xFF, 0xFF, 0xFC,
    0xFF, 0xFF, 0xFF, 0xFF, 0xFC, 0x00, 0x00, 0x02, 0x00, 0x00, 0x00, 0x00, 0x00, 0x03, 0x00, 0x00, 0x00, 0x00, 0x00, 0x03, 0x00, 0x00, 0x00, 0x00,
    0x00, 0x07, 0x80, 0x00, 0x00, 0x00, 0x00, 0x07, 0x80, 0x00, 0x00, 0x00, 0x00, 0x0F, 0xC0, 0x00, 0x00, 0x00, 0x00, 0x1F, 0xE0, 0x00, 0x00, 0x00,
    0x00, 0x1F, 0xE0, 0x00, 0x00, 0x00, 0x00, 0x3F, 0xF0, 0x00, 0x00, 0x00, 0x00, 0x3F, 0xF0, 0x00, 0x00, 0x00, 0x00, 0x7F, 0xF8, 0x00, 0x00, 0x00,
    0x00, 0x7F, 0xF8, 0x00, 0x00, 0x00, 0x00, 0xFF, 0xFC, 0x00, 0x00, 0x00, 0x01, 0xFF, 0xFE, 0x00, 0x00, 0x00, 0x01, 0xFF, 0xFE, 0x00, 0x00, 0x00,
    0x03, 0xFF, 0xFF, 0x00, 0x00, 0x00, 0x03, 0xFF, 0xFF, 0x00, 0x00, 0x00, 0x07, 0xFF, 0xFF, 0x80, 0x00, 0x00, 0x07, 0xFF, 0xFF, 0x80, 0x00, 0x00,
    0x0F, 0xFF, 0xFF, 0xC0, 0x00, 0x00, 0x1F, 0xFF, 0xFF, 0xE0, 0x00, 0x00, 0x1F, 0xFF, 0xFF, 0xE0, 0x00, 0x00, 0x3F, 0xFF, 0xFF, 0xF0, 0x00, 0x00,
    0x3F, 0xFF, 0xFF, 0xF0, 0x00, 0x00, 0x7F, 0xFF, 0xFF, 0xF8, 0x00, 0x00, 0xFF, 0xFF, 0xFF, 0xFC, 0x00, 0x00, 0xFF, 0xFF, 0xFF, 0xFC, 0x00, 0x01,
    0xFF, 0xFF, 0xFF, 0xFE, 0x00, 0x01, 0xFF, 0xFF, 0xFF, 0xFE, 0x00, 0x03, 0xFF, 0xFF, 0xFF, 0xFF, 0x00, 0x03, 0xFF, 0xFF, 0xFF, 0xFF, 0x00, 0x07,
    0xFF, 0xFF, 0xFF, 0xFF, 0x80, 0x0F, 0xFF, 0xFF, 0xFF, 0xFF, 0xC0, 0x0F, 0xFF, 0xFF, 0xFF, 0xFF, 0xC0, 0x1F, 0xFF, 0xFF, 0xFF, 0xFF, 0xE0, 0x1F,
    0xFF, 0xFF, 0xFF, 0xFF, 0xE0, 0x3F, 0xFF, 0xFF, 0xFF, 0xFF, 0xF0, 0x3F, 0xFF, 0xFF, 0xFF, 0xFF, 0xF0, 0xFF, 0xFF, 0xFF, 0xFF, 0xFF, 0xFC, 0xFF,
    0xFF, 0xFF, 0xFF, 0xFF, 0xFC, 0x7F, 0xFF, 0xFF, 0xFF, 0xFF, 0xF8, 0x3F, 0xFF, 0xFF, 0xFF, 0xFF, 0xF0, 0x3F, 0xFF, 0xFF, 0xFF, 0xFF, 0xF0, 0x1F,
    0xFF, 0xFF, 0xFF, 0xFF, 0xE0, 0x0F, 0xFF, 0xFF, 0xFF, 0xFF, 0xC0, 0x0F, 0xFF, 0xFF, 0xFF, 0xFF, 0xC0, 0x07, 0xFF, 0xFF, 0xFF, 0xFF, 0x80, 0x07,
    0xFF, 0xFF, 0xFF, 0xFF, 0x80, 0x03, 0xFF, 0xFF, 0xFF, 0xFF, 0x00, 0x03, 0xFF, 0xFF, 0xFF, 0xFF, 0x00, 0x01, 0xFF, 0xFF, 0xFF, 0xFE, 0x00, 0x00,
    0xFF, 0xFF, 0xFF, 0xFC, 0x00, 0x00, 0xFF, 0xFF, 0xFF, 0xFC, 0x00, 0x00, 0x7F, 0xFF, 0xFF, 0xF8, 0x00, 0x00, 0x7F, 0xFF, 0xFF, 0xF8, 0x00, 0x00,
    0x3F, 0xFF, 0xFF, 0xF0, 0x00, 0x00, 0x3F, 0xFF, 0xFF, 0xF0, 0x00, 0x00, 0x1F, 0xFF, 0xFF, 0xE0, 0x00, 0x00, 0x0F, 0xFF, 0xFF, 0xC0, 0x00, 0x00,
    0x0F, 0xFF, 0xFF, 0xC0, 0x00, 0x00, 0x07, 0xFF, 0xFF, 0x80, 0x00, 0x00, 0x07, 0xFF, 0xFF, 0x80, 0x00, 0x00, 0x03, 0xFF, 0xFF, 0x00, 0x00, 0x00,
    0x01, 0xFF, 0xFE, 0x00, 0x00, 0x00, 0x01, 0xFF, 0xFE, 0x00, 0x00, 0x00, 0x00, 0xFF, 0xFC, 0x00, 0x00, 0x00, 0x00, 0xFF, 0xFC, 0x00, 0x00, 0x00,
    0x00, 0x7F, 0xF8, 0x00, 0x00, 0x00, 0x00, 0x7F, 0xF8, 0x00, 0x00, 0x00, 0x00, 0x3F, 0xF0, 0x00, 0x00, 0x00, 0x00, 0x1F, 0xE0, 0x00, 0x00, 0x00,
    0x00, 0x1F, 0xE0, 0x00, 0x00, 0x00, 0x00, 0x0F, 0xC0, 0x00, 0x00, 0x00, 0x00, 0x0F, 0xC0, 0x00, 0x00, 0x00, 0x00, 0x07, 0x80, 0x00, 0x00, 0x00,
    0x00, 0x07, 0x80, 0x00, 0x00, 0x00, 0x00, 0x03, 0x00, 0x00, 0x00, 0x00, 0x00, 0x02, 0x00, 0x00, 0x00, 0x00, 0x00, 0x02, 0x00, 0x00, 0x00, 0x00,
    0x00, 0x03, 0x00, 0x00, 0x00, 0x00, 0x00, 0x07, 0x80, 0x00, 0x00, 0x00, 0x00, 0x0F, 0xC0, 0x00, 0x00, 0x00, 0x00, 0x1F, 0xE0, 0x00, 0x00, 0x00,
    0x00, 0x3F, 0xF0, 0x00, 0x00, 0x00, 0x00, 0x7F, 0xF8, 0x00, 0x00, 0x00, 0x00, 0xFF, 0xFC, 0x00, 0x00, 0x00, 0x01, 0xFF, 0xFE, 0x00, 0x00, 0x00,
    0x03, 0xFF, 0xFF, 0x00, 0x00, 0x00, 0x07, 0xFF, 0xFF, 0x80, 0x00, 0x00, 0x0F, 0xFF, 0xFF, 0xC0, 0x00, 0x00, 0x1F, 0xFF, 0xFF, 0xE0, 0x00, 0x00,
    0x3F, 0xFF, 0xFF, 0xF0, 0x00, 0x00, 0x7F, 0xFF, 0xFF, 0xF8, 0x00, 0x00, 0xFF, 0xFF, 0xFF, 0xFC, 0x00, 0x01, 0xFF, 0xFF, 0xFF, 0xFE, 0x00, 0x03,
    0xFF, 0xFF, 0xFF, 0xFF, 0x00, 0x07, 0xFF, 0xFF, 0xFF, 0xFF, 0x80, 0x0F, 0xFF, 0xFF, 0xFF, 0xFF, 0xC0, 0x1F, 0xFF, 0xFF, 0xFF, 0xFF, 0xE0, 0x3F,
    0xFF, 0xFF, 0xFF, 0xFF, 0xF0, 0x7F, 0xFF, 0xFF, 0xFF, 0xFF, 0xF8, 0xFF, 0xFF, 0xFF, 0xFF, 0xFF, 0xFC, 0xFF, 0xFF, 0xFF, 0xFF, 0xFF, 0xFC, 0x7F,
    0xFF, 0xFF, 0xFF, 0xFF, 0xF8, 0x3F, 0xFF, 0xFF, 0xFF, 0xFF, 0xF0, 0x1F, 0xFF, 0xFF, 0xFF, 0xFF, 0xE0, 0x0F, 0xFF, 0xFF, 0xFF, 0xFF, 0xC0, 0x07,
    0xFF, 0xFF, 0xFF, 0xFF, 0x80, 0x03, 0xFF, 0xFF, 0xFF, 0xFF, 0x00, 0x01, 0xFF, 0xFF, 0xFF, 0xFE, 0x00, 0x00, 0xFF, 0xFF, 0xFF, 0xFC, 0x00, 0x00,
    0x7F, 0xFF, 0xFF, 0xF8, 0x00, 0x00, 0x3F, 0xFF, 0xFF, 0xF0, 0x00, 0x00, 0x1F, 0xFF, 0xFF, 0xE0, 0x00, 0x00, 0x0F, 0xFF, 0xFF, 0xC0, 0x00, 0x00,
    0x07, 0xFF, 0xFF, 0x80, 0x00, 0x00, 0x03, 0xFF, 0xFF, 0x00, 0x00, 0x00, 0x01, 0xFF, 0xFE, 0x00, 0x00, 0x00, 0x00, 0xFF, 0xFC, 0x00, 0x00, 0x00,
    0x00, 0x7F, 0xF8, 0x00, 0x00, 0x00, 0x00, 0x3F, 0xF0, 0x00, 0x00, 0x00, 0x00, 0x1F, 0xE0, 0x00, 0x00, 0x00, 0x00, 0x0F, 0xC0, 0x00, 0x00, 0x00,
    0x00, 0x07, 0x80, 0x00, 0x00, 0x00, 0x00, 0x03, 0x00, 0x00, 0x00, 0x00, 0x00, 0x3F, 0xC0, 0x00, 0x00, 0x00, 0x03, 0xFF, 0xFC, 0x00, 0x00, 0x00,
    0x0F, 0xF0, 0xFF, 0x00, 0x00, 0x00, 0x3E, 0x00, 0x07, 0xC0, 0x00, 0x00, 0x78, 0x00, 0x01, 0xE0, 0x00, 0x00, 0xE0, 0x00, 0x00, 0x70, 0x00, 0x01,
    0xC0, 0x00, 0x00, 0x38, 0x00, 0x03, 0x80, 0x00, 0x00, 0x1C, 0x00, 0x07, 0x00, 0x00, 0x00, 0x0E, 0x00, 0x0E, 0x00, 0x00, 0x00, 0x07, 0x00, 0x0C,
    0x00, 0x00, 0x00, 0x03, 0x00, 0x18, 0x00, 0x00, 0x00, 0x01, 0x80, 0x38, 0x00, 0x00, 0x00, 0x01, 0xC0, 0x30, 0x00, 0x00, 0x00, 0x00, 0xC0, 0x30,
    0x00, 0x00, 0x00, 0x00, 0xC0, 0x70, 0x00, 0x00, 0x00, 0x00, 0xE0, 0x60, 0x00, 0x00, 0x00, 0x00, 0x60, 0x60, 0x00, 0x00, 0x00, 0x00, 0x60, 0x60,
    0x00, 0x00, 0x00, 0x00, 0x60, 0xE0, 0x00, 0x00, 0x00, 0x00, 0x60, 0xE0, 0x00, 0x00, 0x00, 0x00, 0x70, 0xE0, 0x00, 0x00, 0x00, 0x00, 0x70, 0xE0,
    0x00, 0x00, 0x00, 0x00, 0x70, 0xE0, 0x00, 0x00, 0x00, 0x00, 0x70, 0x60, 0x00, 0x00, 0x00, 0x00, 0x60, 0x60, 0x00, 0x00, 0x00, 0x00, 0x60, 0x60,
    0x00, 0x00, 0x00, 0x00, 0x60, 0x60, 0x00, 0x00, 0x00, 0x00, 0x60, 0x70, 0x00, 0x00, 0x00, 0x00, 0xE0, 0x30, 0x00, 0x00, 0x00, 0x00, 0xC0, 0x38,
    0x00, 0x00, 0x00, 0x01, 0xC0, 0x18, 0x00, 0x00, 0x00, 0x01, 0x80, 0x1C, 0x00, 0x00, 0x00, 0x03, 0x80, 0x0C, 0x00, 0x00, 0x00, 0x03, 0x00, 0x06,
    0x00, 0x00, 0x00, 0x06, 0x00, 0x07, 0x00, 0x00, 0x00, 0x0E, 0x00, 0x03, 0x80, 0x00, 0x00, 0x1C, 0x00, 0x01, 0xC0, 0x00, 0x00, 0x78, 0x00, 0x00,
    0xF0, 0x00, 0x00, 0xF0, 0x00, 0x00, 0x3C, 0x00, 0x03, 0xC0, 0x00, 0x00, 0x1F, 0x80, 0x1F, 0x80, 0x00, 0x00, 0x07, 0xFF, 0xFE, 0x00, 0x00, 0x00,
    0x00, 0xFF, 0xF0, 0x00, 0x00, 0x00, 0x00, 0x3F, 0xC0, 0x00, 0x00, 0x00, 0x03, 0xFF, 0xFC, 0x00, 0x00, 0x00, 0x0F, 0xFF, 0xFF, 0x00, 0x00, 0x00,
    0x3F, 0xFF, 0xFF, 0xC0, 0x00, 0x00, 0x7F, 0xFF, 0xFF, 0xE0, 0x00, 0x00, 0xFF, 0xFF, 0xFF, 0xF0, 0x00, 0x01, 0xFF, 0xFF, 0xFF, 0xF8, 0x00, 0x03,
    0xFF, 0xFF, 0xFF, 0xFC, 0x00, 0x07, 0xFF, 0xFF, 0xFF, 0xFE, 0x00, 0x0F, 0xFF, 0xFF, 0xFF, 0xFF, 0x00, 0x0F, 0xFF, 0xFF, 0xFF, 0xFF, 0x00, 0x1F,
    0xFF, 0xFF, 0xFF, 0xFF, 0x80, 0x3F, 0xFF, 0xFF, 0xFF, 0xFF, 0xC0, 0x3F, 0xFF, 0xFF, 0xFF, 0xFF, 0xC0, 0x3F, 0xFF, 0xFF, 0xFF, 0xFF, 0xC0, 0x7F,
    0xFF, 0xFF, 0xFF, 0xFF, 0xE0, 0x7F, 0xFF, 0xFF, 0xFF, 0xFF, 0xE0, 0x7F, 0xFF, 0xFF, 0xFF, 0xFF, 0xE0, 0x7F, 0xFF, 0xFF, 0xFF, 0xFF, 0xE0, 0xFF,
    0xFF, 0xFF, 0xFF, 0xFF, 0xE0, 0xFF, 0xFF, 0xFF, 0xFF, 0xFF, 0xF0, 0xFF, 0xFF, 0xFF, 0xFF, 0xFF, 0xF0, 0xFF, 0xFF, 0xFF, 0xFF, 0xFF, 0xF0, 0xFF,
    0xFF, 0xFF, 0xFF, 0xFF, 0xF0, 0x7F, 0xFF, 0xFF, 0xFF, 0xFF, 0xE0, 0x7F, 0xFF, 0xFF, 0xFF, 0xFF, 0xE0, 0x7F, 0xFF, 0xFF, 0xFF, 0xFF, 0xE0, 0x7F,
    0xFF, 0xFF, 0xFF, 0xFF, 0xE0, 0x7F, 0xFF, 0xFF, 0xFF, 0xFF, 0xE0, 0x3F, 0xFF, 0xFF, 0xFF, 0xFF, 0xC0, 0x3F, 0xFF, 0xFF, 0xFF, 0xFF, 0xC0, 0x1F,
    0xFF, 0xFF, 0xFF, 0xFF, 0x80, 0x1F, 0xFF, 0xFF, 0xFF, 0xFF, 0x80, 0x0F, 0xFF, 0xFF, 0xFF, 0xFF, 0x00, 0x07, 0xFF, 0xFF, 0xFF, 0xFE, 0x00, 0x07,
    0xFF, 0xFF, 0xFF, 0xFE, 0x00, 0x03, 0xFF, 0xFF, 0xFF, 0xFC, 0x00, 0x01, 0xFF, 0xFF, 0xFF, 0xF8, 0x00, 0x00, 0xFF, 0xFF, 0xFF, 0xF0, 0x00, 0x00,
    0x3F, 0xFF, 0xFF, 0xC0, 0x00, 0x00, 0x1F, 0xFF, 0xFF, 0x80, 0x00, 0x00, 0x07, 0xFF, 0xFE, 0x00, 0x00, 0x00, 0x00, 0xFF, 0xF0, 0x00, 0x00, 0x00,
    0x00, 0x04, 0x00, 0x00, 0x00, 0x00, 0x00, 0x06, 0x00, 0x00, 0x00, 0x00, 0x00, 0x06, 0x00, 0x00, 0x00, 0x00, 0x00, 0x06, 0x00, 0x00, 0x00, 0x00,
    0x00, 0x0F, 0x00, 0x00, 0x00, 0x00, 0x00, 0x0F, 0x00, 0x00, 0x00, 0x00, 0x00, 0x0F, 0x00, 0x00, 0x00, 0x00, 0x00, 0x1F, 0x80, 0x00, 0x00, 0x00,
    0x00, 0x1F, 0x80, 0x00, 0x00, 0x00, 0x00, 0x1F, 0x80, 0x00, 0x00, 0x00, 0x00, 0x3F, 0xC0, 0x00, 0x00, 0x00, 0x00, 0x3F, 0xC0, 0x00, 0x00, 0x00,
    0x00, 0x3F, 0xC0, 0x00, 0x00, 0x00, 0x00, 0x7F, 0xE0, 0x00, 0x00, 0x00, 0x00, 0x7F, 0xE0, 0x00, 0x00, 0x00, 0x00, 0x7F, 0xE0, 0x00, 0x00, 0xFF,
    0xFF, 0xFF, 0xFF, 0xFF, 0xF0, 0x3F, 0xFF, 0xFF, 0xFF, 0xFF, 0xC0, 0x1F, 0xFF, 0xFF, 0xFF, 0xFF, 0x80, 0x07, 0xFF, 0xFF, 0xFF, 0xFE, 0x00, 0x03,
    0xFF, 0xFF, 0xFF, 0xFC, 0x00, 0x01, 0xFF, 0xFF, 0xFF, 0xF8, 0x00, 0x00, 0x7F, 0xFF, 0xFF, 0xE0, 0x00, 0x00, 0x3F, 0xFF, 0xFF, 0xC0, 0x00, 0x00,
    0x0F, 0xFF, 0xFF, 0x00, 0x00, 0x00, 0x07, 0xFF, 0xFE, 0x00, 0x00, 0x00, 0x07, 0xFF, 0xFE, 0x00, 0x00, 0x00, 0x07, 0xFF, 0xFE, 0x00, 0x00, 0x00,
    0x0F, 0xFF, 0xFF, 0x00, 0x00, 0x00, 0x0F, 0xFF, 0xFF, 0x00, 0x00, 0x00, 0x0F, 0xFF, 0xFF, 0x00, 0x00, 0x00, 0x1F, 0xFF, 0xFF, 0x80, 0x00, 0x00,
    0x1F, 0xF9, 0xFF, 0x80, 0x00, 0x00, 0x1F, 0xF0, 0xFF, 0x80, 0x00, 0x00, 0x3F, 0xE0, 0x7F, 0xC0, 0x00, 0x00, 0x3F, 0x80, 0x1F, 0xC0, 0x00, 0x00,
    0x3F, 0x00, 0x0F, 0xC0, 0x00, 0x00, 0x7E, 0x00, 0x07, 0xE0, 0x00, 0x00, 0x78, 0x00, 0x01, 0xE0, 0x00, 0x00, 0x70, 0x00, 0x00, 0xE0, 0x00, 0x00,
    0xC0, 0x00, 0x00, 0x30, 0x00, 0x00, 0x80, 0x00, 0x00, 0x10, 0x00, 0x00, 0x00, 0x06, 0x00, 0x00, 0x00, 0x00, 0x00, 0x06, 0x00, 0x00, 0x00, 0x00,
    0x00, 0x06, 0x00, 0x00, 0x00, 0x00, 0x00, 0x0E, 0x00, 0x00, 0x00, 0x00, 0x00, 0x0F, 0x00, 0x00, 0x00, 0x00, 0x00, 0x0F, 0x00, 0x00, 0x00, 0x00,
    0x00, 0x0F, 0x00, 0x00, 0x00, 0x00, 0x00, 0x19, 0x80, 0x00, 0x00, 0x00, 0x00, 0x19, 0x80, 0x00, 0x00, 0x00, 0x00, 0x19, 0x80, 0x00, 0x00, 0x00,
    0x00, 0x31, 0xC0, 0x00, 0x00, 0x00, 0x00, 0x30, 0xC0, 0x00, 0x00, 0x00, 0x00, 0x30, 0xC0, 0x00, 0x00, 0x00, 0x00, 0x70, 0xE0, 0x00, 0x00, 0x00,
    0x00, 0x60, 0x60, 0x00, 0x00, 0x00, 0x00, 0x60, 0x60, 0x00, 0x00, 0xFF, 0xFF, 0xE0, 0x7F, 0xFF, 0xF0, 0x3F, 0xFF, 0xC0, 0x3F, 0xFF, 0xC0, 0x1C,
    0x00, 0x00, 0x00, 0x03, 0x80, 0x0F, 0x00, 0x00, 0x00, 0x0F, 0x00, 0x03, 0xC0, 0x00, 0x00, 0x3C, 0x00, 0x01, 0xE0, 0x00, 0x00, 0x78, 0x00, 0x00,
    0x70, 0x00, 0x00, 0xE0, 0x00, 0x00, 0x3C, 0x00, 0x03, 0xC0, 0x00, 0x00, 0x1E, 0x00, 0x07, 0x80, 0x00, 0x00, 0x07, 0x00, 0x0E, 0x00, 0x00, 0x00,
    0x06, 0x00, 0x06, 0x00, 0x00, 0x00, 0x06, 0x00, 0x06, 0x00, 0x00, 0x00, 0x0E, 0x00, 0x07, 0x00, 0x00, 0x00, 0x0C, 0x04, 0x03, 0x00, 0x00, 0x00,
    0x0C, 0x06, 0x03, 0x00, 0x00, 0x00, 0x1C, 0x1F, 0x83, 0x80, 0x00, 0x00, 0x18, 0x39, 0xC1, 0x80, 0x00, 0x00, 0x18, 0xF0, 0xF1, 0x80, 0x00, 0x00,
    0x31, 0xE0, 0x78, 0xC0, 0x00, 0x00, 0x33, 0x80, 0x1C, 0xC0, 0x00, 0x00, 0x37, 0x00, 0x0E, 0xC0, 0x00, 0x00, 0x6E, 0x00, 0x07, 0x60, 0x00, 0x00,
    0x78, 0x00, 0x01, 0xE0, 0x00, 0x00, 0x70, 0x00, 0x00, 0xE0, 0x00, 0x00, 0xE0, 0x00, 0x00, 0x70, 0x00, 0x00, 0x80, 0x00, 0x00, 0x10, 0x00, 0x00,
    0x00, 0x0F, 0xC0, 0x00, 0x00, 0x00, 0x00, 0x3F, 0xF0, 0x00, 0x00, 0x00, 0x00, 0x7F, 0xF8, 0x00, 0x00, 0x00, 0x00, 0x7F, 0xF8, 0x00, 0x00, 0x00,
    0x00, 0xFC, 0xFC, 0x00, 0x00, 0x00, 0x01, 0xF0, 0x3E, 0x00, 0x00, 0x00, 0x01, 0xF0, 0x3E, 0x00, 0x00, 0x00, 0x03, 0xE0, 0x1F, 0x00, 0x00, 0x00,
    0x07, 0xC0, 0x0F, 0x80, 0x00, 0x00, 0x07, 0xC0, 0x0F, 0x80, 0x00, 0x00, 0x0F, 0x8F, 0xC7, 0xC0, 0x00, 0x00, 0x0F, 0x8F, 0xC7, 0xC0, 0x00, 0x00,
    0x1F, 0x0F, 0xC3, 0xE0, 0x00, 0x00, 0x1F, 0x0F, 0xC1, 0xE0, 0x00, 0x00, 0x3E, 0x0F, 0xC1, 0xF0, 0x00, 0x00, 0x7C, 0x07, 0xC0, 0xF8, 0x00, 0x00,
    0x7C, 0x07, 0x80, 0xF8, 0x00, 0x00, 0xF8, 0x07, 0x80, 0x7C, 0x00, 0x00, 0xF8, 0x07, 0x80, 0x7C, 0x00, 0x01, 0xF0, 0x07, 0x80, 0x3E, 0x00, 0x01,
    0xE0, 0x07, 0x80, 0x1E, 0x00, 0x03, 0xE0, 0x07, 0x80, 0x1F, 0x00, 0x07, 0xC0, 0x07, 0x80, 0x0F, 0x80, 0x07, 0xC0, 0x07, 0x80, 0x0F, 0x80, 0x0F,
    0x80, 0x00, 0x00, 0x07, 0xC0, 0x0F, 0x80, 0x00, 0x00, 0x07, 0xC0, 0x1F, 0x00, 0x00, 0x00, 0x03, 0xE0, 0x1E, 0x00, 0x0F, 0xC0, 0x01, 0xE0, 0x3E,
    0x00, 0x0F, 0xC0, 0x01, 0xF0, 0x7C, 0x00, 0x1F, 0xE0, 0x00, 0xF8, 0x7C, 0x00, 0x1F, 0xE0, 0x00, 0xF8, 0x78, 0x00, 0x1F, 0xE0, 0x00, 0x78, 0xF8,
    0x00, 0x0F, 0xC0, 0x00, 0x7C, 0xF8, 0x00, 0x0F, 0xC0, 0x00, 0x7C, 0xF8, 0x00, 0x03, 0x00, 0x00, 0x7C, 0xF8, 0x00, 0x00, 0x00, 0x00, 0x7C, 0x7E,
    0x00, 0x00, 0x00, 0x00, 0xF8, 0x7F, 0xFF, 0xFF, 0xFF, 0xFF, 0xF8, 0x3F, 0xFF, 0xFF, 0xFF, 0xFF, 0xF0, 0x1F, 0xFF, 0xFF, 0xFF, 0xFF, 0xE0, 0x07,
    0xFF, 0xFF, 0xFF, 0xFF, 0x80, 0x00, 0x3F, 0xFF, 0xFF, 0xF8, 0x00, 0x00, 0x00, 0x00, 0x02, 0x00, 0x00, 0x00, 0x00, 0x07, 0x80, 0x00, 0x00, 0x00,
    0x0F, 0xC0, 0x00, 0x00, 0x00, 0x1F, 0xE0, 0x00, 0x00, 0x00, 0x3F, 0xC0, 0x00, 0x00, 0x00, 0x7F, 0x80, 0x00, 0x00, 0x00, 0x7F, 0x00, 0x00, 0x00,
    0x00, 0xFE, 0x00, 0x00, 0x00, 0x01, 0xFC, 0x00, 0x00, 0x00, 0x01, 0xF8, 0x00, 0x00, 0x00, 0x03, 0xF8, 0x00, 0x00, 0x00, 0x07, 0xF0, 0x00, 0x00,
    0x00, 0x07, 0xE0, 0x00, 0x00, 0x00, 0x0F, 0xC0, 0x00, 0x00, 0x00, 0x0F, 0xC0, 0x00, 0x00, 0x00, 0x1F, 0x80, 0x00, 0x00, 0x00, 0x3F, 0x00, 0x00,
    0x00, 0x00, 0x3F, 0x00, 0x00, 0x00, 0x00, 0x7E, 0x00, 0x00, 0x08, 0x00, 0x7E, 0x00, 0x00, 0x3C, 0x00, 0x7C, 0x00, 0x00, 0xFC, 0x00, 0xFC, 0x00,
    0x00, 0x7E, 0x00, 0xF8, 0x00, 0x00, 0x7F, 0x01, 0xF8, 0x00, 0x00, 0x3F, 0x01, 0xF0, 0x00, 0x00, 0x1F, 0x83, 0xF0, 0x00, 0x00, 0x1F, 0x83, 0xE0,
    0x00, 0x00, 0x0F, 0xC3, 0xE0, 0x00, 0x00, 0x0F, 0xC7, 0xC0, 0x00, 0x00, 0x07, 0xC7, 0xC0, 0x00, 0x00, 0x07, 0xE7, 0xC0, 0x00, 0x00, 0x03, 0xEF,
    0x80, 0x00, 0x00, 0x03, 0xFF, 0x80, 0x00, 0x00, 0x01, 0xFF, 0x80, 0x00, 0x00, 0x01, 0xFF, 0x00, 0x00, 0x00, 0x00, 0xFF, 0x00, 0x00, 0x00, 0x00,
    0xFF, 0x00, 0x00, 0x00, 0x00, 0x7C, 0x00, 0x00, 0x00, 0x00, 0x04, 0x00, 0x1E, 0x00, 0x3F, 0x00, 0x7F, 0x80, 0xFF, 0xC0, 0x3F, 0xE0, 0x1F, 0xF0,
    0x0F, 0xF8, 0x07, 0xFC, 0x03, 0xFE, 0x01, 0xFF, 0x00, 0xFE, 0x00, 0x78, 0x00, 0x30, 0x00, 0x20, 0x03, 0xE0, 0x0F, 0xF8, 0x3F, 0xFC, 0x3F, 0xFE,
    0x78, 0x1E, 0x78, 0x0F, 0xF0, 0x0F, 0xF0, 0x0F, 0xF0, 0x0F, 0x70, 0x0F, 0x78, 0x1E, 0x7C, 0x3E, 0x3F, 0xFC, 0x1F, 0xF8, 0x0F, 0xF0, 0x00, 0x80,
    0x00, 0x80, 0x01, 0x00, 0x00, 0xE0, 0x01, 0xC0, 0x01, 0xF8, 0x03, 0xF0, 0x01, 0xFE, 0x03, 0xFC, 0x01, 0xFC, 0x03, 0xF8, 0x03, 0xFC, 0x07, 0xF8,
    0x03, 0xF8, 0x07, 0xF0, 0x03, 0xF8, 0x07, 0xF0, 0x07, 0xF0, 0x0F, 0xE0, 0x07, 0xF0, 0x0F, 0xE0, 0x07, 0xE0, 0x1F, 0xC0, 0x0F, 0xE0, 0x1F, 0x80,
    0x0F, 0xC0, 0x1F, 0x80, 0x0F, 0xC0, 0x3F, 0x00, 0x1F, 0x80, 0x3F, 0x00, 0x1F, 0x80, 0x3E, 0x00, 0x1F, 0x00, 0x7E, 0x00, 0x3F, 0x00, 0x7C, 0x00,
    0x3E, 0x00, 0x7C, 0x00, 0x7E, 0x00, 0xF8, 0x00, 0x7C, 0x00, 0xF8, 0x00, 0x7C, 0x00, 0xF0, 0x00, 0xF8, 0x01, 0xF0, 0x00, 0x70, 0x00, 0xE0, 0x00,
    0x10, 0x00, 0x20, 0x00, 0x00, 0x01, 0xC0, 0x00, 0x00, 0x00, 0x03, 0xF8, 0x00, 0x00, 0x00, 0x03, 0xF8, 0x00, 0x00, 0x00, 0x03, 0xF0, 0x00, 0x00,
    0x00, 0x07, 0xF0, 0x00, 0x00, 0x00, 0x07, 0xF0, 0x00, 0x00, 0x00, 0x0F, 0xE0, 0x00, 0x00, 0x00, 0x0F, 0xE0, 0x00, 0x00, 0x00, 0x0F, 0xC0, 0x00,
    0x00, 0x00, 0x1F, 0xFF, 0xFF, 0xE0, 0x00, 0x1F, 0xFF, 0xFF, 0xF8, 0x00, 0x3F, 0xFF, 0xFF, 0xFC, 0x00, 0x3F, 0xFF, 0xFF, 0xF8, 0x00, 0x7F, 0xFF,
    0xFF, 0xF8, 0x00, 0x7F, 0xFF, 0xFF, 0xF0, 0x00, 0xFE, 0x00, 0x07, 0xF0, 0x01, 0xFE, 0x00, 0x0F, 0xE0, 0x01, 0xFC, 0x00, 0x0F, 0xE0, 0x03, 0xF8,
    0x00, 0x1F, 0xE0, 0x07, 0xF8, 0x00, 0x1F, 0xC0, 0x07, 0xF0, 0x00, 0x3F, 0x80, 0x0F, 0xF0, 0x00, 0x3F, 0x80, 0x1F, 0xE0, 0x00, 0x7F, 0x00, 0x3F,
    0xC1, 0x80, 0x7F, 0x00, 0x7F, 0x83, 0xE0, 0xFE, 0x00, 0xFF, 0x87, 0xF9, 0xFE, 0x00, 0x3F, 0x0F, 0xFF, 0xFC, 0x00, 0x1E, 0x0F, 0xFF, 0xF8, 0x00,
    0x04, 0x03, 0xFF, 0xF8, 0x00, 0x00, 0x00, 0xFF, 0xF0, 0x00, 0x00, 0x00, 0x3F, 0xFC, 0x00, 0x00, 0x00, 0x1F, 0xFE, 0x00, 0x00, 0x00, 0x07, 0xFF,
    0x00, 0x00, 0x00, 0x03, 0xFF, 0xC0, 0x00, 0x00, 0x00, 0xFF, 0x80, 0x00, 0x00, 0x00, 0x7F, 0x80, 0x00, 0x00, 0x00, 0x1F, 0x00, 0x00, 0x00, 0x00,
    0x0E, 0x00, 0x00, 0x00, 0x00, 0x04, 0x00, 0x00, 0x00, 0xFF, 0xF0, 0x00, 0x00, 0x00, 0x07, 0xFF, 0xFE, 0x00, 0x00, 0x00, 0x1F, 0xFF, 0xFF, 0x80,
    0x00, 0x00, 0x3F, 0xFF, 0xFF, 0xC0, 0x00, 0x00, 0xFF, 0xFF, 0xFF, 0xF0, 0x00, 0x01, 0xFF, 0xFF, 0xFF, 0xF8, 0x00, 0x03, 0xFF, 0x80, 0x1F, 0xFC,
    0x00, 0x07, 0xFE, 0x00, 0x03, 0xFE, 0x00, 0x0F, 0xF8, 0x00, 0x01, 0xFF, 0x00, 0x0F, 0xF0, 0x00, 0x00, 0xFF, 0x00, 0x1F, 0xC0, 0x00, 0x00, 0x7F,
    0x80, 0x3F, 0xC0, 0x00, 0x00, 0x3F, 0x80, 0x3F, 0x80, 0x00, 0x00, 0x1F, 0xC0, 0x3F, 0x00, 0x00, 0x00, 0x0F, 0xC0, 0x7F, 0x00, 0x00, 0x00, 0x0F,
    0xE0, 0x7E, 0x00, 0x00, 0x00, 0x07, 0xE0, 0x7E, 0x00, 0x00, 0x00, 0x07, 0xE0, 0xFC, 0x00, 0x00, 0x00, 0x03, 0xF0, 0xFC, 0x00, 0x00, 0x00, 0x03,
    0xF0, 0xFC, 0x00, 0x00, 0x00, 0x03, 0xF0, 0xFC, 0x00, 0x00, 0x00, 0x03, 0xF0, 0xFC, 0x00, 0x00, 0x00, 0x03, 0xF0, 0xFC, 0x00, 0x00, 0x00, 0x03,
    0xF0, 0xFC, 0x00, 0x00, 0x00, 0x03, 0xF0, 0xFC, 0x00, 0x00, 0x00, 0x03, 0xF0, 0xFC, 0x00, 0x00, 0x00, 0x03, 0xF0, 0xFE, 0x00, 0x00, 0x00, 0x07,
    0xF0, 0x7E, 0x00, 0x00, 0x00, 0x07, 0xE0, 0x7E, 0x00, 0x00, 0x00, 0x07, 0xE0, 0x7F, 0x00, 0x00, 0x00, 0x0F, 0xE0, 0x3F, 0x00, 0x00, 0x00, 0x0F,
    0xC0, 0x3F, 0x80, 0x00, 0x00, 0x1F, 0xC0, 0x1F, 0xC0, 0x00, 0x00, 0x3F, 0x80, 0x1F, 0xE0, 0x00, 0x00, 0x7F, 0x80, 0x0F, 0xF0, 0x00, 0x00, 0xFF,
    0x00, 0x07, 0xFC, 0x00, 0x03, 0xFE, 0x00, 0x03, 0xFE, 0x00, 0x07, 0xFC, 0x00, 0x01, 0xFF, 0xE0, 0x7F, 0xF8, 0x00, 0x00, 0xFF, 0xFF, 0xFF, 0xF0,
    0x00, 0x00, 0x7F, 0xFF, 0xFF, 0xE0, 0x00, 0x00, 0x3F, 0xFF, 0xFF, 0xC0, 0x00, 0x00, 0x0F, 0xFF, 0xFF, 0x00, 0x00, 0x00, 0x03, 0xFF, 0xFC, 0x00,
    0x00, 0x00, 0x00, 0x1F, 0x80, 0x00, 0x00, 0x00, 0x06, 0x00, 0x00, 0x07, 0x80, 0x00, 0x0F, 0xC0, 0x00, 0x0F, 0xC0, 0x00, 0x1F, 0x80, 0x00, 0x3F,
    0x00, 0x00, 0x3F, 0x00, 0x00, 0x7E, 0x00, 0x00, 0x7E, 0x00, 0x00, 0xFC, 0x00, 0x01, 0xF8, 0x00, 0x01, 0xF8, 0x00, 0x03, 0xF0, 0x00, 0x03, 0xF0,
    0x00, 0x07, 0xE0, 0x00, 0x0F, 0xC0, 0x00, 0x0F, 0xC0, 0x00, 0x1F, 0x80, 0x00, 0x3F, 0x00, 0x00, 0x3F, 0x00, 0x00, 0x7E, 0x00, 0x00, 0x7E, 0x00,
    0x00, 0xFC, 0x00, 0x00, 0xFC, 0x00, 0x00, 0x7E, 0x00, 0x00, 0x3F, 0x00, 0x00, 0x3F, 0x00, 0x00, 0x1F, 0x80, 0x00, 0x1F, 0x80, 0x00, 0x0F, 0xC0,
    0x00, 0x07, 0xE0, 0x00, 0x07, 0xE0, 0x00, 0x03, 0xF0, 0x00, 0x03, 0xF0, 0x00, 0x01, 0xF8, 0x00, 0x00, 0xFC, 0x00, 0x00, 0xFC, 0x00, 0x00, 0x7E,
    0x00, 0x00, 0x7E, 0x00, 0x00, 0x3F, 0x00, 0x00, 0x1F, 0x80, 0x00, 0x1F, 0x80, 0x00, 0x0F, 0xC0, 0x00, 0x07, 0xC0, 0x00, 0x07, 0x00, 0x18, 0x00,
    0x00, 0x78, 0x00, 0x00, 0xFC, 0x00, 0x00, 0xFC, 0x00, 0x00, 0x7E, 0x00, 0x00, 0x3F, 0x00, 0x00, 0x3F, 0x00, 0x00, 0x1F, 0x80, 0x00, 0x1F, 0x80,
    0x00, 0x0F, 0xC0, 0x00, 0x07, 0xE0, 0x00, 0x07, 0xE0, 0x00, 0x03, 0xF0, 0x00, 0x01, 0xF0, 0x00, 0x01, 0xF8, 0x00, 0x00, 0xFC, 0x00, 0x00, 0xFC,
    0x00, 0x00, 0x7E, 0x00, 0x00, 0x3F, 0x00, 0x00, 0x3F, 0x00, 0x00, 0x1F, 0x80, 0x00, 0x1F, 0x80, 0x00, 0x0F, 0xC0, 0x00, 0x0F, 0xC0, 0x00, 0x1F,
    0x80, 0x00, 0x3F, 0x00, 0x00, 0x3F, 0x00, 0x00, 0x7E, 0x00, 0x00, 0x7E, 0x00, 0x00, 0xFC, 0x00, 0x01, 0xF8, 0x00, 0x01, 0xF8, 0x00, 0x03, 0xF0,
    0x00, 0x03, 0xF0, 0x00, 0x07, 0xE0, 0x00, 0x0F, 0xC0, 0x00, 0x0F, 0xC0, 0x00, 0x1F, 0x80, 0x00, 0x1F, 0x80, 0x00, 0x3F, 0x00, 0x00, 0x7E, 0x00,
    0x00, 0x7E, 0x00, 0x00, 0xFC, 0x00, 0x00, 0xF8, 0x00, 0x00, 0x38, 0x00, 0x00, 0x00, 0x60, 0x20, 0x00, 0x78, 0x7C, 0x00, 0xF8, 0x78, 0x00, 0xF8,
    0xF8, 0x00, 0xF0, 0xF0, 0x01, 0xF1, 0xF0, 0x01, 0xE1, 0xF0, 0x03, 0xE1, 0xE0, 0x03, 0xC3, 0xE0, 0x07, 0xC3, 0xC0, 0x07, 0xC7, 0xC0, 0x07, 0x87,
    0x80, 0x0F, 0x8F, 0x80, 0x0F, 0x0F, 0x80, 0x1F, 0x0F, 0x00, 0x1E, 0x1F, 0x00, 0x3E, 0x1E, 0x00, 0x3E, 0x3E, 0x00, 0x3C, 0x3C, 0x00, 0x7C, 0x3C,
    0x00, 0x78, 0x7C, 0x00, 0xF8, 0x78, 0x00, 0xF0, 0xF8, 0x00, 0xF8, 0xF8, 0x00, 0x78, 0x78, 0x00, 0x78, 0x7C, 0x00, 0x7C, 0x3C, 0x00, 0x3C, 0x3E,
    0x00, 0x3E, 0x1E, 0x00, 0x1E, 0x1E, 0x00, 0x1F, 0x1F, 0x00, 0x0F, 0x0F, 0x00, 0x0F, 0x0F, 0x80, 0x0F, 0x87, 0x80, 0x07, 0x87, 0xC0, 0x07, 0xC3,
    0xC0, 0x03, 0xC3, 0xC0, 0x03, 0xE3, 0xE0, 0x03, 0xE1, 0xE0, 0x01, 0xE1, 0xF0, 0x01, 0xF0, 0xF0, 0x00, 0xF0, 0xF8, 0x00, 0xF8, 0xF8, 0x00, 0x78,
    0x7C, 0x00, 0x70, 0x78, 0x10, 0x18, 0x00, 0xF8, 0x78, 0x00, 0x78, 0x7C, 0x00, 0x7C, 0x7C, 0x00, 0x3C, 0x3C, 0x00, 0x3E, 0x3E, 0x00, 0x3E, 0x1E,
    0x00, 0x1E, 0x1F, 0x00, 0x1F, 0x0F, 0x00, 0x0F, 0x0F, 0x80, 0x0F, 0x8F, 0x80, 0x07, 0x87, 0x80, 0x07, 0xC7, 0xC0, 0x07, 0xC3, 0xC0, 0x03, 0xC3,
    0xE0, 0x03, 0xE1, 0xE0, 0x01, 0xE1, 0xE0, 0x01, 0xF1, 0xF0, 0x00, 0xF0, 0xF0, 0x00, 0xF0, 0xF8, 0x00, 0xF8, 0x78, 0x00, 0x78, 0x7C, 0x00, 0x7C,
    0x3C, 0x00, 0x7C, 0x7C, 0x00, 0x78, 0x78, 0x00, 0xF8, 0x78, 0x00, 0xF0, 0xF8, 0x01, 0xF0, 0xF0, 0x01, 0xE1, 0xF0, 0x01, 0xE1, 0xE0, 0x03, 0xE3,
    0xE0, 0x03, 0xC3, 0xC0, 0x07, 0xC3, 0xC0, 0x07, 0x87, 0xC0, 0x0F, 0x87, 0x80, 0x0F, 0x0F, 0x80, 0x0F, 0x0F, 0x00, 0x1F, 0x1F, 0x00, 0x1E, 0x1F,
    0x00, 0x3E, 0x1E, 0x00, 0x3C, 0x3E, 0x00, 0x7C, 0x3C, 0x00, 0x7C, 0x7C, 0x00, 0xF8, 0x78, 0x00, 0x78, 0x38, 0x00, 0xFF, 0xFF, 0xFF, 0xFF, 0xFF,
    0xFF, 0xFF, 0xFF, 0xFF, 0xFF, 0xF8, 0x00, 0xF8, 0x00, 0xF8, 0x00, 0xF8, 0x00, 0xF8, 0x00, 0xF8, 0x00, 0xF8, 0x00, 0xF8, 0x00, 0xF8, 0x00, 0xF8,
    0x00, 0xF8, 0x00, 0xF8, 0x00, 0xF8, 0x00, 0xF8, 0x00, 0xF8, 0x00, 0xF8, 0x00, 0xF8, 0x00, 0xF8, 0x00, 0xF8, 0x00, 0xF8, 0x00, 0xF8, 0x00, 0xF8,
    0x00, 0xF8, 0x00, 0xF8, 0x00, 0xF8, 0x00, 0xF8, 0x00, 0x00, 0x1F, 0x00, 0x1F, 0x00, 0x1F, 0x00, 0x1F, 0x00, 0x1F, 0x00, 0x1F, 0x00, 0x1F, 0x00,
    0x1F, 0x00, 0x1F, 0x00, 0x1F, 0x00, 0x1F, 0x00, 0x1F, 0x00, 0x1F, 0x00, 0x1F, 0x00, 0x1F, 0x00, 0x1F, 0x00, 0x1F, 0x00, 0x1F, 0x00, 0x1F, 0x00,
    0x1F, 0x00, 0x1F, 0x00, 0x1F, 0x00, 0x1F, 0x00, 0x1F, 0x00, 0x1F, 0xFF, 0xFF, 0xFF, 0xFF, 0xFF, 0xFF, 0xFF, 0xFF, 0xFF, 0xFF, 0xFF, 0xFF, 0xC0,
    0xFF, 0xFF, 0xC0, 0xC0, 0x00, 0xC0, 0xC0, 0x00, 0xC0, 0xC0, 0x00, 0xC0, 0xC0, 0x00, 0xC0, 0xC0, 0x00, 0xC0, 0xC1, 0xFF, 0xC0, 0xC1, 0xFF, 0xC0,
    0xC1, 0x80, 0x00, 0xC1, 0x80, 0x00, 0xC1, 0x80, 0x00, 0xC1, 0x80, 0x00, 0xC1, 0x80, 0x00, 0xC1, 0x80, 0x00, 0xC1, 0x80, 0x00, 0xC1, 0x80, 0x00,
    0xC1, 0x80, 0x00, 0xC1, 0x80, 0x00, 0xC1, 0x80, 0x00, 0xC1, 0x80, 0x00, 0xC1, 0x80, 0x00, 0xC1, 0x80, 0x00, 0xC1, 0x80, 0x00, 0xC1, 0x80, 0x00,
    0xC1, 0x80, 0x00, 0xC1, 0x80, 0x00, 0xC1, 0x80, 0x00, 0xC1, 0x80, 0x00, 0xC1, 0x80, 0x00, 0xFF, 0x80, 0x00, 0xFF, 0x80, 0x00, 0x00, 0x7F, 0xC0,
    0x00, 0x7F, 0xC0, 0x00, 0x60, 0xC0, 0x00, 0x60, 0xC0, 0x00, 0x60, 0xC0, 0x00, 0x60, 0xC0, 0x00, 0x60, 0xC0, 0x00, 0x60, 0xC0, 0x00, 0x60, 0xC0,
    0x00, 0x60, 0xC0, 0x00, 0x60, 0xC0, 0x00, 0x60, 0xC0, 0x00, 0x60, 0xC0, 0x00, 0x60, 0xC0, 0x00, 0x60, 0xC0, 0x00, 0x60, 0xC0, 0x00, 0x60, 0xC0,
    0x00, 0x60, 0xC0, 0x00, 0x60, 0xC0, 0x00, 0x60, 0xC0, 0x00, 0x60, 0xC0, 0x00, 0x60, 0xC0, 0x00, 0x60, 0xC0, 0xFF, 0xE0, 0xC0, 0xFF, 0xE0, 0xC0,
    0xC0, 0x00, 0xC0, 0xC0, 0x00, 0xC0, 0xC0, 0x00, 0xC0, 0xC0, 0x00, 0xC0, 0xFF, 0xFF, 0xC0, 0xFF, 0xFF, 0xC0, 0xFF, 0xFE, 0xFF, 0xF8, 0xFF, 0xF8,
    0xFF, 0xF0, 0xFF, 0xE0, 0xFF, 0xC0, 0xFF, 0xC0, 0xFF, 0x80, 0xFF, 0x00, 0xFF, 0x00, 0xFF, 0x00, 0xFE, 0x00, 0xFE, 0x00, 0xFC, 0x00, 0xFC, 0x00,
    0xFC, 0x00, 0xFC, 0x00, 0xFC, 0x00, 0xF8, 0x00, 0xF8, 0x00, 0xF8, 0x00, 0xF8, 0x00, 0xF8, 0x00, 0xF8, 0x00, 0xF8, 0x00, 0xF8, 0x00, 0xF8, 0x00,
    0xF8, 0x00, 0xFC, 0x00, 0xFC, 0x00, 0xFC, 0x00, 0xFC, 0x00, 0xFE, 0x00, 0xFE, 0x00, 0xFE, 0x00, 0xFF, 0x00, 0xFF, 0x00, 0xFF, 0x80, 0xFF, 0x80,
    0xFF, 0xC0, 0xFF, 0xE0, 0xFF, 0xE0, 0xFF, 0xF0, 0xFF, 0xF8, 0xFF, 0xFE, 0xFF, 0xFE, 0x3F, 0xFE, 0x1F, 0xFE, 0x1F, 0xFE, 0x0F, 0xFE, 0x07, 0xFE,
    0x07, 0xFE, 0x03, 0xFE, 0x01, 0xFE, 0x01, 0xFE, 0x01, 0xFE, 0x00, 0xFE, 0x00, 0xFE, 0x00, 0x7E, 0x00, 0x7E, 0x00, 0x7E, 0x00, 0x7E, 0x00, 0x7E,
    0x00, 0x3E, 0x00, 0x3E, 0x00, 0x3E, 0x00, 0x3E, 0x00, 0x3E, 0x00, 0x3E, 0x00, 0x3E, 0x00, 0x3E, 0x00, 0x3E, 0x00, 0x3E, 0x00, 0x7E, 0x00, 0x7E,
    0x00, 0x7E, 0x00, 0x7E, 0x00, 0xFE, 0x00, 0xFE, 0x00, 0xFE, 0x01, 0xFE, 0x01, 0xFE, 0x03, 0xFE, 0x03, 0xFE, 0x07, 0xFE, 0x0F, 0xFE, 0x0F, 0xFE,
    0x1F, 0xFE, 0x3F, 0xFE, 0xFF, 0xFE, 0x00, 0x30, 0x00, 0xF8, 0x01, 0xF8, 0x07, 0xFC, 0x0F, 0xF0, 0x3F, 0xC0, 0x7F, 0x80, 0xFE, 0x00, 0xFC, 0x00,
    0xFC, 0x00, 0xFC, 0x00, 0xFC, 0x00, 0xFC, 0x00, 0xFC, 0x00, 0xFC, 0x00, 0xFC, 0x00, 0xFC, 0x00, 0xFC, 0x00, 0xFC, 0x00, 0xFC, 0x00, 0xFC, 0x00,
    0xFC, 0x00, 0xFC, 0x00, 0xFC, 0x00, 0xFC, 0x00, 0xFC, 0x00, 0xFC, 0x00, 0xFC, 0x00, 0xFC, 0x00, 0xFC, 0x00, 0xFC, 0x00, 0xFC, 0x00, 0xFC, 0x00,
    0xFC, 0x00, 0xFC, 0x00, 0xFC, 0x00, 0xFC, 0x00, 0xFC, 0x00, 0xFF, 0x00, 0x7F, 0xC0, 0x1F, 0xE0, 0x0F, 0xF8, 0x03, 0xFC, 0x00, 0xF8, 0x00, 0x70,
    0x00, 0x10, 0x30, 0x00, 0x7C, 0x00, 0x7E, 0x00, 0xFF, 0x80, 0x3F, 0xC0, 0x0F, 0xF0, 0x07, 0xF8, 0x01, 0xFC, 0x00, 0xFC, 0x00, 0xFC, 0x00, 0xFC,
    0x00, 0xFC, 0x00, 0xFC, 0x00, 0xFC, 0x00, 0xFC, 0x00, 0xFC, 0x00, 0xFC, 0x00, 0xFC, 0x00, 0xFC, 0x00, 0xFC, 0x00, 0xFC, 0x00, 0xFC, 0x00, 0xFC,
    0x00, 0xFC, 0x00, 0xFC, 0x00, 0xFC, 0x00, 0xFC, 0x00, 0xFC, 0x00, 0xFC, 0x00, 0xFC, 0x00, 0xFC, 0x00, 0xFC, 0x00, 0xFC, 0x00, 0xFC, 0x00, 0xFC,
    0x00, 0xFC, 0x00, 0xFC, 0x00, 0xFC, 0x03, 0xFC, 0x0F, 0xF8, 0x1F, 0xE0, 0x7F, 0xC0, 0xFF, 0x00, 0x7C, 0x00, 0x38, 0x00, 0x20, 0x00, 0xFF, 0xFF,
    0x80, 0x80, 0x06, 0x00, 0x80, 0x0C, 0x00, 0x80, 0x18, 0x00, 0x80, 0x20, 0x00, 0x80, 0x40, 0x00, 0x80, 0x80, 0x00, 0x81, 0x80, 0x00, 0x83, 0x00,
    0x00, 0x82, 0x00, 0x00, 0x86, 0x00, 0x00, 0x84, 0x00, 0x00, 0x8C, 0x00, 0x00, 0x88, 0x00, 0x00, 0x88, 0x00, 0x00, 0x88, 0x00, 0x00, 0x98, 0x00,
    0x00, 0x90, 0x00, 0x00, 0x90, 0x00, 0x00, 0x90, 0x00, 0x00, 0x90, 0x00, 0x00, 0x90, 0x00, 0x00, 0x90, 0x00, 0x00, 0x90, 0x00, 0x00, 0x90, 0x00,
    0x00, 0x90, 0x00, 0x00, 0x90, 0x00, 0x00, 0x90, 0x00, 0x00, 0x98, 0x00, 0x00, 0x98, 0x00, 0x00, 0x88, 0x00, 0x00, 0x88, 0x00, 0x00, 0x8C, 0x00,
    0x00, 0x84, 0x00, 0x00, 0x84, 0x00, 0x00, 0x82, 0x00, 0x00, 0x83, 0x00, 0x00, 0x81, 0x00, 0x00, 0x81, 0x80, 0x00, 0x80, 0xC0, 0x00, 0x80, 0x60,
    0x00, 0x80, 0x30, 0x00, 0x80, 0x18, 0x00, 0x80, 0x0E, 0x00, 0xFF, 0xFF, 0x80, 0xFF, 0xFF, 0x80, 0x70, 0x00, 0x80, 0x18, 0x00, 0x80, 0x0C, 0x00,
    0x80, 0x02, 0x00, 0x80, 0x01, 0x00, 0x80, 0x00, 0x80, 0x80, 0x00, 0xC0, 0x80, 0x00, 0x60, 0x80, 0x00, 0x20, 0x80, 0x00, 0x30, 0x80, 0x00, 0x10,
    0x80, 0x00, 0x10, 0x80, 0x00, 0x08, 0x80, 0x00, 0x08, 0x80, 0x00, 0x08, 0x80, 0x00, 0x0C, 0x80, 0x00, 0x04, 0x80, 0x00, 0x04, 0x80, 0x00, 0x04,
    0x80, 0x00, 0x04, 0x80, 0x00, 0x04, 0x80, 0x00, 0x04, 0x80, 0x00, 0x04, 0x80, 0x00, 0x04, 0x80, 0x00, 0x04, 0x80, 0x00, 0x04, 0x80, 0x00, 0x04,
    0x80, 0x00, 0x0C, 0x80, 0x00, 0x0C, 0x80, 0x00, 0x08, 0x80, 0x00, 0x08, 0x80, 0x00, 0x18, 0x80, 0x00, 0x10, 0x80, 0x00, 0x30, 0x80, 0x00, 0x20,
    0x80, 0x00, 0x60, 0x80, 0x00, 0x40, 0x80, 0x00, 0xC0, 0x80, 0x01, 0x80, 0x80, 0x03, 0x00, 0x80, 0x06, 0x00, 0x80, 0x0C, 0x00, 0x80, 0x38, 0x00,
    0x80, 0xFF, 0xFF, 0x80, 0x00, 0x1C, 0x00, 0x00, 0x00, 0x00, 0x00, 0xFF, 0xE0, 0x00, 0x00, 0x00, 0x03, 0xFF, 0xF0, 0x00, 0x00, 0x00, 0x0F, 0xFF,
    0xFC, 0x00, 0x01, 0x00, 0x1F, 0xFF, 0xFE, 0x00, 0x03, 0x80, 0x3F, 0xFF, 0xFF, 0x00, 0x03, 0xE0, 0x3F, 0xF3, 0xFF, 0x80, 0x07, 0xF0, 0x7F, 0x80,
    0x7F, 0xC0, 0x0F, 0xF0, 0xFF, 0x00, 0x3F, 0xF0, 0x3F, 0xE0, 0xFE, 0x00, 0x0F, 0xFF, 0xFF, 0xC0, 0x3C, 0x00, 0x0F, 0xFF, 0xFF, 0x80, 0x08, 0x00,
    0x03, 0xFF, 0xFF, 0x00, 0x00, 0x00, 0x01, 0xFF, 0xFE, 0x00, 0x00, 0x00, 0x00, 0xFF, 0xF8, 0x00, 0x00, 0x00, 0x00, 0x1F, 0xE0, 0x00, 0x1F, 0x80,
    0x3F, 0xC0, 0x7F, 0xE0, 0xFF, 0xF0, 0xFF, 0xF0, 0xFF, 0xF0, 0xFF, 0xF0, 0xFF, 0xF0, 0xFF, 0xE0, 0x7F, 0xE0, 0x3F, 0xC0, 0x0F, 0x00, 0x3C, 0x7E,
    0xFF, 0xFF, 0xFF, 0x7E, 0x7E, 0x18, 0x00, 0x00, 0x00, 0x00, 0x00, 0x00, 0x00, 0x00, 0x00, 0x00, 0x00, 0x00, 0x00, 0x00, 0x00, 0x00, 0x3C, 0x7E,
    0xFF, 0xFF, 0xFF, 0x7E, 0x7E, 0x18, 0xC0, 0xC0, 0xC0, 0xC0, 0xC0, 0xC0, 0xC0, 0xC0, 0xC0, 0xC0, 0xC0, 0xC0, 0xC0, 0xC0, 0xC0, 0xC0, 0xC0, 0xC0,
    0xC0, 0xC0, 0xC0, 0xC0, 0xC0, 0xC0, 0xC0, 0xC0, 0xC0, 0xC0, 0xC0, 0xC0, 0xC0, 0xC0, 0xC0, 0xC0, 0xC0, 0xC0, 0xC0, 0xC0, 0xC0, 0xC0, 0xC0, 0xC0,
    0xC0, 0xC0, 0xC0, 0xC0, 0xC0, 0xC0, 0xC0, 0xC0, 0xC0, 0xC0, 0xC0, 0xC0, 0xC0, 0xC0, 0xC0, 0xC0, 0xC0, 0xC0, 0xC0, 0xC0, 0xC0, 0xC0, 0xC0, 0xC0,
    0xC0, 0xC0, 0xC0, 0xC0, 0xC0, 0xC0, 0xC0, 0xC0, 0xC0, 0xC0, 0xC0, 0xC0, 0xC0, 0xC0, 0xC0, 0xC0, 0xC0, 0xC0, 0xC0, 0xC0, 0xC0, 0xC0, 0xC0, 0xC0,
    0xC0, 0xC0, 0xC0, 0xC0, 0xC0, 0xC0, 0xC0, 0xC0, 0xC0, 0xC0, 0xC0, 0xF0, 0x70, 0x78, 0x38, 0x3C, 0x1C, 0x1E, 0x1E, 0x1E, 0x1E, 0x3C, 0x3C, 0x78,
    0x78, 0xF0, 0xF0, 0xF0, 0x70, 0x78, 0x38, 0x3C, 0x1C, 0x1E, 0x1E, 0x1E, 0x1E, 0x3C, 0x3C, 0x78, 0x78, 0xF0, 0xF0, 0xF0, 0x70, 0x78, 0x38, 0x3C,
    0x1C, 0x1E, 0x1E, 0x1E, 0x1E, 0x3C, 0x3C, 0x78, 0x78, 0xF0, 0xF0, 0x00, 0x01, 0xFF, 0xFE, 0x00, 0x00, 0x00, 0x0F, 0xFF, 0xFF, 0xC0, 0x00, 0x00,
    0x7F, 0xFF, 0xFF, 0xF8, 0x00, 0x01, 0xFF, 0xFF, 0xFF, 0xFE, 0x00, 0x03, 0xFF, 0xFF, 0xFF, 0xFF, 0x00, 0x0F, 0xFF, 0xC0, 0x0F, 0xFF, 0xC0, 0x1F,
    0xF8, 0x00, 0x00, 0xFF, 0xE0, 0x3F, 0xE0, 0x00, 0x00, 0x1F, 0xF0, 0xFF, 0x80, 0x00, 0x00, 0x07, 0xFC, 0xFE, 0x00, 0x00, 0x00, 0x01, 0xFC, 0x7C,
    0x00, 0x00, 0x00, 0x00, 0xF8, 0x78, 0x00, 0x00, 0x00, 0x00, 0x38, 0x60, 0x00, 0x00, 0x00, 0x00, 0x18, 0x20, 0x00, 0x00, 0x00, 0x00, 0x10, 0x20,
    0x00, 0x00, 0x00, 0x00, 0x10, 0x70, 0x00, 0x00, 0x00, 0x00, 0x38, 0x78, 0x00, 0x00, 0x00, 0x00, 0x78, 0xFE, 0x00, 0x00, 0x00, 0x01, 0xFC, 0xFF,
    0x00, 0x00, 0x00, 0x03, 0xFC, 0x7F, 0xC0, 0x00, 0x00, 0x0F, 0xF8, 0x3F, 0xF0, 0x00, 0x00, 0x3F, 0xF0, 0x1F, 0xFE, 0x00, 0x01, 0xFF, 0xE0, 0x07,
    0xFF, 0xFF, 0xFF, 0xFF, 0x80, 0x03, 0xFF, 0xFF, 0xFF, 0xFF, 0x00, 0x00, 0xFF, 0xFF, 0xFF, 0xFC, 0x00, 0x00, 0x3F, 0xFF, 0xFF, 0xF0, 0x00, 0x00,
    0x07, 0xFF, 0xFF, 0x80, 0x00, 0x00, 0x00, 0x7F, 0xF8, 0x00, 0x00, 0x00, 0x00, 0x07, 0x80, 0x00, 0x00, 0x00, 0x00, 0x07, 0x80, 0x00, 0x00, 0x00,
    0x00, 0x0F, 0xC0, 0x00, 0x00, 0x00, 0x00, 0x1F, 0xE0, 0x00, 0x00, 0x1F, 0xFF, 0xFF, 0xFF, 0xFF, 0xE0, 0x3F, 0xFF, 0xFF, 0xFF, 0xFF, 0xF0, 0x7F,
    0xFF, 0xFC, 0xFF, 0xFF, 0xF8, 0x7F, 0xFF, 0xFC, 0xFF, 0xFF, 0xF8, 0xFF, 0xFF, 0xF8, 0x7F, 0xFF, 0xFC, 0xF8, 0x00, 0x00, 0x00, 0x00, 0x7C, 0xF0,
    0x00, 0x00, 0x00, 0x00, 0x3C, 0xF0, 0x00, 0x00, 0x00, 0x00, 0x3C, 0xF0, 0x00, 0x00, 0x00, 0x00, 0x3C, 0xF0, 0x00, 0x00, 0x00, 0x00, 0x3C, 0xF0,
    0x00, 0x00, 0x00, 0x00, 0x3C, 0xF0, 0x00, 0x00, 0x00, 0x00, 0x3C, 0xF0, 0x00, 0x00, 0x00, 0x00, 0x3C, 0xFC, 0x03, 0xC0, 0x07, 0x00, 0xFC, 0xFF,
    0xFF, 0xF8, 0x7F, 0xFF, 0xFC, 0x7F, 0xFF, 0xFC, 0xFF, 0xFF, 0xF8, 0x7F, 0xFF, 0xFF, 0xFF, 0xFF, 0xF8, 0x3F, 0xFF, 0xFF, 0xFF, 0xFF, 0xF0, 0x0F,
    0xFC, 0x3F, 0xF0, 0xFF, 0xC0, 0x00, 0x00, 0x0F, 0xC0, 0x00, 0x00, 0x00, 0x00, 0x0F, 0x80, 0x00, 0x00, 0x00, 0x00, 0x07, 0x80, 0x00, 0x00, 0x00,
    0x00, 0x07, 0x80, 0x00, 0x00, 0x01, 0xFF, 0xFF, 0xFF, 0xFE, 0x00, 0x03, 0xFF, 0xFF, 0xFF, 0xFF, 0x00, 0x07, 0xFF, 0xFF, 0xFF, 0xFF, 0x80, 0x07,
    0xFF, 0xFF, 0xFF, 0xFF, 0x80, 0x0F, 0xFF, 0xFF, 0xFF, 0xFF, 0xC0, 0x1F, 0x80, 0x00, 0x00, 0x07, 0xE0, 0x1F, 0x00, 0x00, 0x00, 0x03, 0xE0, 0x3E,
    0x00, 0x00, 0x00, 0x01, 0xF0, 0x3E, 0x00, 0x00, 0x00, 0x01, 0xF0, 0x7C, 0x00, 0x00, 0x00, 0x00, 0xF8, 0xFC, 0x00, 0x00, 0x00, 0x00, 0x7C, 0xF8,
    0x00, 0x00, 0x00, 0x00, 0x7C, 0x30, 0x00, 0x00, 0x00, 0x00, 0x30, 0x10, 0x00, 0x00, 0x00, 0x00, 0x20, 0x10, 0x00, 0x00, 0x00, 0x00, 0x20, 0x78,
    0x00, 0x00, 0x00, 0x00, 0x78, 0xF8, 0x00, 0x00, 0x00, 0x00, 0x7C, 0x7C, 0x00, 0x00, 0x00, 0x00, 0xF8, 0x7C, 0x00, 0x00, 0x00, 0x00, 0xF8, 0x3E,
    0x00, 0x00, 0x00, 0x01, 0xF0, 0x3F, 0x00, 0x00, 0x00, 0x03, 0xF0, 0x1F, 0x00, 0x00, 0x00, 0x03, 0xE0, 0x0F, 0xFF, 0xFF, 0xFF, 0xFF, 0xC0, 0x0F,
    0xFF, 0xFF, 0xFF, 0xFF, 0xC0, 0x07, 0xFF, 0xFF, 0xFF, 0xFF, 0x80, 0x03, 0xFF, 0xFF, 0xFF, 0xFF, 0x00, 0x03, 0xFF, 0xFF, 0xFF, 0xFF, 0x00, 0x01,
    0xFF, 0xFF, 0xFF, 0xFE, 0x00, 0xFF, 0xFF, 0xFF, 0xFF, 0xFF, 0xFC, 0xFF, 0xFF, 0xFF, 0xFF, 0xFF, 0xFC, 0xFF, 0xFF, 0xFF, 0xFF, 0xFF, 0xFC, 0xFF,
    0xFF, 0xFF, 0xFF, 0xFF, 0xFC, 0xFF, 0xFF, 0xFF, 0xFF, 0xFF, 0xFC, 0xFF, 0xFF, 0xFF, 0xFF, 0xFF, 0xFC, 0xFF, 0xFF, 0x80, 0x07, 0xFF, 0xFC, 0xFF,
    0xF8, 0x00, 0x00, 0x7F, 0xFC, 0xFF, 0xC0, 0x00, 0x00, 0x0F, 0xFC, 0xFF, 0x00, 0x00, 0x00, 0x03, 0xFC, 0xFC, 0x00, 0x00, 0x00, 0x00, 0xFC, 0xF8,
    0x00, 0x00, 0x00, 0x00, 0x7C, 0xF0, 0x00, 0x00, 0x00, 0x00, 0x3C, 0xC0, 0x00, 0x00, 0x00, 0x00, 0x0C, 0x80, 0x00, 0x00, 0x00, 0x00, 0x04, 0x80,
    0x00, 0x00, 0x00, 0x00, 0x04, 0xC0, 0x00, 0x00, 0x00, 0x00, 0x0C, 0xE0, 0x00, 0x00, 0x00, 0x00, 0x1C, 0xF0, 0x00, 0x00, 0x00, 0x00, 0x3C, 0xFC,
    0x00, 0x00, 0x00, 0x00, 0xFC, 0xFE, 0x00, 0x00, 0x00, 0x01, 0xFC, 0xFF, 0x80, 0x00, 0x00, 0x07, 0xFC, 0xFF, 0xE0, 0x00, 0x00, 0x1F, 0xFC, 0xFF,
    0xFC, 0x00, 0x00, 0xFF, 0xFC, 0xFF, 0xFF, 0xF8, 0x7F, 0xFF, 0xFC, 0xFF, 0xFF, 0xFF, 0xFF, 0xFF, 0xFC, 0xFF, 0xFF, 0xFF, 0xFF, 0xFF, 0xFC, 0xFF,
    0xFF, 0xFF, 0xFF, 0xFF, 0xFC, 0xFF, 0xFF, 0xFF, 0xFF, 0xFF, 0xFC, 0xFF, 0xFF, 0xFF, 0xFF, 0xFF, 0xFC, 0x00, 0x00, 0x07, 0x80, 0x00, 0x00, 0x00,
    0x00, 0x1F, 0xE0, 0x00, 0x00, 0x00, 0x00, 0xFF, 0xFC, 0x00, 0x00, 0x00, 0x03, 0xFF, 0xFF, 0x00, 0x00, 0x00, 0x1F, 0xFC, 0xFF, 0xE0, 0x00, 0x00,
    0x7F, 0xF0, 0x3F, 0xF8, 0x00, 0x01, 0xFF, 0x80, 0x07, 0xFE, 0x00, 0x0F, 0xFE, 0x00, 0x01, 0xFF, 0xC0, 0x3F, 0xF8, 0x03, 0x00, 0x7F, 0xF0, 0xFF,
    0xC0, 0x1F, 0xE0, 0x0F, 0xFC, 0x7F, 0x00, 0x7F, 0xF8, 0x03, 0xF8, 0x7C, 0x03, 0xFF, 0xFF, 0x00, 0xF8, 0x60, 0x0F, 0xFF, 0xFF, 0xC0, 0x18, 0x00,
    0x3F, 0xF0, 0x3F, 0xF0, 0x00, 0x01, 0xFF, 0xC0, 0x0F, 0xFE, 0x00, 0x07, 0xFF, 0x00, 0x03, 0xFF, 0x80, 0x1F, 0xF8, 0x00, 0x00, 0x7F, 0xE0, 0xFF,
    0xE0, 0x00, 0x00, 0x1F, 0xFC, 0x7F, 0x80, 0x00, 0x00, 0x07, 0xF8, 0x7C, 0x00, 0x00, 0x00, 0x00, 0xF8, 0x70, 0x00, 0x00, 0x00, 0x00, 0x38, 0x60,
    0x00, 0x00, 0x00, 0x00, 0x18, 0x78, 0x00, 0x00, 0x00, 0x00, 0x78, 0x7E, 0x00, 0x00, 0x00, 0x01, 0xF8, 0xFF, 0xC0, 0x00, 0x00, 0x0F, 0xFC, 0x7F,
    0xF0, 0x00, 0x00, 0x3F, 0xF8, 0x0F, 0xFC, 0x00, 0x00, 0xFF, 0xC0, 0x03, 0xFF, 0x80, 0x07, 0xFF, 0x00, 0x00, 0xFF, 0xE0, 0x1F, 0xF8, 0x00, 0x40,
    0x1F, 0xF8, 0x7F, 0xE0, 0x08, 0x70, 0x07, 0xFF, 0xFF, 0x80, 0x38, 0x7E, 0x00, 0xFF, 0xFC, 0x01, 0xF8, 0x7F, 0x80, 0x3F, 0xF0, 0x07, 0xF8, 0xFF,
    0xE0, 0x0F, 0xC0, 0x1F, 0xFC, 0x1F, 0xFC, 0x02, 0x00, 0xFF, 0xE0, 0x07, 0xFF, 0x00, 0x03, 0xFF, 0x80, 0x00, 0xFF, 0xC0, 0x0F, 0xFC, 0x00, 0x00,
    0x3F, 0xF8, 0x7F, 0xF0, 0x00, 0x00, 0x07, 0xFF, 0xFF, 0x80, 0x00, 0x00, 0x01, 0xFF, 0xFE, 0x00, 0x00, 0x00, 0x00, 0x7F, 0xF8, 0x00, 0x00, 0x00,
    0x00, 0x0F, 0xC0, 0x00, 0x00, 0x00, 0x00, 0x03, 0x00, 0x00, 0x00, 0x00, 0x00, 0x03, 0x00, 0x00, 0x00, 0x00, 0x00, 0x0F, 0xC0, 0x00, 0x00, 0x00,
    0x00, 0x3F, 0xF0, 0x00, 0x00, 0x00, 0x00, 0x7F, 0xF8, 0x00, 0x00, 0x00, 0x01, 0xFF, 0xFE, 0x00, 0x00, 0x00, 0x07, 0xFF, 0xFF, 0x80, 0x00, 0x00,
    0x0F, 0xFC, 0xFF, 0xC0, 0x00, 0x00, 0x3F, 0xF0, 0x3F, 0xF0, 0x00, 0x00, 0xFF, 0xC0, 0x0F, 0xFC, 0x00, 0x01, 0xFF, 0x80, 0x07, 0xFE, 0x00, 0x07,
    0xFE, 0x00, 0x01, 0xFF, 0x80, 0x0F, 0xF8, 0x00, 0x00, 0x7F, 0xC0, 0x3F, 0xF0, 0x00, 0x00, 0x3F, 0xF0, 0xFF, 0xC0, 0x00, 0x00, 0x0F, 0xFC, 0x7F,
    0x00, 0x00, 0x00, 0x03, 0xF8, 0x7E, 0x00, 0x00, 0x00, 0x01, 0xF8, 0x38, 0x00, 0x00, 0x00, 0x00, 0x70, 0x30, 0x00, 0x00, 0x00, 0x00, 0x30, 0x20,
    0x00, 0x00, 0x00, 0x00, 0x10, 0x30, 0x00, 0x00, 0x00, 0x00, 0x30, 0x7C, 0x00, 0x00, 0x00, 0x00, 0xF8, 0x7F, 0x00, 0x00, 0x00, 0x03, 0xF8, 0xFF,
    0x80, 0x00, 0x00, 0x07, 0xFC, 0x7F, 0xE0, 0x00, 0x00, 0x1F, 0xF8, 0x1F, 0xF0, 0x00, 0x00, 0x7F, 0xE0, 0x0F, 0xFC, 0x00, 0x00, 0xFF, 0xC0, 0x03,
    0xFF, 0x00, 0x03, 0xFF, 0x00, 0x00, 0xFF, 0x80, 0x07, 0xFC, 0x00, 0x00, 0x7F, 0xE0, 0x1F, 0xF8, 0x00, 0x00, 0x1F, 0xF8, 0x7F, 0xE0, 0x00, 0x00,
    0x07, 0xFC, 0xFF, 0x80, 0x00, 0x00, 0x03, 0xFF, 0xFF, 0x00, 0x00, 0x00, 0x00, 0xFF, 0xFC, 0x00, 0x00, 0x00, 0x00, 0x7F, 0xF8, 0x00, 0x00, 0x00,
    0x00, 0x1F, 0xE0, 0x00, 0x00, 0x00, 0x00, 0x07, 0x80, 0x00, 0x00, 0x00, 0x00, 0x03, 0x00, 0x00, 0x00, 0xFF, 0xFF, 0xFF, 0xFF, 0x80, 0xFF, 0xFF,
    0xFF, 0xFF, 0x80, 0xFF, 0xFF, 0xFF, 0xFF, 0x80, 0xFF, 0xFF, 0xFF, 0xFF, 0x80, 0xFF, 0xFF, 0xFF, 0xFF, 0x80, 0xFF, 0xFF, 0xFF, 0xFF, 0x80, 0x00,
    0x00, 0x00, 0x1F, 0x80, 0x00, 0x00, 0x00, 0x1F, 0x80, 0x00, 0x00, 0x00, 0x1F, 0x80, 0x00, 0x00, 0x00, 0x1F, 0x80, 0x00, 0x00, 0x00, 0x1F, 0x80,
    0x00, 0x00, 0x00, 0x1F, 0x80, 0x00, 0x00, 0x00, 0x1F, 0x80, 0x00, 0x00, 0x00, 0x1F, 0x80, 0x00, 0x00, 0x00, 0x1F, 0x80, 0x00, 0x00, 0x00, 0x1F,
    0x80, 0xFC, 0x00, 0x00, 0x00, 0x00, 0xFC, 0x00, 0x00, 0x00, 0x00, 0xFC, 0x00, 0x00, 0x00, 0x00, 0xFC, 0x00, 0x00, 0x00, 0x00, 0xFC, 0x00, 0x00,
    0x00, 0x00, 0xFC, 0x00, 0x00, 0x00, 0x00, 0xFC, 0x00, 0x00, 0x00, 0x00, 0xFC, 0x00, 0x00, 0x00, 0x00, 0xFC, 0x00, 0x00, 0x00, 0x00, 0xFC, 0x00,
    0x00, 0x00, 0x00, 0xFF, 0xFF, 0xFF, 0xFF, 0x80, 0xFF, 0xFF, 0xFF, 0xFF, 0x80, 0xFF, 0xFF, 0xFF, 0xFF, 0x80, 0xFF, 0xFF, 0xFF, 0xFF, 0x80, 0xFF,
    0xFF, 0xFF, 0xFF, 0x80, 0xFF, 0xFF, 0xFF, 0xFF, 0x80, 0xFF, 0xFF, 0xFF, 0xFF, 0xFF, 0xFF, 0xFF, 0xFF, 0xC0, 0x00, 0x00, 0x03, 0xC0, 0x00, 0x00,
    0x03, 0xC0, 0x00, 0x00, 0x03, 0xC0, 0x00, 0x00, 0x03, 0xC0, 0x00, 0x00, 0x03, 0xFF, 0xFF, 0xFF, 0x83, 0xFF, 0xFF, 0xFF, 0x83, 0x00, 0x00, 0x01,
    0x83, 0x00, 0x00, 0x01, 0x83, 0x00, 0x00, 0x01, 0x83, 0x00, 0x00, 0x01, 0x83, 0x00, 0x00, 0x01, 0x83, 0x00, 0x00, 0x01, 0x83, 0x00, 0x00, 0x01,
    0xFF, 0x00, 0x00, 0x01, 0xFF, 0xFF, 0x80, 0x00, 0x00, 0xFF, 0x80, 0x00, 0x00, 0xC1, 0x80, 0x00, 0x00, 0xC1, 0x80, 0x00, 0x00, 0xC1, 0x80, 0x00,
    0x00, 0xC1, 0x80, 0x00, 0x00, 0xC1, 0x80, 0x00, 0x00, 0xC1, 0x80, 0x00, 0x00, 0xC1, 0x80, 0x00, 0x00, 0xC1, 0xFF, 0xFF, 0xFF, 0xC1, 0xFF, 0xFF,
    0xFF, 0xC0, 0x00, 0x00, 0x03, 0xC0, 0x00, 0x00, 0x03, 0xC0, 0x00, 0x00, 0x03, 0xC0, 0x00, 0x00, 0x03, 0xFF, 0xFF, 0xFF, 0xFF, 0xFF, 0xFF, 0xFF,
    0xFF, 0x40, 0x00, 0x00, 0x00, 0x78, 0x00, 0x00, 0x00, 0xFF, 0x00, 0x00, 0x00, 0x7F, 0xE0, 0x00, 0x00, 0x3F, 0xF8, 0x00, 0x00, 0x0F, 0xFE, 0x00,
    0x00, 0x07, 0xFF, 0x80, 0x00, 0x03, 0xFF, 0xE0, 0x00, 0x01, 0xFF, 0xF8, 0x00, 0x00, 0xFF, 0xFC, 0x00, 0x00, 0x7F, 0xFF, 0x00, 0x00, 0x3F, 0xFF,
    0x80, 0x00, 0x1F, 0xFF, 0xC0, 0x00, 0x0F, 0xFF, 0xE0, 0x00, 0x0F, 0xFF, 0xF0, 0x00, 0x07, 0xFF, 0xF0, 0x00, 0x03, 0xFF, 0xF8, 0x00, 0x01, 0xFF,
    0xFC, 0x00, 0x01, 0xFF, 0xFC, 0x00, 0x00, 0xFF, 0xFE, 0x00, 0x00, 0x7F, 0xFE, 0x00, 0x00, 0x7F, 0xFE, 0x00, 0x00, 0x3F, 0xFE, 0x00, 0x00, 0x3F,
    0xFF, 0x00, 0x00, 0x1F, 0xFF, 0x00, 0x00, 0x1F, 0xFF, 0x00, 0x00, 0x0F, 0xFF, 0x00, 0x00, 0x0F, 0xFF, 0x00, 0x00, 0x0F, 0xFE, 0x00, 0x00, 0x07,
    0xFE, 0x00, 0x00, 0x03, 0xFC, 0x00, 0x00, 0x01, 0xF8, 0x00, 0x00, 0x00, 0x60, 0x40, 0x00, 0x00, 0x00, 0x78, 0x00, 0x00, 0x00, 0xFF, 0x00, 0x00,
    0x00, 0xE7, 0xE0, 0x00, 0x00, 0x70, 0xF8, 0x00, 0x00, 0x18, 0x3E, 0x00, 0x00, 0x0C, 0x0F, 0x80, 0x00, 0x06, 0x03, 0xE0, 0x00, 0x03, 0x00, 0xF0,
    0x00, 0x03, 0x80, 0x7C, 0x00, 0x01, 0xC0, 0x1E, 0x00, 0x00, 0xE0, 0x0F, 0x00, 0x00, 0x70, 0x07, 0x80, 0x00, 0x38, 0x03, 0xC0, 0x00, 0x38, 0x01,
    0xE0, 0x00, 0x1C, 0x00, 0xE0, 0x00, 0x0E, 0x00, 0x70, 0x00, 0x0E, 0x00, 0x38, 0x00, 0x07, 0x00, 0x38, 0x00, 0x03, 0x80, 0x1C, 0x00, 0x03, 0x80,
    0x1C, 0x00, 0x01, 0xC0, 0x0C, 0x00, 0x00, 0xC0, 0x0C, 0x00, 0x00, 0xE0, 0x0E, 0x00, 0x00, 0x60, 0x0E, 0x00, 0x00, 0x70, 0x0E, 0x00, 0x00, 0x38,
    0x0E, 0x00, 0x00, 0x38, 0x0E, 0x00, 0x00, 0x1C, 0x1C, 0x00, 0x00, 0x0E, 0x3C, 0x00, 0x00, 0x07, 0xF8, 0x00, 0x00, 0x03, 0xF0, 0xFF, 0xFF, 0xFF,
    0xFF, 0xFF, 0xFC, 0xFF, 0xFF, 0xFF, 0xFF, 0xFF, 0xFC, 0xFF, 0xFF, 0xFF, 0xFF, 0xFF, 0xFC, 0xFF, 0xFF, 0xFF, 0xFF, 0xFF, 0xFC, 0xFF, 0xFF, 0xFF,
    0xFF, 0xFF, 0xFC, 0xF0, 0x00, 0x00, 0x00, 0x00, 0x3C, 0xF0, 0x00, 0x00, 0x00, 0x00, 0x3C, 0xF0, 0x00, 0x00, 0x00, 0x00, 0x3C, 0xF0, 0x00, 0x00,
    0x00, 0x00, 0x3C, 0xF0, 0x00, 0x00, 0x00, 0x00, 0x3C, 0xF0, 0x00, 0x00, 0x00, 0x00, 0x3C, 0xF0, 0x00, 0x00, 0x00, 0x00, 0x3C, 0xF0, 0x00, 0x00,
    0x00, 0x00, 0x3C, 0xF0, 0x00, 0x00, 0x00, 0x00, 0x3C, 0xF0, 0x00, 0x00, 0x00, 0x00, 0x3C, 0xF0, 0x00, 0x00, 0x00, 0x00, 0x3C, 0xF0, 0x00, 0x00,
    0x00, 0x00, 0x3C, 0xF0, 0x00, 0x00, 0x00, 0x00, 0x3C, 0xF0, 0x00, 0x00, 0x00, 0x00, 0x3C, 0xFF, 0xFF, 0xFF, 0xFF, 0xFF, 0xFC, 0xFF, 0xFF, 0xFF,
    0xFF, 0xFF, 0xFC, 0xFF, 0xFF, 0xFF, 0xFF, 0xFF, 0xFC, 0xFF, 0xFF, 0xFF, 0xFF, 0xFF, 0xFC, 0xFF, 0xFF, 0xFF, 0xFF, 0xFF, 0xFC, 0xFF, 0xFF, 0xFF,
    0xFF, 0xFF, 0xFC, 0xFE, 0x3F, 0xC7, 0xF0, 0xFE, 0x3F, 0xC7, 0xF0, 0xFF, 0xC6, 0x3F, 0xF0, 0xFF, 0xC6, 0x3F, 0xF0, 0xC0, 0x03, 0xC0, 0x03, 0xC0,
    0x03, 0xF0, 0x0F, 0xF0, 0x0F, 0xF0, 0x0F, 0xFC, 0x3F, 0xFC, 0x3F, 0xFC, 0x3F, 0xFF, 0xFF, 0xFF, 0xFF, 0xFF, 0xFF, 0x3F, 0xFC, 0x3F, 0xFC, 0x3F,
    0xFC, 0x0F, 0xF0, 0x0F, 0xF0, 0x0F, 0xF0, 0x01, 0x80, 0x01, 0x80, 0x01, 0x80, 0xC0, 0x03, 0xC0, 0x03, 0xC0, 0x03, 0xF0, 0x0F, 0xF0, 0x0F, 0xF0,
    0x0F, 0xFC, 0x3F, 0xFC, 0x3F, 0xFC, 0x3F, 0xFF, 0xFF, 0xFF, 0xFF, 0xFF, 0xFF, 0x3F, 0xFC, 0x3F, 0xFC, 0x3F, 0xFC, 0x0F, 0xF0, 0x0F, 0xF0, 0x0F,
    0xF0, 0x01, 0x80, 0x01, 0x80, 0x01, 0x80, 0xE0, 0x07, 0xE0, 0x07, 0xE0, 0x07, 0xF8, 0x0F, 0xF0, 0x0F, 0xF0, 0x0F, 0xFE, 0x7F, 0xFE, 0x7F, 0xFE,
    0x7F, 0xFF, 0xFF, 0xFF, 0xFF, 0xFF, 0xFF, 0x1F, 0xF8, 0x1F, 0xF8, 0x1F, 0xF8, 0x07, 0xE0, 0x07, 0xE0, 0x07, 0xE0, 0xFE, 0x3F, 0xC7, 0xF0, 0xFE,
    0x3F, 0xC7, 0xF0, 0x00, 0x04, 0x00, 0x00, 0xFF, 0xC6, 0x3F, 0xF0, 0xFF, 0xC6, 0x3F, 0xF0, 0xE0, 0x07, 0xE0, 0x07, 0xE0, 0x07, 0xF8, 0x0F, 0xF8,
    0x1F, 0xF8, 0x1F, 0xFF, 0x7F, 0xFE, 0x7F, 0xFE, 0x7F, 0xFF, 0xFF, 0xFF, 0xFF, 0xFF, 0xFF, 0x1F, 0xF8, 0x1F, 0xF8, 0x1F, 0xF8, 0x07, 0xE0, 0x07,
    0xE0, 0x07, 0xE0, 0xFF, 0xFF, 0xFF, 0xFF, 0xFF, 0xFF, 0xFF, 0xFF, 0xFF, 0xFF, 0x7F, 0x7E, 0x7E, 0x7E, 0x7E, 0x7E, 0x7E, 0x7E, 0x7E, 0x7E, 0x7E,
    0x7E, 0x7E, 0x3E, 0x00, 0x00, 0x00, 0x00, 0x3C, 0x7E, 0xFF, 0xFF, 0xFF, 0xFF, 0xFF, 0x7E, 0xFE, 0x07, 0xF0, 0xFE, 0x07, 0xF0, 0xFE, 0x07, 0xF0,
    0xFE, 0x07, 0xF0, 0xFE, 0x07, 0xF0, 0xFE, 0x07, 0xF0, 0xFE, 0x07, 0xF0, 0xFE, 0x07, 0xF0, 0xFE, 0x07, 0xF0, 0x7E, 0x07, 0xE0, 0x7E, 0x07, 0xE0,
    0x7E, 0x03, 0xE0, 0x7C, 0x03, 0xE0, 0x7C, 0x03, 0xE0, 0x7C, 0x03, 0xE0, 0x7C, 0x03, 0xE0, 0x3C, 0x03, 0xC0, 0x3C, 0x03, 0xC0, 0x00, 0x1E, 0x01,
    0xE0, 0x00, 0x00, 0x1E, 0x01, 0xE0, 0x00, 0x00, 0x1E, 0x01, 0xE0, 0x00, 0x00, 0x3E, 0x01, 0xE0, 0x00, 0x00, 0x3C, 0x03, 0xE0, 0x00, 0x00, 0x3C,
    0x03, 0xE0, 0x00, 0x00, 0x3C, 0x03, 0xC0, 0x00, 0x00, 0x3C, 0x03, 0xC0, 0x00, 0x3F, 0xFF, 0xFF, 0xFF, 0xC0, 0x3F, 0xFF, 0xFF, 0xFF, 0xC0, 0x3F,
    0xFF, 0xFF, 0xFF, 0xC0, 0x3F, 0xFF, 0xFF, 0xFF, 0xC0, 0x3F, 0xFF, 0xFF, 0xFF, 0xC0, 0x00, 0x78, 0x07, 0xC0, 0x00, 0x00, 0x78, 0x07, 0x80, 0x00,
    0x00, 0x78, 0x07, 0x80, 0x00, 0x00, 0x78, 0x07, 0x80, 0x00, 0x00, 0x78, 0x07, 0x80, 0x00, 0x00, 0x78, 0x07, 0x80, 0x00, 0x00, 0xF8, 0x07, 0x80,
    0x00, 0x00, 0xF8, 0x07, 0x80, 0x00, 0xFF, 0xFF, 0xFF, 0xFF, 0x00, 0xFF, 0xFF, 0xFF, 0xFF, 0x00, 0xFF, 0xFF, 0xFF, 0xFF, 0x00, 0xFF, 0xFF, 0xFF,
    0xFF, 0x00, 0xFF, 0xFF, 0xFF, 0xFF, 0x00, 0x00, 0xF0, 0x0F, 0x00, 0x00, 0x00, 0xF0, 0x0F, 0x00, 0x00, 0x01, 0xF0, 0x0F, 0x00, 0x00, 0x01, 0xE0,
    0x1F, 0x00, 0x00, 0x01, 0xE0, 0x1F, 0x00, 0x00, 0x01, 0xE0, 0x1E, 0x00, 0x00, 0x01, 0xE0, 0x1E, 0x00, 0x00, 0x01, 0xE0, 0x1E, 0x00, 0x00, 0x01,
    0xE0, 0x1E, 0x00, 0x00, 0x03, 0xE0, 0x1E, 0x00, 0x00, 0x00, 0x0F, 0x80, 0x00, 0x00, 0x0F, 0x80, 0x00, 0x00, 0x0F, 0x80, 0x00, 0x00, 0x0F, 0x80,
    0x00, 0x00, 0x0F, 0x80, 0x00, 0x00, 0x0F, 0x80, 0x00, 0x00, 0x3F, 0xE0, 0x00, 0x01, 0xFF, 0xFC, 0x00, 0x07, 0xFF, 0xFF, 0x00, 0x0F, 0xFF, 0xFF,
    0x80, 0x1F, 0xFF, 0xFF, 0xC0, 0x1F, 0xFF, 0xFF, 0xE0, 0x3F, 0xE0, 0x1F, 0xC0, 0x3F, 0x80, 0x07, 0x80, 0x3F, 0x80, 0x03, 0x00, 0x3F, 0x00, 0x00,
    0x00, 0x3F, 0x00, 0x00, 0x00, 0x3F, 0x80, 0x00, 0x00, 0x3F, 0xC0, 0x00, 0x00, 0x3F, 0xF0, 0x00, 0x00, 0x1F, 0xFE, 0x00, 0x00, 0x1F, 0xFF, 0xC0,
    0x00, 0x0F, 0xFF, 0xF8, 0x00, 0x03, 0xFF, 0xFC, 0x00, 0x01, 0xFF, 0xFF, 0x00, 0x00, 0x3F, 0xFF, 0x80, 0x00, 0x0F, 0xFF, 0xC0, 0x00, 0x01, 0xFF,
    0xC0, 0x00, 0x00, 0x3F, 0xE0, 0x00, 0x00, 0x1F, 0xE0, 0x00, 0x00, 0x0F, 0xE0, 0x00, 0x00, 0x0F, 0xE0, 0x10, 0x00, 0x07, 0xE0, 0x18, 0x00, 0x0F,
    0xE0, 0x3C, 0x00, 0x0F, 0xE0, 0x7F, 0x80, 0x3F, 0xC0, 0x7F, 0xFF, 0xFF, 0xC0, 0xFF, 0xFF, 0xFF, 0x80, 0x3F, 0xFF, 0xFF, 0x00, 0x1F, 0xFF, 0xFE,
    0x00, 0x03, 0xFF, 0xF8, 0x00, 0x00, 0x7F, 0xE0, 0x00, 0x00, 0x0F, 0x80, 0x00, 0x00, 0x0F, 0x80, 0x00, 0x00, 0x0F, 0x80, 0x00, 0x00, 0x0F, 0x80,
    0x00, 0x00, 0x0F, 0x80, 0x00, 0x00, 0x0F, 0x80, 0x00, 0x01, 0xE0, 0x00, 0x07, 0xC0, 0x00, 0x07, 0xF8, 0x00, 0x07, 0x80, 0x00, 0x1F, 0xFE, 0x00,
    0x0F, 0x80, 0x00, 0x1F, 0xFF, 0x00, 0x0F, 0x00, 0x00, 0x3F, 0x3F, 0x00, 0x1F, 0x00, 0x00, 0x7E, 0x1F, 0x80, 0x1E, 0x00, 0x00, 0x7C, 0x0F, 0x80,
    0x3E, 0x00, 0x00, 0x7C, 0x0F, 0x80, 0x3C, 0x00, 0x00, 0x7C, 0x07, 0xC0, 0x7C, 0x00, 0x00, 0xF8, 0x07, 0xC0, 0x78, 0x00, 0x00, 0xF8, 0x07, 0xC0,
    0xF0, 0x00, 0x00, 0xF8, 0x07, 0xC0, 0xF0, 0x00, 0x00, 0xF8, 0x07, 0xC1, 0xE0, 0x00, 0x00, 0xF8, 0x07, 0xC1, 0xE0, 0x00, 0x00, 0x7C, 0x07, 0xC3,
    0xC0, 0x00, 0x00, 0x7C, 0x0F, 0x83, 0xC1, 0xFE, 0x00, 0x7C, 0x0F, 0x87, 0x83, 0xFF, 0x00, 0x7E, 0x1F, 0x87, 0x87, 0xFF, 0x80, 0x3F, 0x3F, 0x0F,
    0x0F, 0xFF, 0xC0, 0x3F, 0xFF, 0x0F, 0x0F, 0x87, 0xC0, 0x1F, 0xFE, 0x1E, 0x1F, 0x03, 0xE0, 0x0F, 0xFC, 0x3E, 0x1F, 0x03, 0xE0, 0x03, 0xF0, 0x3C,
    0x1F, 0x03, 0xE0, 0x00, 0x00, 0x7C, 0x3E, 0x01, 0xF0, 0x00, 0x00, 0x78, 0x3E, 0x01, 0xF0, 0x00, 0x00, 0xF8, 0x3E, 0x01, 0xF0, 0x00, 0x00, 0xF0,
    0x3E, 0x01, 0xF0, 0x00, 0x01, 0xF0, 0x3E, 0x01, 0xF0, 0x00, 0x01, 0xE0, 0x3E, 0x01, 0xF0, 0x00, 0x03, 0xC0, 0x1F, 0x03, 0xE0, 0x00, 0x03, 0xC0,
    0x1F, 0x03, 0xE0, 0x00, 0x07, 0x80, 0x1F, 0x03, 0xE0, 0x00, 0x07, 0x80, 0x0F, 0x87, 0xC0, 0x00, 0x0F, 0x00, 0x0F, 0xFF, 0xC0, 0x00, 0x0F, 0x00,
    0x07, 0xFF, 0x80, 0x00, 0x1E, 0x00, 0x03, 0xFF, 0x00, 0x00, 0x3E, 0x00, 0x00, 0xFE, 0x00, 0x00, 0x3F, 0xC0, 0x00, 0x00, 0x00, 0xFF, 0xF0, 0x00,
    0x00, 0x01, 0xFF, 0xF8, 0x00, 0x00, 0x03, 0xFF, 0xFC, 0x00, 0x00, 0x07, 0xFF, 0xFC, 0x00, 0x00, 0x07, 0xE0, 0xFC, 0x00, 0x00, 0x07, 0xC0, 0x7E,
    0x00, 0x00, 0x07, 0xC0, 0x7E, 0x00, 0x00, 0x0F, 0xC0, 0x7E, 0x00, 0x00, 0x0F, 0xC0, 0x7C, 0x00, 0x00, 0x07, 0xC0, 0xFC, 0x00, 0x00, 0x07, 0xE0,
    0xFC, 0x00, 0x00, 0x07, 0xE3, 0xF8, 0x00, 0x00, 0x07, 0xF7, 0xF0, 0x00, 0x00, 0x03, 0xFF, 0xE0, 0x00, 0x00, 0x01, 0xFF, 0xC0, 0x00, 0x00, 0x01,
    0xFF, 0x80, 0x3F, 0x00, 0x03, 0xFF, 0x00, 0x7F, 0x00, 0x07, 0xFF, 0x80, 0x7E, 0x00, 0x0F, 0xFF, 0xC0, 0x7E, 0x00, 0x1F, 0xFF, 0xE0, 0x7E, 0x00,
    0x3F, 0x9F, 0xF0, 0xFC, 0x00, 0x7F, 0x0F, 0xF8, 0xFC, 0x00, 0x7F, 0x07, 0xFD, 0xFC, 0x00, 0x7E, 0x03, 0xFF, 0xF8, 0x00, 0xFE, 0x00, 0xFF, 0xF8,
    0x00, 0xFE, 0x00, 0x7F, 0xF0, 0x00, 0xFE, 0x00, 0x3F, 0xF0, 0x00, 0x7E, 0x00, 0x1F, 0xF8, 0x00, 0x7F, 0x00, 0x3F, 0xFE, 0x00, 0x7F, 0x80, 0xFF,
    0xFF, 0x00, 0x3F, 0xFF, 0xFF, 0xFF, 0x80, 0x3F, 0xFF, 0xFE, 0xFF, 0x00, 0x1F, 0xFF, 0xFC, 0x7F, 0x00, 0x0F, 0xFF, 0xF8, 0x1E, 0x00, 0x03, 0xFF,
    0xE0, 0x0E, 0x00, 0x00, 0x0C, 0x00, 0x02, 0x00, 0xFF, 0xFF, 0xFF, 0xFF, 0xFF, 0xFF, 0x7E, 0x7E, 0x7E, 0x7E, 0x7E, 0x7E, 0x7E, 0x7E, 0x3C, 0x3C,
    0x3C, 0x3C, 0x00, 0xE0, 0x00, 0xFC, 0x01, 0xF8, 0x03, 0xF0, 0x07, 0xF0, 0x07, 0xE0, 0x0F, 0xC0, 0x1F, 0x80, 0x1F, 0x80, 0x1F, 0x00, 0x3F, 0x00,
    0x3E, 0x00, 0x7E, 0x00, 0x7E, 0x00, 0x7C, 0x00, 0x7C, 0x00, 0xFC, 0x00, 0xFC, 0x00, 0xFC, 0x00, 0xF8, 0x00, 0xF8, 0x00, 0xF8, 0x00, 0xF8, 0x00,
    0xF8, 0x00, 0xF8, 0x00, 0xF8, 0x00, 0xF8, 0x00, 0xFC, 0x00, 0xFC, 0x00, 0xFC, 0x00, 0x7C, 0x00, 0x7C, 0x00, 0x7E, 0x00, 0x3E, 0x00, 0x3F, 0x00,
    0x3F, 0x00, 0x1F, 0x80, 0x1F, 0x80, 0x0F, 0xC0, 0x0F, 0xC0, 0x07, 0xE0, 0x03, 0xF0, 0x03, 0xF8, 0x01, 0xFC, 0x00, 0xF0, 0x00, 0x40, 0x18, 0x00,
    0xFC, 0x00, 0x7E, 0x00, 0x3F, 0x00, 0x3F, 0x80, 0x1F, 0x80, 0x0F, 0xC0, 0x07, 0xE0, 0x07, 0xE0, 0x03, 0xE0, 0x03, 0xF0, 0x01, 0xF0, 0x01, 0xF8,
    0x01, 0xF8, 0x00, 0xF8, 0x00, 0xF8, 0x00, 0xFC, 0x00, 0xFC, 0x00, 0xFC, 0x00, 0x7C, 0x00, 0x7C, 0x00, 0x7C, 0x00, 0x7C, 0x00, 0x7C, 0x00, 0x7C,
    0x00, 0x7C, 0x00, 0x7C, 0x00, 0xFC, 0x00, 0xFC, 0x00, 0xFC, 0x00, 0xF8, 0x01, 0xF8, 0x01, 0xF8, 0x01, 0xF0, 0x03, 0xF0, 0x03, 0xF0, 0x07, 0xE0,
    0x07, 0xE0, 0x0F, 0xC0, 0x0F, 0xC0, 0x1F, 0x80, 0x3F, 0x00, 0x7F, 0x00, 0xFE, 0x00, 0x3C, 0x00, 0x08, 0x00, 0x00, 0x01, 0xE0, 0x00, 0x00, 0x00,
    0x01, 0xE0, 0x00, 0x00, 0x00, 0x01, 0xE0, 0x00, 0x00, 0x00, 0x01, 0xE0, 0x00, 0x00, 0x00, 0x01, 0xE0, 0x00, 0x00, 0x00, 0x01, 0xE0, 0x00, 0x00,
    0x00, 0x01, 0xE0, 0x00, 0x00, 0x00, 0x01, 0xE0, 0x00, 0x00, 0x20, 0x01, 0xE0, 0x01, 0x80, 0x78, 0x01, 0xE0, 0x07, 0x80, 0xFE, 0x01, 0xE0, 0x1F,
    0xC0, 0x7F, 0x81, 0xE0, 0x7F, 0x80, 0x3F, 0xE1, 0xE0, 0xFF, 0x00, 0x0F, 0xF1, 0xE3, 0xFC, 0x00, 0x03, 0xFD, 0xEF, 0xF8, 0x00, 0x01, 0xFF, 0xFF,
    0xE0, 0x00, 0x00, 0x7F, 0xFF, 0x80, 0x00, 0x00, 0x3F, 0xFF, 0x00, 0x00, 0x00, 0x0F, 0xFC, 0x00, 0x00, 0x00, 0x1F, 0xFE, 0x00, 0x00, 0x00, 0x3F,
    0xFF, 0x80, 0x00, 0x00, 0xFF, 0xFF, 0xC0, 0x00, 0x03, 0xFF, 0xFF, 0xF0, 0x00, 0x07, 0xF9, 0xE7, 0xF8, 0x00, 0x1F, 0xE1, 0xE1, 0xFE, 0x00, 0x3F,
    0xC1, 0xE0, 0x7F, 0x80, 0xFF, 0x01, 0xE0, 0x3F, 0xC0, 0x7C, 0x01, 0xE0, 0x0F, 0x80, 0x70, 0x01, 0xE0, 0x03, 0x80, 0x20, 0x01, 0xE0, 0x00, 0x80,
    0x00, 0x01, 0xE0, 0x00, 0x00, 0x00, 0x01, 0xE0, 0x00, 0x00, 0x00, 0x01, 0xE0, 0x00, 0x00, 0x00, 0x01, 0xE0, 0x00, 0x00, 0x00, 0x01, 0xE0, 0x00,
    0x00, 0x00, 0x01, 0xE0, 0x00, 0x00, 0x00, 0x01, 0xE0, 0x00, 0x00, 0x00, 0x01, 0xE0, 0x00, 0x00, 0x00, 0x01, 0xE0, 0x00, 0x00, 0x00, 0x01, 0xE0,
    0x00, 0x00, 0x00, 0x01, 0xE0, 0x00, 0x00, 0x00, 0x01, 0xE0, 0x00, 0x00, 0x00, 0x01, 0xE0, 0x00, 0x00, 0x00, 0x01, 0xE0, 0x00, 0x00, 0x00, 0x01,
    0xE0, 0x00, 0x00, 0x00, 0x01, 0xE0, 0x00, 0x00, 0x00, 0x01, 0xE0, 0x00, 0x00, 0x00, 0x01, 0xE0, 0x00, 0x00, 0x00, 0x01, 0xE0, 0x00, 0x00, 0x00,
    0x01, 0xE0, 0x00, 0x00, 0x00, 0x01, 0xE0, 0x00, 0x00, 0xFF, 0xFF, 0xFF, 0xFF, 0xC0, 0xFF, 0xFF, 0xFF, 0xFF, 0xC0, 0xFF, 0xFF, 0xFF, 0xFF, 0xC0,
    0xFF, 0xFF, 0xFF, 0xFF, 0xC0, 0xFF, 0xFF, 0xFF, 0xFF, 0xC0, 0x00, 0x01, 0xE0, 0x00, 0x00, 0x00, 0x01, 0xE0, 0x00, 0x00, 0x00, 0x01, 0xE0, 0x00,
    0x00, 0x00, 0x01, 0xE0, 0x00, 0x00, 0x00, 0x01, 0xE0, 0x00, 0x00, 0x00, 0x01, 0xE0, 0x00, 0x00, 0x00, 0x01, 0xE0, 0x00, 0x00, 0x00, 0x01, 0xE0,
    0x00, 0x00, 0x00, 0x01, 0xE0, 0x00, 0x00, 0x00, 0x01, 0xE0, 0x00, 0x00, 0x00, 0x01, 0xE0, 0x00, 0x00, 0x00, 0x01, 0xE0, 0x00, 0x00, 0x00, 0x01,
    0xE0, 0x00, 0x00, 0x00, 0x01, 0xE0, 0x00, 0x00, 0x00, 0x01, 0xE0, 0x00, 0x00, 0x0F, 0x00, 0x1F, 0xC0, 0x3F, 0xE0, 0x3F, 0xE0, 0x3F, 0xE0, 0x3F,
    0xE0, 0x3F, 0xE0, 0x1F, 0xE0, 0x07, 0xE0, 0x03, 0xE0, 0x03, 0xE0, 0x07, 0xC0, 0x0F, 0xC0, 0x1F, 0x80, 0xFF, 0x00, 0x7E, 0x00, 0x7C, 0x00, 0x30,
    0x00, 0xFF, 0xFF, 0xFF, 0xFF, 0xC0, 0xFF, 0xFF, 0xFF, 0xFF, 0xC0, 0xFF, 0xFF, 0xFF, 0xFF, 0xC0, 0xFF, 0xFF, 0xFF, 0xFF, 0xC0, 0xFF, 0xFF, 0xFF,
    0xFF, 0xC0, 0x1E, 0x00, 0x3F, 0x00, 0x7F, 0x80, 0xFF, 0xC0, 0xFF, 0xC0, 0xFF, 0xC0, 0xFF, 0xC0, 0x7F, 0x80, 0x3F, 0x00, 0x0C, 0x00, 0x00, 0x00,
    0x00, 0x00, 0x00, 0x08, 0x00, 0x00, 0x00, 0x00, 0x00, 0x1C, 0x00, 0x00, 0x00, 0x00, 0x00, 0x38, 0x00, 0x00, 0x00, 0x00, 0x00, 0x70, 0x00, 0x00,
    0x00, 0x00, 0x00, 0xE0, 0x00, 0x00, 0x00, 0x00, 0x01, 0xC0, 0x00, 0x00, 0x00, 0x00, 0x03, 0x80, 0x00, 0x00, 0x00, 0x00, 0x07, 0x00, 0x00, 0x00,
    0x00, 0x00, 0x0E, 0x00, 0x00, 0x00, 0x00, 0x00, 0x1C, 0x00, 0x00, 0x00, 0x00, 0x00, 0x38, 0x00, 0x00, 0x00, 0x00, 0x00, 0x70, 0x00, 0x00, 0x00,
    0x00, 0x00, 0xE0, 0x00, 0x00, 0x00, 0x00, 0x01, 0xC0, 0x00, 0x00, 0x00, 0x00, 0x03, 0x80, 0x00, 0x00, 0x00, 0x00, 0x07, 0x00, 0x00, 0x00, 0x00,
    0x00, 0x0E, 0x00, 0x00, 0x00, 0x00, 0x00, 0x1C, 0x00, 0x00, 0x00, 0x00, 0x00, 0x38, 0x00, 0x00, 0x00, 0x00, 0x00, 0x70, 0x00, 0x00, 0x00, 0x00,
    0x00, 0xE0, 0x00, 0x00, 0x00, 0x00, 0x01, 0xC0, 0x00, 0x00, 0x00, 0x00, 0x03, 0x80, 0x00, 0x00, 0x00, 0x00, 0x07, 0x00, 0x00, 0x00, 0x00, 0x00,
    0x0E, 0x00, 0x00, 0x00, 0x00, 0x00, 0x1C, 0x00, 0x00, 0x00, 0x00, 0x00, 0x38, 0x00, 0x00, 0x00, 0x00, 0x00, 0x70, 0x00, 0x00, 0x00, 0x00, 0x00,
    0xE0, 0x00, 0x00, 0x00, 0x00, 0x01, 0xC0, 0x00, 0x00, 0x00, 0x00, 0x03, 0x80, 0x00, 0x00, 0x00, 0x00, 0x07, 0x00, 0x00, 0x00, 0x00, 0x00, 0x0E,
    0x00, 0x00, 0x00, 0x00, 0x00, 0x1C, 0x00, 0x00, 0x00, 0x00, 0x00, 0x38, 0x00, 0x00, 0x00, 0x00, 0x00, 0x70, 0x00, 0x00, 0x00, 0x00, 0x00, 0xE0,
    0x00, 0x00, 0x00, 0x00, 0x01, 0xC0, 0x00, 0x00, 0x00, 0x00, 0x03, 0x80, 0x00, 0x00, 0x00, 0x00, 0x07, 0x00, 0x00, 0x00, 0x00, 0x00, 0x0E, 0x00,
    0x00, 0x00, 0x00, 0x00, 0x1C, 0x00, 0x00, 0x00, 0x00, 0x00, 0x38, 0x00, 0x00, 0x00, 0x00, 0x00, 0xF0, 0x00, 0x00, 0x00, 0x00, 0x00, 0x60, 0x00,
    0x00, 0x00, 0x00, 0x00, 0x00, 0x3F, 0xC0, 0x00, 0x01, 0xFF, 0xF8, 0x00, 0x03, 0xFF, 0xFC, 0x00, 0x07, 0xFF, 0xFE, 0x00, 0x0F, 0xFF, 0xFF, 0x00,
    0x1F, 0xF9, 0xFF, 0x80, 0x1F, 0xC0, 0x3F, 0x80, 0x3F, 0x80, 0x1F, 0xC0, 0x3F, 0x80, 0x1F, 0xC0, 0x7F, 0x00, 0x0F, 0xE0, 0x7F, 0x00, 0x0F, 0xE0,
    0x7E, 0x00, 0x0F, 0xE0, 0x7E, 0x00, 0x07, 0xE0, 0xFE, 0x00, 0x07, 0xF0, 0xFE, 0x00, 0x07, 0xF0, 0xFE, 0x00, 0x07, 0xF0, 0xFE, 0x00, 0x07, 0xF0,
    0xFE, 0x00, 0x07, 0xF0, 0xFE, 0x00, 0x07, 0xF0, 0xFE, 0x00, 0x07, 0xF0, 0xFE, 0x00, 0x07, 0xF0, 0xFE, 0x00, 0x07, 0xF0, 0xFE, 0x00, 0x07, 0xF0,
    0x7E, 0x00, 0x07, 0xE0, 0x7E, 0x00, 0x07, 0xE0, 0x7F, 0x00, 0x0F, 0xE0, 0x7F, 0x00, 0x0F, 0xE0, 0x3F, 0x80, 0x1F, 0xC0, 0x3F, 0x80, 0x1F, 0xC0,
    0x3F, 0xC0, 0x3F, 0xC0, 0x1F, 0xE0, 0x7F, 0x80, 0x0F, 0xFF, 0xFF, 0x00, 0x0F, 0xFF, 0xFF, 0x00, 0x07, 0xFF, 0xFE, 0x00, 0x01, 0xFF, 0xF8, 0x00,
    0x00, 0xFF, 0xF0, 0x00, 0x00, 0x0F, 0x00, 0x00, 0x00, 0x0F, 0x80, 0x00, 0x00, 0x3F, 0x80, 0x00, 0x03, 0xFF, 0x80, 0x00, 0x3F, 0xFF, 0x80, 0x00,
    0x3F, 0xFF, 0x80, 0x00, 0x3F, 0xFF, 0x80, 0x00, 0x3F, 0xFF, 0x80, 0x00, 0x3F, 0xFF, 0x80, 0x00, 0x00, 0x3F, 0x80, 0x00, 0x00, 0x3F, 0x80, 0x00,
    0x00, 0x3F, 0x80, 0x00, 0x00, 0x3F, 0x80, 0x00, 0x00, 0x3F, 0x80, 0x00, 0x00, 0x3F, 0x80, 0x00, 0x00, 0x3F, 0x80, 0x00, 0x00, 0x3F, 0x80, 0x00,
    0x00, 0x3F, 0x80, 0x00, 0x00, 0x3F, 0x80, 0x00, 0x00, 0x3F, 0x80, 0x00, 0x00, 0x3F, 0x80, 0x00, 0x00, 0x3F, 0x80, 0x00, 0x00, 0x3F, 0x80, 0x00,
    0x00, 0x3F, 0x80, 0x00, 0x00, 0x3F, 0x80, 0x00, 0x00, 0x3F, 0x80, 0x00, 0x00, 0x3F, 0x80, 0x00, 0x00, 0x3F, 0x80, 0x00, 0x00, 0x3F, 0x80, 0x00,
    0x00, 0x3F, 0x80, 0x00, 0x00, 0x3F, 0x80, 0x00, 0xFF, 0xFF, 0xFF, 0xE0, 0xFF, 0xFF, 0xFF, 0xE0, 0xFF, 0xFF, 0xFF, 0xE0, 0xFF, 0xFF, 0xFF, 0xE0,
    0xFF, 0xFF, 0xFF, 0xE0, 0xFF, 0xFF, 0xFF, 0xE0, 0x00, 0x7F, 0xC0, 0x00, 0x03, 0xFF, 0xF8, 0x00, 0x0F, 0xFF, 0xFC, 0x00, 0x1F, 0xFF, 0xFE, 0x00,
    0x3F, 0xFF, 0xFF, 0x00, 0x7F, 0xF3, 0xFF, 0x80, 0xFF, 0x80, 0x7F, 0x80, 0x3E, 0x00, 0x3F, 0xC0, 0x1C, 0x00, 0x3F, 0xC0, 0x08, 0x00, 0x1F, 0xC0,
    0x00, 0x00, 0x1F, 0xC0, 0x00, 0x00, 0x1F, 0xC0, 0x00, 0x00, 0x1F, 0xC0, 0x00, 0x00, 0x1F, 0xC0, 0x00, 0x00, 0x3F, 0x80, 0x00, 0x00, 0x3F, 0x80,
    0x00, 0x00, 0x7F, 0x80, 0x00, 0x00, 0xFF, 0x00, 0x00, 0x00, 0xFF, 0x00, 0x00, 0x01, 0xFE, 0x00, 0x00, 0x03, 0xFC, 0x00, 0x00, 0x07, 0xF8, 0x00,
    0x00, 0x0F, 0xF8, 0x00, 0x00, 0x1F, 0xF0, 0x00, 0x00, 0x3F, 0xE0, 0x00, 0x00, 0x7F, 0xC0, 0x00, 0x01, 0xFF, 0x80, 0x00, 0x03, 0xFE, 0x00, 0x00,
    0x07, 0xFC, 0x00, 0x00, 0x0F, 0xF8, 0x00, 0x00, 0x1F, 0xFF, 0xFF, 0xF0, 0x7F, 0xFF, 0xFF, 0xF0, 0x7F, 0xFF, 0xFF, 0xF0, 0x7F, 0xFF, 0xFF, 0xF0,
    0x7F, 0xFF, 0xFF, 0xF0, 0x7F, 0xFF, 0xFF, 0xF0, 0x00, 0xFF, 0xE0, 0x00, 0x03, 0xFF, 0xF8, 0x00, 0x0F, 0xFF, 0xFE, 0x00, 0x1F, 0xFF, 0xFF, 0x00,
    0x7F, 0xFF, 0xFF, 0x80, 0xFF, 0xF3, 0xFF, 0x80, 0x7F, 0x00, 0x3F, 0x80, 0x3E, 0x00, 0x3F, 0xC0, 0x18, 0x00, 0x1F, 0xC0, 0x10, 0x00, 0x1F, 0xC0,
    0x00, 0x00, 0x1F, 0xC0, 0x00, 0x00, 0x1F, 0xC0, 0x00, 0x00, 0x3F, 0x80, 0x00, 0x00, 0x7F, 0x80, 0x00, 0x01, 0xFF, 0x00, 0x00, 0x7F, 0xFE, 0x00,
    0x00, 0x7F, 0xFC, 0x00, 0x00, 0x7F, 0xF0, 0x00, 0x00, 0x7F, 0xFC, 0x00, 0x00, 0x7F, 0xFF, 0x00, 0x00, 0x0F, 0xFF, 0x80, 0x00, 0x00, 0x7F, 0x80,
    0x00, 0x00, 0x1F, 0xC0, 0x00, 0x00, 0x1F, 0xC0, 0x00, 0x00, 0x0F, 0xE0, 0x00, 0x00, 0x0F, 0xE0, 0x10, 0x00, 0x0F, 0xE0, 0x38, 0x00, 0x0F, 0xE0,
    0x7C, 0x00, 0x1F, 0xE0, 0xFF, 0x00, 0x3F, 0xC0, 0xFF, 0xC0, 0xFF, 0xC0, 0x7F, 0xFF, 0xFF, 0x80, 0x3F, 0xFF, 0xFF, 0x80, 0x1F, 0xFF, 0xFE, 0x00,
    0x07, 0xFF, 0xFC, 0x00, 0x01, 0xFF, 0xF0, 0x00, 0x00, 0x0E, 0x00, 0x00, 0x00, 0x01, 0xFF, 0x00, 0x00, 0x03, 0xFF, 0x00, 0x00, 0x07, 0xFF, 0x00,
    0x00, 0x07, 0xFF, 0x00, 0x00, 0x0F, 0xFF, 0x00, 0x00, 0x1F, 0xFF, 0x00, 0x00, 0x1F, 0xBF, 0x00, 0x00, 0x3F, 0xBF, 0x00, 0x00, 0x7F, 0x3F, 0x00,
    0x00, 0x7E, 0x3F, 0x00, 0x00, 0xFE, 0x3F, 0x00, 0x01, 0xFC, 0x3F, 0x00, 0x01, 0xFC, 0x3F, 0x00, 0x03, 0xF8, 0x3F, 0x00, 0x07, 0xF0, 0x3F, 0x00,
    0x0F, 0xF0, 0x3F, 0x00, 0x0F, 0xE0, 0x3F, 0x00, 0x1F, 0xC0, 0x3F, 0x00, 0x3F, 0xC0, 0x3F, 0x00, 0x3F, 0x80, 0x3F, 0x00, 0x7F, 0x00, 0x3F, 0x00,
    0xFF, 0xFF, 0xFF, 0xF8, 0xFF, 0xFF, 0xFF, 0xF8, 0xFF, 0xFF, 0xFF, 0xF8, 0xFF, 0xFF, 0xFF, 0xF8, 0xFF, 0xFF, 0xFF, 0xF8, 0xFF, 0xFF, 0xFF, 0xF8,
    0x00, 0x00, 0x3F, 0x00, 0x00, 0x00, 0x3F, 0x00, 0x00, 0x00, 0x3F, 0x00, 0x00, 0x00, 0x3F, 0x00, 0x00, 0x00, 0x3F, 0x00, 0x00, 0x00, 0x3F, 0x00,
    0x00, 0x00, 0x3F, 0x00, 0x00, 0x00, 0x3F, 0x00, 0x00, 0x00, 0x3F, 0x00, 0x1F, 0xFF, 0xFF, 0x80, 0x1F, 0xFF, 0xFF, 0x80, 0x1F, 0xFF, 0xFF, 0x80,
    0x1F, 0xFF, 0xFF, 0x80, 0x1F, 0xFF, 0xFF, 0x80, 0x1F, 0xFF, 0xFF, 0x80, 0x1F, 0xC0, 0x00, 0x00, 0x1F, 0x80, 0x00, 0x00, 0x1F, 0x80, 0x00, 0x00,
    0x1F, 0x80, 0x00, 0x00, 0x1F, 0x80, 0x00, 0x00, 0x1F, 0x80, 0x00, 0x00, 0x1F, 0x80, 0x00, 0x00, 0x1F, 0xBF, 0xE0, 0x00, 0x1F, 0xFF, 0xFC, 0x00,
    0x1F, 0xFF, 0xFE, 0x00, 0x1F, 0xFF, 0xFF, 0x00, 0x3F, 0xFF, 0xFF, 0x80, 0x0F, 0x80, 0xFF, 0xC0, 0x04, 0x00, 0x3F, 0xC0, 0x00, 0x00, 0x1F, 0xC0,
    0x00, 0x00, 0x1F, 0xE0, 0x00, 0x00, 0x0F, 0xE0, 0x00, 0x00, 0x0F, 0xE0, 0x00, 0x00, 0x0F, 0xE0, 0x00, 0x00, 0x0F, 0xE0, 0x00, 0x00, 0x1F, 0xE0,
    0x10, 0x00, 0x1F, 0xC0, 0x38, 0x00, 0x3F, 0xC0, 0x7E, 0x00, 0x7F, 0xC0, 0x7F, 0xC1, 0xFF, 0x80, 0xFF, 0xFF, 0xFF, 0x80, 0x7F, 0xFF, 0xFF, 0x00,
    0x1F, 0xFF, 0xFE, 0x00, 0x0F, 0xFF, 0xF8, 0x00, 0x03, 0xFF, 0xE0, 0x00, 0x00, 0x1E, 0x00, 0x00, 0x00, 0x3F, 0xF0, 0x00, 0x00, 0xFF, 0xFC, 0x00,
    0x03, 0xFF, 0xFF, 0x00, 0x07, 0xFF, 0xFF, 0x80, 0x0F, 0xFF, 0xFF, 0xC0, 0x1F, 0xFF, 0xFF, 0x80, 0x1F, 0xE0, 0x1F, 0x00, 0x3F, 0xC0, 0x06, 0x00,
    0x3F, 0x80, 0x02, 0x00, 0x7F, 0x00, 0x00, 0x00, 0x7F, 0x00, 0x00, 0x00, 0x7E, 0x00, 0x00, 0x00, 0xFE, 0x00, 0x00, 0x00, 0xFE, 0x03, 0x00, 0x00,
    0xFE, 0x3F, 0xF0, 0x00, 0xFC, 0xFF, 0xFC, 0x00, 0xFD, 0xFF, 0xFE, 0x00, 0xFF, 0xFF, 0xFF, 0x00, 0xFF, 0xFF, 0xFF, 0x80, 0xFF, 0xC0, 0x7F, 0x80,
    0xFF, 0x80, 0x3F, 0xC0, 0xFF, 0x00, 0x1F, 0xC0, 0xFE, 0x00, 0x1F, 0xC0, 0xFE, 0x00, 0x0F, 0xC0, 0xFE, 0x00, 0x0F, 0xC0, 0xFE, 0x00, 0x0F, 0xC0,
    0x7F, 0x00, 0x0F, 0xC0, 0x7F, 0x00, 0x1F, 0xC0, 0x7F, 0x80, 0x1F, 0xC0, 0x3F, 0xC0, 0x3F, 0x80, 0x3F, 0xE0, 0x7F, 0x80, 0x1F, 0xFF, 0xFF, 0x00,
    0x0F, 0xFF, 0xFF, 0x00, 0x07, 0xFF, 0xFE, 0x00, 0x03, 0xFF, 0xF8, 0x00, 0x00, 0xFF, 0xF0, 0x00, 0x00, 0x06, 0x00, 0x00, 0xFF, 0xFF, 0xFF, 0xC0,
    0xFF, 0xFF, 0xFF, 0xC0, 0xFF, 0xFF, 0xFF, 0xC0, 0xFF, 0xFF, 0xFF, 0xC0, 0xFF, 0xFF, 0xFF, 0xC0, 0xFF, 0xFF, 0xFF, 0x80, 0x00, 0x00, 0x3F, 0x80,
    0x00, 0x00, 0x7F, 0x00, 0x00, 0x00, 0x7E, 0x00, 0x00, 0x00, 0xFC, 0x00, 0x00, 0x01, 0xFC, 0x00, 0x00, 0x01, 0xF8, 0x00, 0x00, 0x03, 0xF8, 0x00,
    0x00, 0x07, 0xF0, 0x00, 0x00, 0x07, 0xE0, 0x00, 0x00, 0x0F, 0xE0, 0x00, 0x00, 0x0F, 0xC0, 0x00, 0x00, 0x1F, 0xC0, 0x00, 0x00, 0x1F, 0xC0, 0x00,
    0x00, 0x1F, 0x80, 0x00, 0x00, 0x3F, 0x80, 0x00, 0x00, 0x3F, 0x80, 0x00, 0x00, 0x3F, 0x00, 0x00, 0x00, 0x7F, 0x00, 0x00, 0x00, 0x7F, 0x00, 0x00,
    0x00, 0x7F, 0x00, 0x00, 0x00, 0x7F, 0x00, 0x00, 0x00, 0xFE, 0x00, 0x00, 0x00, 0xFE, 0x00, 0x00, 0x00, 0xFE, 0x00, 0x00, 0x00, 0xFE, 0x00, 0x00,
    0x00, 0xFE, 0x00, 0x00, 0x00, 0xFE, 0x00, 0x00, 0x00, 0xFE, 0x00, 0x00, 0x00, 0xFE, 0x00, 0x00, 0x01, 0xFE, 0x00, 0x00, 0x00, 0x7F, 0xE0, 0x00,
    0x01, 0xFF, 0xF8, 0x00, 0x07, 0xFF, 0xFE, 0x00, 0x0F, 0xFF, 0xFF, 0x00, 0x1F, 0xFF, 0xFF, 0x80, 0x1F, 0xE0, 0x7F, 0x80, 0x3F, 0x80, 0x1F, 0xC0,
    0x3F, 0x80, 0x1F, 0xC0, 0x3F, 0x00, 0x0F, 0xC0, 0x3F, 0x00, 0x0F, 0xC0, 0x3F, 0x00, 0x0F, 0xC0, 0x3F, 0x80, 0x0F, 0xC0, 0x3F, 0x80, 0x0F, 0x80,
    0x1F, 0xE0, 0x1F, 0x80, 0x1F, 0xF8, 0x3F, 0x00, 0x0F, 0xFE, 0x7F, 0x00, 0x07, 0xFF, 0xFE, 0x00, 0x01, 0xFF, 0xF8, 0x00, 0x07, 0xFF, 0xFC, 0x00,
    0x0F, 0xFF, 0xFF, 0x00, 0x1F, 0xC7, 0xFF, 0x80, 0x3F, 0x80, 0xFF, 0xC0, 0x7F, 0x00, 0x3F, 0xC0, 0x7E, 0x00, 0x1F, 0xE0, 0x7E, 0x00, 0x0F, 0xE0,
    0x7E, 0x00, 0x0F, 0xE0, 0xFE, 0x00, 0x07, 0xE0, 0x7E, 0x00, 0x07, 0xE0, 0x7E, 0x00, 0x0F, 0xE0, 0x7F, 0x00, 0x0F, 0xE0, 0x7F, 0x80, 0x1F, 0xE0,
    0x3F, 0xF0, 0xFF, 0xC0, 0x1F, 0xFF, 0xFF, 0x80, 0x0F, 0xFF, 0xFF, 0x00, 0x07, 0xFF, 0xFE, 0x00, 0x01, 0xFF, 0xF8, 0x00, 0x00, 0x06, 0x80, 0x00,
    0x01, 0xFF, 0x80, 0x00, 0x07, 0xFF, 0xE0, 0x00, 0x0F, 0xFF, 0xF8, 0x00, 0x1F, 0xFF, 0xFC, 0x00, 0x3F, 0xFF, 0xFE, 0x00, 0x7F, 0xC3, 0xFE, 0x00,
    0x7F, 0x00, 0xFF, 0x00, 0xFE, 0x00, 0x7F, 0x80, 0xFE, 0x00, 0x3F, 0x80, 0xFE, 0x00, 0x3F, 0x80, 0xFC, 0x00, 0x1F, 0xC0, 0xFC, 0x00, 0x1F, 0xC0,
    0xFC, 0x00, 0x1F, 0xC0, 0xFC, 0x00, 0x1F, 0xC0, 0xFE, 0x00, 0x1F, 0xC0, 0xFE, 0x00, 0x3F, 0xC0, 0x7F, 0x80, 0xFF, 0xC0, 0x7F, 0xE7, 0xFF, 0xC0,
    0x3F, 0xFF, 0xFF, 0xC0, 0x3F, 0xFF, 0xEF, 0xC0, 0x0F, 0xFF, 0xCF, 0xC0, 0x07, 0xFF, 0x9F, 0xC0, 0x00, 0xFC, 0x1F, 0xC0, 0x00, 0x00, 0x1F, 0xC0,
    0x00, 0x00, 0x1F, 0x80, 0x00, 0x00, 0x3F, 0x80, 0x00, 0x00, 0x3F, 0x80, 0x00, 0x00, 0x7F, 0x00, 0x18, 0x00, 0x7F, 0x00, 0x3C, 0x01, 0xFE, 0x00,
    0x3F, 0x07, 0xFE, 0x00, 0x7F, 0xFF, 0xFC, 0x00, 0xFF, 0xFF, 0xF8, 0x00, 0x3F, 0xFF, 0xF0, 0x00, 0x1F, 0xFF, 0xE0, 0x00, 0x07, 0xFF, 0x80, 0x00,
    0x00, 0x30, 0x00, 0x00, 0x1E, 0x00, 0x3F, 0x00, 0x7F, 0x80, 0x7F, 0x80, 0xFF, 0xC0, 0xFF, 0xC0, 0x7F, 0x80, 0x7F, 0x80, 0x3F, 0x00, 0x00, 0x00,
    0x00, 0x00, 0x00, 0x00, 0x00, 0x00, 0x00, 0x00, 0x00, 0x00, 0x00, 0x00, 0x00, 0x00, 0x00, 0x00, 0x00, 0x00, 0x00, 0x00, 0x00, 0x00, 0x00, 0x00,
    0x00, 0x00, 0x1E, 0x00, 0x3F, 0x00, 0x7F, 0x80, 0x7F, 0x80, 0xFF, 0xC0, 0x7F, 0x80, 0x7F, 0x80, 0x7F, 0x80, 0x1E, 0x00, 0x0F, 0x00, 0x1F, 0x80,
    0x3F, 0xC0, 0x3F, 0xC0, 0x7F, 0xE0, 0x7F, 0xE0, 0x3F, 0xC0, 0x3F, 0xC0, 0x1F, 0x80, 0x00, 0x00, 0x00, 0x00, 0x00, 0x00, 0x00, 0x00, 0x00, 0x00,
    0x00, 0x00, 0x00, 0x00, 0x00, 0x00, 0x00, 0x00, 0x00, 0x00, 0x00, 0x00, 0x00, 0x00, 0x1F, 0x80, 0x3F, 0xC0, 0x3F, 0xE0, 0x3F, 0xE0, 0x3F, 0xE0,
    0x3F, 0xE0, 0x3F, 0xE0, 0x1F, 0xE0, 0x01, 0xE0, 0x01, 0xE0, 0x03, 0xE0, 0x03, 0xE0, 0x07, 0xC0, 0x0F, 0xC0, 0x3F, 0x80, 0xFF, 0x00, 0x7E, 0x00,
    0x7C, 0x00, 0x30, 0x00, 0x00, 0x00, 0x00, 0x00, 0x10, 0x00, 0x00, 0x00, 0x00, 0x70, 0x00, 0x00, 0x00, 0x01, 0xF8, 0x00, 0x00, 0x00, 0x07, 0xF8,
    0x00, 0x00, 0x00, 0x1F, 0xFC, 0x00, 0x00, 0x00, 0x7F, 0xF0, 0x00, 0x00, 0x01, 0xFF, 0xC0, 0x00, 0x00, 0x07, 0xFF, 0x00, 0x00, 0x00, 0x1F, 0xFC,
    0x00, 0x00, 0x00, 0x7F, 0xF0, 0x00, 0x00, 0x00, 0xFF, 0xC0, 0x00, 0x00, 0x03, 0xFF, 0x00, 0x00, 0x00, 0x0F, 0xFC, 0x00, 0x00, 0x00, 0x3F, 0xF0,
    0x00, 0x00, 0x00, 0xFF, 0xC0, 0x00, 0x00, 0x03, 0xFF, 0x00, 0x00, 0x00, 0x0F, 0xFC, 0x00, 0x00, 0x00, 0x3F, 0xF8, 0x00, 0x00, 0x00, 0xFF, 0xE0,
    0x00, 0x00, 0x00, 0x7F, 0xE0, 0x00, 0x00, 0x00, 0x1F, 0xF8, 0x00, 0x00, 0x00, 0x07, 0xFE, 0x00, 0x00, 0x00, 0x01, 0xFF, 0x80, 0x00, 0x00, 0x00,
    0x7F, 0xE0, 0x00, 0x00, 0x00, 0x1F, 0xF8, 0x00, 0x00, 0x00, 0x0F, 0xFE, 0x00, 0x00, 0x00, 0x03, 0xFF, 0x80, 0x00, 0x00, 0x00, 0xFF, 0xE0, 0x00,
    0x00, 0x00, 0x3F, 0xF8, 0x00, 0x00, 0x00, 0x0F, 0xFE, 0x00, 0x00, 0x00, 0x03, 0xFF, 0x80, 0x00, 0x00, 0x00, 0xFF, 0xC0, 0x00, 0x00, 0x00, 0x3F,
    0xF0, 0x00, 0x00, 0x00, 0x0F, 0xFC, 0x00, 0x00, 0x00, 0x03, 0xF8, 0x00, 0x00, 0x00, 0x00, 0xF0, 0x00, 0x00, 0x00, 0x00, 0x70, 0x00, 0x00, 0x00,
    0x00, 0x10, 0xFF, 0xFF, 0xFF, 0xFF, 0xC0, 0xFF, 0xFF, 0xFF, 0xFF, 0xC0, 0xFF, 0xFF, 0xFF, 0xFF, 0xC0, 0xFF, 0xFF, 0xFF, 0xFF, 0xC0, 0xFF, 0xFF,
    0xFF, 0xFF, 0xC0, 0x00, 0x00, 0x00, 0x00, 0x00, 0x00, 0x00, 0x00, 0x00, 0x00, 0x00, 0x00, 0x00, 0x00, 0x00, 0x00, 0x00, 0x00, 0x00, 0x00, 0x00,
    0x00, 0x00, 0x00, 0x00, 0x00, 0x00, 0x00, 0x00, 0x00, 0xFF, 0xFF, 0xFF, 0xFF, 0xC0, 0xFF, 0xFF, 0xFF, 0xFF, 0xC0, 0xFF, 0xFF, 0xFF, 0xFF, 0xC0,
    0xFF, 0xFF, 0xFF, 0xFF, 0xC0, 0xFF, 0xFF, 0xFF, 0xFF, 0xC0, 0x20, 0x00, 0x00, 0x00, 0x00, 0x38, 0x00, 0x00, 0x00, 0x00, 0x7E, 0x00, 0x00, 0x00,
    0x00, 0x7F, 0x80, 0x00, 0x00, 0x00, 0xFF, 0xE0, 0x00, 0x00, 0x00, 0x3F, 0xF8, 0x00, 0x00, 0x00, 0x0F, 0xFE, 0x00, 0x00, 0x00, 0x03, 0xFF, 0x80,
    0x00, 0x00, 0x00, 0xFF, 0xE0, 0x00, 0x00, 0x00, 0x3F, 0xF8, 0x00, 0x00, 0x00, 0x0F, 0xFC, 0x00, 0x00, 0x00, 0x03, 0xFF, 0x00, 0x00, 0x00, 0x00,
    0xFF, 0xC0, 0x00, 0x00, 0x00, 0x3F, 0xF0, 0x00, 0x00, 0x00, 0x0F, 0xFC, 0x00, 0x00, 0x00, 0x03, 0xFF, 0x00, 0x00, 0x00, 0x00, 0xFF, 0xC0, 0x00,
    0x00, 0x00, 0x3F, 0xF0, 0x00, 0x00, 0x00, 0x1F, 0xFC, 0x00, 0x00, 0x00, 0x1F, 0xF8, 0x00, 0x00, 0x00, 0x7F, 0xE0, 0x00, 0x00, 0x01, 0xFF, 0x80,
    0x00, 0x00, 0x07, 0xFE, 0x00, 0x00, 0x00, 0x1F, 0xF8, 0x00, 0x00, 0x00, 0x7F, 0xE0, 0x00, 0x00, 0x01, 0xFF, 0xC0, 0x00, 0x00, 0x07, 0xFF, 0x00,
    0x00, 0x00, 0x1F, 0xFC, 0x00, 0x00, 0x00, 0x7F, 0xF0, 0x00, 0x00, 0x01, 0xFF, 0xC0, 0x00, 0x00, 0x03, 0xFF, 0x00, 0x00, 0x00, 0x0F, 0xFC, 0x00,
    0x00, 0x00, 0x3F, 0xF0, 0x00, 0x00, 0x00, 0xFF, 0xC0, 0x00, 0x00, 0x00, 0x7F, 0x00, 0x00, 0x00, 0x00, 0x3C, 0x00, 0x00, 0x00, 0x00, 0x38, 0x00,
    0x00, 0x00, 0x00, 0x20, 0x00, 0x00, 0x00, 0x00, 0x00, 0x08, 0x00, 0x01, 0xFF, 0xC0, 0x07, 0xFF, 0xF0, 0x1F, 0xFF, 0xFC, 0x3F, 0xFF, 0xFE, 0x7F,
    0xFF, 0xFE, 0xFF, 0x83, 0xFF, 0x7E, 0x00, 0xFF, 0x38, 0x00, 0x7F, 0x10, 0x00, 0x7F, 0x00, 0x00, 0x3F, 0x00, 0x00, 0x7F, 0x00, 0x00, 0x7F, 0x00,
    0x00, 0xFE, 0x00, 0x01, 0xFE, 0x00, 0x03, 0xFC, 0x00, 0x07, 0xF8, 0x00, 0x1F, 0xE0, 0x00, 0x3F, 0xC0, 0x00, 0x3F, 0x80, 0x00, 0x7F, 0x00, 0x00,
    0x7E, 0x00, 0x00, 0xFE, 0x00, 0x00, 0xFE, 0x00, 0x00, 0xFE, 0x00, 0x00, 0x00, 0x00, 0x00, 0x00, 0x00, 0x00, 0x00, 0x00, 0x00, 0x00, 0x00, 0x00,
    0x7C, 0x00, 0x00, 0xFE, 0x00, 0x00, 0xFE, 0x00, 0x01, 0xFF, 0x00, 0x01, 0xFF, 0x00, 0x01, 0xFF, 0x00, 0x00, 0xFE, 0x00, 0x00, 0x7C, 0x00, 0x00,
    0x00, 0x0F, 0xF8, 0x00, 0x00, 0x00, 0x00, 0xFF, 0xFF, 0x80, 0x00, 0x00, 0x03, 0xFF, 0xFF, 0xE0, 0x00, 0x00, 0x0F, 0xFF, 0xFF, 0xF0, 0x00, 0x00,
    0x3F, 0xFE, 0x7F, 0xFC, 0x00, 0x00, 0x7F, 0xC0, 0x01, 0xFE, 0x00, 0x00, 0xFF, 0x00, 0x00, 0x7E, 0x00, 0x01, 0xFC, 0x00, 0x00, 0x3F, 0x00, 0x03,
    0xF8, 0x00, 0x00, 0x1F, 0x80, 0x07, 0xF0, 0x00, 0x00, 0x0F, 0x80, 0x07, 0xE0, 0x00, 0x00, 0x07, 0xC0, 0x0F, 0xC0, 0x00, 0x00, 0x07, 0xC0, 0x1F,
    0x80, 0x07, 0x00, 0x03, 0xE0, 0x1F, 0x00, 0x3F, 0xDF, 0x03, 0xE0, 0x3F, 0x00, 0x7F, 0xFF, 0x03, 0xE0, 0x3E, 0x00, 0xFF, 0xFE, 0x01, 0xE0, 0x3E,
    0x01, 0xFF, 0xFE, 0x01, 0xE0, 0x7E, 0x03, 0xF8, 0x7E, 0x01, 0xF0, 0x7C, 0x07, 0xE0, 0x3E, 0x01, 0xF0, 0x7C, 0x07, 0xE0, 0x7E, 0x01, 0xF0, 0x7C,
    0x07, 0xC0, 0x7C, 0x01, 0xF0, 0x7C, 0x0F, 0xC0, 0x7C, 0x01, 0xE0, 0x78, 0x0F, 0x80, 0x7C, 0x01, 0xE0, 0xF8, 0x0F, 0x80, 0x7C, 0x01, 0xE0, 0xF8,
    0x0F, 0x80, 0x7C, 0x03, 0xE0, 0xF8, 0x0F, 0x80, 0xF8, 0x03, 0xE0, 0xF8, 0x0F, 0x80, 0xF8, 0x07, 0xC0, 0x78, 0x0F, 0xC1, 0xF8, 0x0F, 0xC0, 0x7C,
    0x0F, 0xC3, 0xFC, 0x1F, 0x80, 0x7C, 0x0F, 0xFF, 0xFF, 0x7F, 0x00, 0x7C, 0x07, 0xFF, 0xBF, 0xFE, 0x00, 0x7C, 0x03, 0xFF, 0x3F, 0xFC, 0x00, 0x7E,
    0x01, 0xFC, 0x1F, 0xF8, 0x00, 0x3E, 0x00, 0x30, 0x07, 0xE0, 0x00, 0x3F, 0x00, 0x00, 0x00, 0x00, 0x00, 0x1F, 0x80, 0x00, 0x00, 0x00, 0x00, 0x1F,
    0xC0, 0x00, 0x00, 0x00, 0x00, 0x0F, 0xE0, 0x00, 0x00, 0x00, 0x00, 0x07, 0xF0, 0x00, 0x00, 0x00, 0x00, 0x03, 0xFC, 0x00, 0x04, 0x00, 0x00, 0x01,
    0xFF, 0x80, 0x3C, 0x00, 0x00, 0x00, 0xFF, 0xFF, 0xFE, 0x00, 0x00, 0x00, 0x7F, 0xFF, 0xFE, 0x00, 0x00, 0x00, 0x1F, 0xFF, 0xFC, 0x00, 0x00, 0x00,
    0x03, 0xFF, 0xE0, 0x00, 0x00, 0x00, 0x0F, 0xF8, 0x00, 0x00, 0x00, 0x0F, 0xFC, 0x00, 0x00, 0x00, 0x0F, 0xFC, 0x00, 0x00, 0x00, 0x1F, 0xFC, 0x00,
    0x00, 0x00, 0x1F, 0xFE, 0x00, 0x00, 0x00, 0x3F, 0xFE, 0x00, 0x00, 0x00, 0x3F, 0x7F, 0x00, 0x00, 0x00, 0x3F, 0x7F, 0x00, 0x00, 0x00, 0x7F, 0x3F,
    0x00, 0x00, 0x00, 0x7F, 0x3F, 0x80, 0x00, 0x00, 0x7E, 0x3F, 0x80, 0x00, 0x00, 0xFE, 0x1F, 0x80, 0x00, 0x00, 0xFE, 0x1F, 0xC0, 0x00, 0x00, 0xFC,
    0x1F, 0xC0, 0x00, 0x01, 0xFC, 0x0F, 0xC0, 0x00, 0x01, 0xFC, 0x0F, 0xE0, 0x00, 0x01, 0xF8, 0x0F, 0xE0, 0x00, 0x03, 0xF8, 0x07, 0xF0, 0x00, 0x03,
    0xF8, 0x07, 0xF0, 0x00, 0x07, 0xF0, 0x07, 0xF0, 0x00, 0x07, 0xF0, 0x03, 0xF8, 0x00, 0x07, 0xFF, 0xFF, 0xF8, 0x00, 0x0F, 0xFF, 0xFF, 0xF8, 0x00,
    0x0F, 0xFF, 0xFF, 0xFC, 0x00, 0x0F, 0xFF, 0xFF, 0xFC, 0x00, 0x1F, 0xFF, 0xFF, 0xFC, 0x00, 0x1F, 0xFF, 0xFF, 0xFE, 0x00, 0x1F, 0xC0, 0x00, 0xFE,
    0x00, 0x3F, 0xC0, 0x00, 0xFF, 0x00, 0x3F, 0x80, 0x00, 0xFF, 0x00, 0x3F, 0x80, 0x00, 0x7F, 0x00, 0x7F, 0x80, 0x00, 0x7F, 0x80, 0x7F, 0x00, 0x00,
    0x7F, 0x80, 0xFF, 0x00, 0x00, 0x3F, 0x80, 0xFF, 0x00, 0x00, 0x3F, 0xC0, 0xFE, 0x00, 0x00, 0x3F, 0xC0, 0xFF, 0xFF, 0x00, 0x00, 0xFF, 0xFF, 0xF8,
    0x00, 0xFF, 0xFF, 0xFE, 0x00, 0xFF, 0xFF, 0xFF, 0x80, 0xFF, 0xFF, 0xFF, 0x80, 0xFF, 0xFF, 0xFF, 0xC0, 0xFE, 0x00, 0x7F, 0xC0, 0xFE, 0x00, 0x1F,
    0xE0, 0xFE, 0x00, 0x1F, 0xE0, 0xFE, 0x00, 0x0F, 0xE0, 0xFE, 0x00, 0x0F, 0xE0, 0xFE, 0x00, 0x0F, 0xC0, 0xFE, 0x00, 0x1F, 0xC0, 0xFE, 0x00, 0x3F,
    0xC0, 0xFE, 0x00, 0xFF, 0x80, 0xFF, 0xFF, 0xFF, 0x00, 0xFF, 0xFF, 0xFC, 0x00, 0xFF, 0xFF, 0xFE, 0x00, 0xFF, 0xFF, 0xFF, 0x80, 0xFF, 0xFF, 0xFF,
    0xC0, 0xFE, 0x00, 0x7F, 0xE0, 0xFE, 0x00, 0x0F, 0xF0, 0xFE, 0x00, 0x07, 0xF0, 0xFE, 0x00, 0x03, 0xF8, 0xFE, 0x00, 0x03, 0xF8, 0xFE, 0x00, 0x03,
    0xF8, 0xFE, 0x00, 0x03, 0xF8, 0xFE, 0x00, 0x07, 0xF8, 0xFE, 0x00, 0x07, 0xF0, 0xFE, 0x00, 0x1F, 0xF0, 0xFE, 0x03, 0xFF, 0xF0, 0xFF, 0xFF, 0xFF,
    0xE0, 0xFF, 0xFF, 0xFF, 0xC0, 0xFF, 0xFF, 0xFF, 0x80, 0xFF, 0xFF, 0xFE, 0x00, 0xFF, 0xFF, 0xE0, 0x00, 0x00, 0x07, 0xFF, 0x00, 0x00, 0x3F, 0xFF,
    0xC0, 0x00, 0xFF, 0xFF, 0xF0, 0x01, 0xFF, 0xFF, 0xF8, 0x03, 0xFF, 0xFF, 0xFC, 0x07, 0xFF, 0xFF, 0xF8, 0x0F, 0xFE, 0x03, 0xF8, 0x1F, 0xF8, 0x00,
    0xF0, 0x1F, 0xE0, 0x00, 0x20, 0x3F, 0xC0, 0x00, 0x00, 0x3F, 0xC0, 0x00, 0x00, 0x7F, 0x80, 0x00, 0x00, 0x7F, 0x80, 0x00, 0x00, 0x7F, 0x00, 0x00,
    0x00, 0x7F, 0x00, 0x00, 0x00, 0x7F, 0x00, 0x00, 0x00, 0xFF, 0x00, 0x00, 0x00, 0xFF, 0x00, 0x00, 0x00, 0xFF, 0x00, 0x00, 0x00, 0xFF, 0x00, 0x00,
    0x00, 0xFF, 0x00, 0x00, 0x00, 0x7F, 0x00, 0x00, 0x00, 0x7F, 0x00, 0x00, 0x00, 0x7F, 0x80, 0x00, 0x00, 0x7F, 0x80, 0x00, 0x00, 0x7F, 0x80, 0x00,
    0x00, 0x3F, 0xC0, 0x00, 0x00, 0x3F, 0xE0, 0x00, 0x30, 0x1F, 0xF0, 0x00, 0x78, 0x1F, 0xFC, 0x01, 0xFC, 0x0F, 0xFF, 0xFF, 0xFC, 0x07, 0xFF, 0xFF,
    0xFE, 0x03, 0xFF, 0xFF, 0xFC, 0x00, 0xFF, 0xFF, 0xF8, 0x00, 0x7F, 0xFF, 0xE0, 0x00, 0x0F, 0xFF, 0x80, 0x00, 0x00, 0x60, 0x00, 0xFF, 0xF0, 0x00,
    0x00, 0xFF, 0xFF, 0xE0, 0x00, 0xFF, 0xFF, 0xF8, 0x00, 0xFF, 0xFF, 0xFE, 0x00, 0xFF, 0xFF, 0xFF, 0x80, 0xFF, 0xFF, 0xFF, 0xC0, 0xFE, 0x01, 0xFF,
    0xE0, 0xFE, 0x00, 0x7F, 0xE0, 0xFE, 0x00, 0x1F, 0xF0, 0xFE, 0x00, 0x0F, 0xF0, 0xFE, 0x00, 0x07, 0xF8, 0xFE, 0x00, 0x07, 0xF8, 0xFE, 0x00, 0x03,
    0xF8, 0xFE, 0x00, 0x03, 0xFC, 0xFE, 0x00, 0x03, 0xFC, 0xFE, 0x00, 0x01, 0xFC, 0xFE, 0x00, 0x01, 0xFC, 0xFE, 0x00, 0x01, 0xFC, 0xFE, 0x00, 0x01,
    0xFC, 0xFE, 0x00, 0x01, 0xFC, 0xFE, 0x00, 0x01, 0xFC, 0xFE, 0x00, 0x03, 0xFC, 0xFE, 0x00, 0x03, 0xFC, 0xFE, 0x00, 0x03, 0xF8, 0xFE, 0x00, 0x07,
    0xF8, 0xFE, 0x00, 0x07, 0xF8, 0xFE, 0x00, 0x0F, 0xF0, 0xFE, 0x00, 0x1F, 0xF0, 0xFE, 0x00, 0x3F, 0xE0, 0xFE, 0x01, 0xFF, 0xE0, 0xFF, 0xFF, 0xFF,
    0xC0, 0xFF, 0xFF, 0xFF, 0x80, 0xFF, 0xFF, 0xFF, 0x00, 0xFF, 0xFF, 0xFC, 0x00, 0xFF, 0xFF, 0xF0, 0x00, 0xFF, 0xFF, 0x00, 0x00, 0xFF, 0xFF, 0xFF,
    0x80, 0xFF, 0xFF, 0xFF, 0x80, 0xFF, 0xFF, 0xFF, 0x80, 0xFF, 0xFF, 0xFF, 0x80, 0xFF, 0xFF, 0xFF, 0x80, 0xFF, 0xFF, 0xFF, 0x80, 0xFF, 0x00, 0x00,
    0x00, 0xFF, 0x00, 0x00, 0x00, 0xFF, 0x00, 0x00, 0x00, 0xFF, 0x00, 0x00, 0x00, 0xFF, 0x00, 0x00, 0x00, 0xFF, 0x00, 0x00, 0x00, 0xFF, 0x00, 0x00,
    0x00, 0xFF, 0x00, 0x00, 0x00, 0xFF, 0x00, 0x00, 0x00, 0xFF, 0xFF, 0xF8, 0x00, 0xFF, 0xFF, 0xF8, 0x00, 0xFF, 0xFF, 0xF8, 0x00, 0xFF, 0xFF, 0xF8,
    0x00, 0xFF, 0xFF, 0xF8, 0x00, 0xFF, 0xFF, 0xF8, 0x00, 0xFF, 0x00, 0x00, 0x00, 0xFF, 0x00, 0x00, 0x00, 0xFF, 0x00, 0x00, 0x00, 0xFF, 0x00, 0x00,
    0x00, 0xFF, 0x00, 0x00, 0x00, 0xFF, 0x00, 0x00, 0x00, 0xFF, 0x00, 0x00, 0x00, 0xFF, 0x00, 0x00, 0x00, 0xFF, 0x00, 0x00, 0x00, 0xFF, 0xFF, 0xFF,
    0xC0, 0xFF, 0xFF, 0xFF, 0xC0, 0xFF, 0xFF, 0xFF, 0xC0, 0xFF, 0xFF, 0xFF, 0xC0, 0xFF, 0xFF, 0xFF, 0xC0, 0xFF, 0xFF, 0xFF, 0xC0, 0xFF, 0xFF, 0xFF,
    0x80, 0xFF, 0xFF, 0xFF, 0x80, 0xFF, 0xFF, 0xFF, 0x80, 0xFF, 0xFF, 0xFF, 0x80, 0xFF, 0xFF, 0xFF, 0x80, 0xFF, 0xFF, 0xFF, 0x80, 0xFE, 0x00, 0x00,
    0x00, 0xFE, 0x00, 0x00, 0x00, 0xFE, 0x00, 0x00, 0x00, 0xFE, 0x00, 0x00, 0x00, 0xFE, 0x00, 0x00, 0x00, 0xFE, 0x00, 0x00, 0x00, 0xFE, 0x00, 0x00,
    0x00, 0xFE, 0x00, 0x00, 0x00, 0xFE, 0x00, 0x00, 0x00, 0xFE, 0x00, 0x00, 0x00, 0xFF, 0xFF, 0xF8, 0x00, 0xFF, 0xFF, 0xF8, 0x00, 0xFF, 0xFF, 0xF8,
    0x00, 0xFF, 0xFF, 0xF8, 0x00, 0xFF, 0xFF, 0xF8, 0x00, 0xFF, 0xFF, 0xF8, 0x00, 0xFE, 0x00, 0x00, 0x00, 0xFE, 0x00, 0x00, 0x00, 0xFE, 0x00, 0x00,
    0x00, 0xFE, 0x00, 0x00, 0x00, 0xFE, 0x00, 0x00, 0x00, 0xFE, 0x00, 0x00, 0x00, 0xFE, 0x00, 0x00, 0x00, 0xFE, 0x00, 0x00, 0x00, 0xFE, 0x00, 0x00,
    0x00, 0xFE, 0x00, 0x00, 0x00, 0xFE, 0x00, 0x00, 0x00, 0xFE, 0x00, 0x00, 0x00, 0xFE, 0x00, 0x00, 0x00, 0xFE, 0x00, 0x00, 0x00, 0x00, 0x07, 0xFF,
    0x00, 0x00, 0x3F, 0xFF, 0xE0, 0x00, 0xFF, 0xFF, 0xF8, 0x01, 0xFF, 0xFF, 0xFC, 0x03, 0xFF, 0xFF, 0xFE, 0x0F, 0xFF, 0xFF, 0xFC, 0x0F, 0xFE, 0x01,
    0xF8, 0x1F, 0xF8, 0x00, 0x70, 0x3F, 0xE0, 0x00, 0x20, 0x3F, 0xC0, 0x00, 0x00, 0x7F, 0x80, 0x00, 0x00, 0x7F, 0x80, 0x00, 0x00, 0x7F, 0x00, 0x00,
    0x00, 0xFF, 0x00, 0x00, 0x00, 0xFF, 0x00, 0x00, 0x00, 0xFE, 0x00, 0x00, 0x00, 0xFE, 0x00, 0x3F, 0xFF, 0xFE, 0x00, 0x3F, 0xFF, 0xFE, 0x00, 0x3F,
    0xFF, 0xFE, 0x00, 0x3F, 0xFF, 0xFE, 0x00, 0x3F, 0xFF, 0xFE, 0x00, 0x3F, 0xFF, 0xFF, 0x00, 0x00, 0x7F, 0xFF, 0x00, 0x00, 0x7F, 0x7F, 0x00, 0x00,
    0x7F, 0x7F, 0x80, 0x00, 0x7F, 0x7F, 0xC0, 0x00, 0x7F, 0x3F, 0xE0, 0x00, 0x7F, 0x3F, 0xF0, 0x00, 0x7F, 0x1F, 0xFC, 0x00, 0xFF, 0x0F, 0xFF, 0xFF,
    0xFF, 0x07, 0xFF, 0xFF, 0xFF, 0x03, 0xFF, 0xFF, 0xFE, 0x01, 0xFF, 0xFF, 0xFC, 0x00, 0x7F, 0xFF, 0xF0, 0x00, 0x1F, 0xFF, 0xC0, 0x00, 0x00, 0xF0,
    0x00, 0xFE, 0x00, 0x01, 0xFC, 0xFE, 0x00, 0x01, 0xFC, 0xFE, 0x00, 0x01, 0xFC, 0xFE, 0x00, 0x01, 0xFC, 0xFE, 0x00, 0x01, 0xFC, 0xFE, 0x00, 0x01,
    0xFC, 0xFE, 0x00, 0x01, 0xFC, 0xFE, 0x00, 0x01, 0xFC, 0xFE, 0x00, 0x01, 0xFC, 0xFE, 0x00, 0x01, 0xFC, 0xFE, 0x00, 0x01, 0xFC, 0xFE, 0x00, 0x01,
    0xFC, 0xFE, 0x00, 0x01, 0xFC, 0xFE, 0x00, 0x01, 0xFC, 0xFF, 0xFF, 0xFF, 0xFC, 0xFF, 0xFF, 0xFF, 0xFC, 0xFF, 0xFF, 0xFF, 0xFC, 0xFF, 0xFF, 0xFF,
    0xFC, 0xFF, 0xFF, 0xFF, 0xFC, 0xFF, 0xFF, 0xFF, 0xFC, 0xFF, 0xFF, 0xFF, 0xFC, 0xFE, 0x00, 0x01, 0xFC, 0xFE, 0x00, 0x01, 0xFC, 0xFE, 0x00, 0x01,
    0xFC, 0xFE, 0x00, 0x01, 0xFC, 0xFE, 0x00, 0x01, 0xFC, 0xFE, 0x00, 0x01, 0xFC, 0xFE, 0x00, 0x01, 0xFC, 0xFE, 0x00, 0x01, 0xFC, 0xFE, 0x00, 0x01,
    0xFC, 0xFE, 0x00, 0x01, 0xFC, 0xFE, 0x00, 0x01, 0xFC, 0xFE, 0x00, 0x01, 0xFC, 0xFE, 0x00, 0x01, 0xFC, 0xFE, 0x00, 0x01, 0xFC, 0xFE, 0x00, 0x01,
    0xFC, 0xFF, 0xFF, 0xFF, 0xC0, 0xFF, 0xFF, 0xFF, 0xC0, 0xFF, 0xFF, 0xFF, 0xC0, 0xFF, 0xFF, 0xFF, 0xC0, 0xFF, 0xFF, 0xFF, 0xC0, 0xFF, 0xFF, 0xFF,
    0xC0, 0x00, 0x7F, 0x80, 0x00, 0x00, 0x7F, 0x80, 0x00, 0x00, 0x7F, 0x80, 0x00, 0x00, 0x7F, 0x80, 0x00, 0x00, 0x7F, 0x80, 0x00, 0x00, 0x7F, 0x80,
    0x00, 0x00, 0x7F, 0x80, 0x00, 0x00, 0x7F, 0x80, 0x00, 0x00, 0x7F, 0x80, 0x00, 0x00, 0x7F, 0x80, 0x00, 0x00, 0x7F, 0x80, 0x00, 0x00, 0x7F, 0x80,
    0x00, 0x00, 0x7F, 0x80, 0x00, 0x00, 0x7F, 0x80, 0x00, 0x00, 0x7F, 0x80, 0x00, 0x00, 0x7F, 0x80, 0x00, 0x00, 0x7F, 0x80, 0x00, 0x00, 0x7F, 0x80,
    0x00, 0x00, 0x7F, 0x80, 0x00, 0x00, 0x7F, 0x80, 0x00, 0x00, 0x7F, 0x80, 0x00, 0x00, 0x7F, 0x80, 0x00, 0x00, 0x7F, 0x80, 0x00, 0x00, 0x7F, 0x80,
    0x00, 0xFF, 0xFF, 0xFF, 0xC0, 0xFF, 0xFF, 0xFF, 0xC0, 0xFF, 0xFF, 0xFF, 0xC0, 0xFF, 0xFF, 0xFF, 0xC0, 0xFF, 0xFF, 0xFF, 0xC0, 0xFF, 0xFF, 0xFF,
    0xC0, 0x00, 0x00, 0x7F, 0x00, 0x00, 0x7F, 0x00, 0x00, 0x7F, 0x00, 0x00, 0x7F, 0x00, 0x00, 0x7F, 0x00, 0x00, 0x7F, 0x00, 0x00, 0x7F, 0x00, 0x00,
    0x7F, 0x00, 0x00, 0x7F, 0x00, 0x00, 0x7F, 0x00, 0x00, 0x7F, 0x00, 0x00, 0x7F, 0x00, 0x00, 0x7F, 0x00, 0x00, 0x7F, 0x00, 0x00, 0x7F, 0x00, 0x00,
    0x7F, 0x00, 0x00, 0x7F, 0x00, 0x00, 0x7F, 0x00, 0x00, 0x7F, 0x00, 0x00, 0x7F, 0x00, 0x00, 0x7F, 0x00, 0x00, 0x7F, 0x00, 0x00, 0x7F, 0x00, 0x00,
    0x7F, 0x00, 0x00, 0x7F, 0x00, 0x00, 0x7F, 0x00, 0x00, 0x7F, 0x0C, 0x00, 0x7F, 0x1E, 0x00, 0xFF, 0x7F, 0x01, 0xFF, 0xFF, 0xFF, 0xFE, 0x7F, 0xFF,
    0xFE, 0x3F, 0xFF, 0xFC, 0x1F, 0xFF, 0xF8, 0x07, 0xFF, 0xF0, 0x03, 0xFF, 0xC0, 0x00, 0x28, 0x00, 0xFF, 0x00, 0x03, 0xFC, 0xFF, 0x00, 0x07, 0xF8,
    0xFF, 0x00, 0x0F, 0xF0, 0xFF, 0x00, 0x1F, 0xE0, 0xFF, 0x00, 0x3F, 0xC0, 0xFF, 0x00, 0x7F, 0x80, 0xFF, 0x00, 0xFF, 0x80, 0xFF, 0x00, 0xFF, 0x00,
    0xFF, 0x01, 0xFE, 0x00, 0xFF, 0x03, 0xFC, 0x00, 0xFF, 0x07, 0xF8, 0x00, 0xFF, 0x0F, 0xF0, 0x00, 0xFF, 0x1F, 0xE0, 0x00, 0xFF, 0x3F, 0xC0, 0x00,
    0xFF, 0x7F, 0xC0, 0x00, 0xFF, 0xFF, 0xC0, 0x00, 0xFF, 0xFF, 0xE0, 0x00, 0xFF, 0xFF, 0xF0, 0x00, 0xFF, 0xFF, 0xF0, 0x00, 0xFF, 0xFF, 0xF8, 0x00,
    0xFF, 0xFB, 0xFC, 0x00, 0xFF, 0xF1, 0xFC, 0x00, 0xFF, 0xE1, 0xFE, 0x00, 0xFF, 0xC0, 0xFF, 0x00, 0xFF, 0x80, 0x7F, 0x00, 0xFF, 0x00, 0x7F, 0x80,
    0xFF, 0x00, 0x3F, 0xC0, 0xFF, 0x00, 0x1F, 0xC0, 0xFF, 0x00, 0x1F, 0xE0, 0xFF, 0x00, 0x0F, 0xF0, 0xFF, 0x00, 0x07, 0xF0, 0xFF, 0x00, 0x07, 0xF8,
    0xFF, 0x00, 0x03, 0xFC, 0xFF, 0x00, 0x01, 0xFC, 0xFF, 0x00, 0x01, 0xFE, 0xFF, 0x00, 0x00, 0xFF, 0xFF, 0x00, 0x00, 0x00, 0xFF, 0x00, 0x00, 0x00,
    0xFF, 0x00, 0x00, 0x00, 0xFF, 0x00, 0x00, 0x00, 0xFF, 0x00, 0x00, 0x00, 0xFF, 0x00, 0x00, 0x00, 0xFF, 0x00, 0x00, 0x00, 0xFF, 0x00, 0x00, 0x00,
    0xFF, 0x00, 0x00, 0x00, 0xFF, 0x00, 0x00, 0x00, 0xFF, 0x00, 0x00, 0x00, 0xFF, 0x00, 0x00, 0x00, 0xFF, 0x00, 0x00, 0x00, 0xFF, 0x00, 0x00, 0x00,
    0xFF, 0x00, 0x00, 0x00, 0xFF, 0x00, 0x00, 0x00, 0xFF, 0x00, 0x00, 0x00, 0xFF, 0x00, 0x00, 0x00, 0xFF, 0x00, 0x00, 0x00, 0xFF, 0x00, 0x00, 0x00,
    0xFF, 0x00, 0x00, 0x00, 0xFF, 0x00, 0x00, 0x00, 0xFF, 0x00, 0x00, 0x00, 0xFF, 0x00, 0x00, 0x00, 0xFF, 0x00, 0x00, 0x00, 0xFF, 0x00, 0x00, 0x00,
    0xFF, 0x00, 0x00, 0x00, 0xFF, 0x00, 0x00, 0x00, 0xFF, 0x00, 0x00, 0x00, 0xFF, 0x00, 0x00, 0x00, 0xFF, 0xFF, 0xFF, 0x80, 0xFF, 0xFF, 0xFF, 0x80,
    0xFF, 0xFF, 0xFF, 0x80, 0xFF, 0xFF, 0xFF, 0x80, 0xFF, 0xFF, 0xFF, 0x80, 0xFF, 0xFF, 0xFF, 0x80, 0xFF, 0x00, 0x00, 0x0F, 0xF0, 0xFF, 0x00, 0x00,
    0x1F, 0xF0, 0xFF, 0x80, 0x00, 0x1F, 0xF0, 0xFF, 0x80, 0x00, 0x1F, 0xF0, 0xFF, 0xC0, 0x00, 0x3F, 0xF0, 0xFF, 0xC0, 0x00, 0x3F, 0xF0, 0xFF, 0xE0,
    0x00, 0x7F, 0xF0, 0xFF, 0xE0, 0x00, 0x7F, 0xF0, 0xFF, 0xF0, 0x00, 0xFF, 0xF0, 0xFF, 0xF0, 0x00, 0xFF, 0xF0, 0xFF, 0xF0, 0x00, 0xFF, 0xF0, 0xFD,
    0xF8, 0x01, 0xFB, 0xF0, 0xFD, 0xF8, 0x01, 0xFB, 0xF0, 0xFC, 0xFC, 0x03, 0xF3, 0xF0, 0xFC, 0xFC, 0x03, 0xF3, 0xF0, 0xFC, 0xFE, 0x03, 0xE3, 0xF0,
    0xFC, 0x7E, 0x07, 0xE3, 0xF0, 0xFC, 0x7E, 0x07, 0xE7, 0xF0, 0xFC, 0x3F, 0x0F, 0xC7, 0xF0, 0xFC, 0x3F, 0x0F, 0xC7, 0xF0, 0xFC, 0x3F, 0x8F, 0x87,
    0xF0, 0xFC, 0x1F, 0x9F, 0x87, 0xF0, 0xFC, 0x1F, 0x9F, 0x07, 0xF0, 0xFC, 0x0F, 0xFF, 0x07, 0xF0, 0xFC, 0x0F, 0xFF, 0x07, 0xF0, 0xFC, 0x07, 0xFE,
    0x07, 0xF0, 0xFC, 0x07, 0xFE, 0x07, 0xF0, 0xFC, 0x03, 0xFC, 0x07, 0xF0, 0xFC, 0x03, 0xFC, 0x07, 0xF0, 0xFC, 0x03, 0xF8, 0x07, 0xF0, 0xFC, 0x01,
    0xF8, 0x07, 0xF0, 0xFC, 0x01, 0xF8, 0x07, 0xF0, 0xFC, 0x00, 0xF0, 0x07, 0xF0, 0xFC, 0x00, 0x00, 0x07, 0xF0, 0xFC, 0x00, 0x00, 0x07, 0xF0, 0xFC,
    0x00, 0x00, 0x07, 0xF0, 0xFE, 0x00, 0x01, 0xFC, 0xFF, 0x00, 0x01, 0xFC, 0xFF, 0x80, 0x01, 0xFC, 0xFF, 0x80, 0x01, 0xFC, 0xFF, 0xC0, 0x01, 0xFC,
    0xFF, 0xE0, 0x01, 0xFC, 0xFF, 0xE0, 0x01, 0xFC, 0xFF, 0xF0, 0x01, 0xFC, 0xFF, 0xF0, 0x01, 0xFC, 0xFF, 0xF8, 0x01, 0xFC, 0xFD, 0xFC, 0x01, 0xFC,
    0xFC, 0xFC, 0x01, 0xFC, 0xFC, 0xFE, 0x01, 0xFC, 0xFC, 0x7F, 0x01, 0xFC, 0xFC, 0x7F, 0x01, 0xFC, 0xFC, 0x3F, 0x81, 0xFC, 0xFE, 0x3F, 0xC1, 0xFC,
    0xFE, 0x1F, 0xC1, 0xFC, 0xFE, 0x0F, 0xE1, 0xFC, 0xFE, 0x0F, 0xE1, 0xFC, 0xFE, 0x07, 0xF1, 0xFC, 0xFE, 0x03, 0xF8, 0xFC, 0xFE, 0x03, 0xF8, 0xFC,
    0xFE, 0x01, 0xFC, 0xFC, 0xFE, 0x01, 0xFC, 0xFC, 0xFE, 0x00, 0xFE, 0xFC, 0xFE, 0x00, 0x7F, 0xFC, 0xFE, 0x00, 0x7F, 0xFC, 0xFE, 0x00, 0x3F, 0xFC,
    0xFE, 0x00, 0x1F, 0xFC, 0xFE, 0x00, 0x1F, 0xFC, 0xFE, 0x00, 0x0F, 0xFC, 0xFE, 0x00, 0x07, 0xFC, 0xFE, 0x00, 0x07, 0xFC, 0xFE, 0x00, 0x03, 0xFC,
    0xFE, 0x00, 0x03, 0xFC, 0x00, 0x0F, 0xFF, 0x00, 0x00, 0x00, 0x3F, 0xFF, 0xC0, 0x00, 0x00, 0xFF, 0xFF, 0xF0, 0x00, 0x03, 0xFF, 0xFF, 0xFC, 0x00,
    0x07, 0xFF, 0xFF, 0xFE, 0x00, 0x0F, 0xFF, 0xFF, 0xFF, 0x00, 0x0F, 0xFC, 0x03, 0xFF, 0x00, 0x1F, 0xF0, 0x00, 0xFF, 0x80, 0x3F, 0xE0, 0x00, 0x7F,
    0xC0, 0x3F, 0xC0, 0x00, 0x3F, 0xC0, 0x3F, 0x80, 0x00, 0x1F, 0xC0, 0x7F, 0x80, 0x00, 0x1F, 0xE0, 0x7F, 0x00, 0x00, 0x1F, 0xE0, 0x7F, 0x00, 0x00,
    0x0F, 0xE0, 0x7F, 0x00, 0x00, 0x0F, 0xE0, 0xFF, 0x00, 0x00, 0x0F, 0xE0, 0xFF, 0x00, 0x00, 0x0F, 0xF0, 0xFF, 0x00, 0x00, 0x0F, 0xF0, 0xFF, 0x00,
    0x00, 0x0F, 0xF0, 0xFF, 0x00, 0x00, 0x0F, 0xF0, 0xFF, 0x00, 0x00, 0x0F, 0xE0, 0x7F, 0x00, 0x00, 0x0F, 0xE0, 0x7F, 0x00, 0x00, 0x0F, 0xE0, 0x7F,
    0x00, 0x00, 0x1F, 0xE0, 0x7F, 0x80, 0x00, 0x1F, 0xE0, 0x3F, 0x80, 0x00, 0x1F, 0xC0, 0x3F, 0xC0, 0x00, 0x3F, 0xC0, 0x3F, 0xE0, 0x00, 0x7F, 0xC0,
    0x1F, 0xF0, 0x00, 0xFF, 0x80, 0x0F, 0xFC, 0x03, 0xFF, 0x00, 0x0F, 0xFF, 0xFF, 0xFF, 0x00, 0x07, 0xFF, 0xFF, 0xFE, 0x00, 0x03, 0xFF, 0xFF, 0xFC,
    0x00, 0x01, 0xFF, 0xFF, 0xF8, 0x00, 0x00, 0x7F, 0xFF, 0xE0, 0x00, 0x00, 0x1F, 0xFF, 0x80, 0x00, 0x00, 0x00, 0xE0, 0x00, 0x00, 0xFF, 0xFF, 0x00,
    0x00, 0xFF, 0xFF, 0xF8, 0x00, 0xFF, 0xFF, 0xFE, 0x00, 0xFF, 0xFF, 0xFF, 0x80, 0xFF, 0xFF, 0xFF, 0xC0, 0xFF, 0xFF, 0xFF, 0xE0, 0xFE, 0x00, 0x7F,
    0xE0, 0xFE, 0x00, 0x1F, 0xF0, 0xFE, 0x00, 0x0F, 0xF0, 0xFE, 0x00, 0x07, 0xF0, 0xFE, 0x00, 0x07, 0xF0, 0xFE, 0x00, 0x07, 0xF0, 0xFE, 0x00, 0x07,
    0xF0, 0xFE, 0x00, 0x07, 0xF0, 0xFE, 0x00, 0x07, 0xF0, 0xFE, 0x00, 0x0F, 0xF0, 0xFE, 0x00, 0x1F, 0xE0, 0xFE, 0x01, 0xFF, 0xE0, 0xFF, 0xFF, 0xFF,
    0xC0, 0xFF, 0xFF, 0xFF, 0x80, 0xFF, 0xFF, 0xFF, 0x00, 0xFF, 0xFF, 0xFC, 0x00, 0xFF, 0xFF, 0xF0, 0x00, 0xFE, 0x00, 0x00, 0x00, 0xFE, 0x00, 0x00,
    0x00, 0xFE, 0x00, 0x00, 0x00, 0xFE, 0x00, 0x00, 0x00, 0xFE, 0x00, 0x00, 0x00, 0xFE, 0x00, 0x00, 0x00, 0xFE, 0x00, 0x00, 0x00, 0xFE, 0x00, 0x00,
    0x00, 0xFE, 0x00, 0x00, 0x00, 0xFE, 0x00, 0x00, 0x00, 0xFE, 0x00, 0x00, 0x00, 0xFE, 0x00, 0x00, 0x00, 0xFE, 0x00, 0x00, 0x00, 0x00, 0x0F, 0xFF,
    0x00, 0x00, 0x00, 0x3F, 0xFF, 0xC0, 0x00, 0x00, 0xFF, 0xFF, 0xF0, 0x00, 0x03, 0xFF, 0xFF, 0xF8, 0x00, 0x07, 0xFF, 0xFF, 0xFC, 0x00, 0x0F, 0xFF,
    0xFF, 0xFE, 0x00, 0x0F, 0xFC, 0x03, 0xFF, 0x00, 0x1F, 0xF0, 0x00, 0xFF, 0x80, 0x3F, 0xE0, 0x00, 0x7F, 0x80, 0x3F, 0xC0, 0x00, 0x3F, 0xC0, 0x3F,
    0x80, 0x00, 0x3F, 0xC0, 0x7F, 0x80, 0x00, 0x1F, 0xE0, 0x7F, 0x00, 0x00, 0x1F, 0xE0, 0x7F, 0x00, 0x00, 0x0F, 0xE0, 0x7F, 0x00, 0x00, 0x0F, 0xE0,
    0xFF, 0x00, 0x00, 0x0F, 0xE0, 0xFF, 0x00, 0x00, 0x0F, 0xE0, 0xFF, 0x00, 0x00, 0x0F, 0xF0, 0xFF, 0x00, 0x00, 0x0F, 0xF0, 0xFF, 0x00, 0x00, 0x0F,
    0xE0, 0xFF, 0x00, 0x00, 0x0F, 0xE0, 0x7F, 0x00, 0x00, 0x0F, 0xE0, 0x7F, 0x00, 0x00, 0x0F, 0xE0, 0x7F, 0x00, 0x00, 0x1F, 0xE0, 0x7F, 0x80, 0x00,
    0x1F, 0xE0, 0x3F, 0x80, 0x00, 0x1F, 0xC0, 0x3F, 0xC0, 0x00, 0x3F, 0xC0, 0x3F, 0xC0, 0x00, 0x7F, 0x80, 0x1F, 0xE0, 0x00, 0xFF, 0x80, 0x0F, 0xF8,
    0x01, 0xFF, 0x00, 0x0F, 0xFE, 0x07, 0xFF, 0x00, 0x07, 0xFF, 0xFF, 0xFE, 0x00, 0x03, 0xFF, 0xFF, 0xFC, 0x00, 0x01, 0xFF, 0xFF, 0xF0, 0x00, 0x00,
    0x7F, 0xFF, 0xE0, 0x00, 0x00, 0x1F, 0xFF, 0x00, 0x00, 0x00, 0x01, 0xFE, 0x00, 0x00, 0x00, 0x01, 0xFF, 0x00, 0x00, 0x00, 0x00, 0xFF, 0x80, 0x00,
    0x00, 0x00, 0x7F, 0xF0, 0x10, 0x00, 0x00, 0x3F, 0xFF, 0xF8, 0x00, 0x00, 0x1F, 0xFF, 0xF8, 0x00, 0x00, 0x0F, 0xFF, 0xF8, 0x00, 0x00, 0x07, 0xFF,
    0xF8, 0x00, 0x00, 0x00, 0xFF, 0xF8, 0x00, 0x00, 0x00, 0x0F, 0x00, 0xFF, 0xFF, 0x00, 0x00, 0xFF, 0xFF, 0xF8, 0x00, 0xFF, 0xFF, 0xFE, 0x00, 0xFF,
    0xFF, 0xFF, 0x80, 0xFF, 0xFF, 0xFF, 0xC0, 0xFF, 0xFF, 0xFF, 0xE0, 0xFE, 0x00, 0x7F, 0xE0, 0xFE, 0x00, 0x1F, 0xE0, 0xFE, 0x00, 0x0F, 0xF0, 0xFE,
    0x00, 0x07, 0xF0, 0xFE, 0x00, 0x07, 0xF0, 0xFE, 0x00, 0x07, 0xF0, 0xFE, 0x00, 0x07, 0xF0, 0xFE, 0x00, 0x0F, 0xF0, 0xFE, 0x00, 0x0F, 0xE0, 0xFE,
    0x00, 0x1F, 0xE0, 0xFE, 0x00, 0xFF, 0xE0, 0xFF, 0xFF, 0xFF, 0xC0, 0xFF, 0xFF, 0xFF, 0x80, 0xFF, 0xFF, 0xFF, 0x00, 0xFF, 0xFF, 0xFC, 0x00, 0xFF,
    0xFF, 0xF0, 0x00, 0xFF, 0xFF, 0xF8, 0x00, 0xFE, 0x03, 0xF8, 0x00, 0xFE, 0x03, 0xFC, 0x00, 0xFE, 0x01, 0xFE, 0x00, 0xFE, 0x00, 0xFE, 0x00, 0xFE,
    0x00, 0xFF, 0x00, 0xFE, 0x00, 0x7F, 0x80, 0xFE, 0x00, 0x3F, 0x80, 0xFE, 0x00, 0x3F, 0xC0, 0xFE, 0x00, 0x1F, 0xE0, 0xFE, 0x00, 0x1F, 0xE0, 0xFE,
    0x00, 0x0F, 0xF0, 0xFE, 0x00, 0x07, 0xF8, 0xFE, 0x00, 0x07, 0xFC, 0x00, 0x3F, 0xF8, 0x00, 0x00, 0xFF, 0xFF, 0x00, 0x03, 0xFF, 0xFF, 0xC0, 0x07,
    0xFF, 0xFF, 0xF0, 0x0F, 0xFF, 0xFF, 0xF8, 0x1F, 0xFF, 0xFF, 0xF0, 0x1F, 0xF0, 0x0F, 0xE0, 0x3F, 0xC0, 0x03, 0xC0, 0x3F, 0xC0, 0x00, 0x80, 0x3F,
    0x80, 0x00, 0x00, 0x3F, 0x80, 0x00, 0x00, 0x3F, 0xC0, 0x00, 0x00, 0x3F, 0xE0, 0x00, 0x00, 0x1F, 0xFC, 0x00, 0x00, 0x1F, 0xFF, 0x80, 0x00, 0x0F,
    0xFF, 0xF0, 0x00, 0x07, 0xFF, 0xFC, 0x00, 0x03, 0xFF, 0xFF, 0x00, 0x00, 0xFF, 0xFF, 0xC0, 0x00, 0x3F, 0xFF, 0xE0, 0x00, 0x07, 0xFF, 0xF0, 0x00,
    0x00, 0xFF, 0xF8, 0x00, 0x00, 0x3F, 0xF8, 0x00, 0x00, 0x0F, 0xF8, 0x00, 0x00, 0x03, 0xFC, 0x00, 0x00, 0x03, 0xFC, 0x08, 0x00, 0x03, 0xFC, 0x0C,
    0x00, 0x03, 0xFC, 0x1F, 0x00, 0x03, 0xF8, 0x3F, 0xC0, 0x0F, 0xF8, 0x7F, 0xFF, 0xFF, 0xF0, 0xFF, 0xFF, 0xFF, 0xF0, 0x3F, 0xFF, 0xFF, 0xE0, 0x0F,
    0xFF, 0xFF, 0xC0, 0x07, 0xFF, 0xFF, 0x00, 0x00, 0xFF, 0xFC, 0x00, 0x00, 0x03, 0x00, 0x00, 0xFF, 0xFF, 0xFF, 0xFE, 0xFF, 0xFF, 0xFF, 0xFE, 0xFF,
    0xFF, 0xFF, 0xFE, 0xFF, 0xFF, 0xFF, 0xFE, 0xFF, 0xFF, 0xFF, 0xFE, 0xFF, 0xFF, 0xFF, 0xFE, 0x00, 0x0F, 0xF0, 0x00, 0x00, 0x0F, 0xF0, 0x00, 0x00,
    0x0F, 0xF0, 0x00, 0x00, 0x0F, 0xF0, 0x00, 0x00, 0x0F, 0xF0, 0x00, 0x00, 0x0F, 0xF0, 0x00, 0x00, 0x0F, 0xF0, 0x00, 0x00, 0x0F, 0xF0, 0x00, 0x00,
    0x0F, 0xF0, 0x00, 0x00, 0x0F, 0xF0, 0x00, 0x00, 0x0F, 0xF0, 0x00, 0x00, 0x0F, 0xF0, 0x00, 0x00, 0x0F, 0xF0, 0x00, 0x00, 0x0F, 0xF0, 0x00, 0x00,
    0x0F, 0xF0, 0x00, 0x00, 0x0F, 0xF0, 0x00, 0x00, 0x0F, 0xF0, 0x00, 0x00, 0x0F, 0xF0, 0x00, 0x00, 0x0F, 0xF0, 0x00, 0x00, 0x0F, 0xF0, 0x00, 0x00,
    0x0F, 0xF0, 0x00, 0x00, 0x0F, 0xF0, 0x00, 0x00, 0x0F, 0xF0, 0x00, 0x00, 0x0F, 0xF0, 0x00, 0x00, 0x0F, 0xF0, 0x00, 0x00, 0x0F, 0xF0, 0x00, 0x00,
    0x0F, 0xF0, 0x00, 0x00, 0x0F, 0xF0, 0x00, 0x00, 0x0F, 0xF0, 0x00, 0x00, 0x0F, 0xF0, 0x00, 0xFE, 0x00, 0x01, 0xFC, 0xFE, 0x00, 0x01, 0xFC, 0xFE,
    0x00, 0x01, 0xFC, 0xFE, 0x00, 0x01, 0xFC, 0xFE, 0x00, 0x01, 0xFC, 0xFE, 0x00, 0x01, 0xFC, 0xFE, 0x00, 0x01, 0xFC, 0xFE, 0x00, 0x01, 0xFC, 0xFE,
    0x00, 0x01, 0xFC, 0xFE, 0x00, 0x01, 0xFC, 0xFE, 0x00, 0x01, 0xFC, 0xFE, 0x00, 0x01, 0xFC, 0xFE, 0x00, 0x01, 0xFC, 0xFE, 0x00, 0x01, 0xFC, 0xFE,
    0x00, 0x01, 0xFC, 0xFE, 0x00, 0x01, 0xFC, 0xFE, 0x00, 0x01, 0xFC, 0xFE, 0x00, 0x01, 0xFC, 0xFE, 0x00, 0x01, 0xFC, 0xFE, 0x00, 0x01, 0xFC, 0xFE,
    0x00, 0x01, 0xFC, 0xFE, 0x00, 0x01, 0xFC, 0xFE, 0x00, 0x01, 0xFC, 0xFE, 0x00, 0x01, 0xFC, 0xFE, 0x00, 0x01, 0xFC, 0xFF, 0x00, 0x01, 0xFC, 0x7F,
    0x00, 0x03, 0xFC, 0x7F, 0x80, 0x03, 0xF8, 0x7F, 0x80, 0x07, 0xF8, 0x3F, 0xE0, 0x1F, 0xF8, 0x3F, 0xFF, 0xFF, 0xF0, 0x1F, 0xFF, 0xFF, 0xE0, 0x0F,
    0xFF, 0xFF, 0xC0, 0x07, 0xFF, 0xFF, 0x80, 0x03, 0xFF, 0xFF, 0x00, 0x00, 0xFF, 0xFC, 0x00, 0x00, 0x03, 0x00, 0x00, 0xFF, 0x00, 0x00, 0x3F, 0xC0,
    0x7F, 0x00, 0x00, 0x3F, 0x80, 0x7F, 0x80, 0x00, 0x3F, 0x80, 0x7F, 0x80, 0x00, 0x7F, 0x80, 0x3F, 0x80, 0x00, 0x7F, 0x00, 0x3F, 0x80, 0x00, 0x7F,
    0x00, 0x3F, 0xC0, 0x00, 0xFF, 0x00, 0x1F, 0xC0, 0x00, 0xFE, 0x00, 0x1F, 0xC0, 0x00, 0xFE, 0x00, 0x0F, 0xE0, 0x00, 0xFC, 0x00, 0x0F, 0xE0, 0x01,
    0xFC, 0x00, 0x0F, 0xE0, 0x01, 0xFC, 0x00, 0x07, 0xF0, 0x01, 0xF8, 0x00, 0x07, 0xF0, 0x03, 0xF8, 0x00, 0x07, 0xF0, 0x03, 0xF8, 0x00, 0x03, 0xF8,
    0x03, 0xF0, 0x00, 0x03, 0xF8, 0x07, 0xF0, 0x00, 0x03, 0xF8, 0x07, 0xF0, 0x00, 0x01, 0xFC, 0x07, 0xE0, 0x00, 0x01, 0xFC, 0x0F, 0xE0, 0x00, 0x01,
    0xFC, 0x0F, 0xE0, 0x00, 0x00, 0xFE, 0x0F, 0xC0, 0x00, 0x00, 0xFE, 0x1F, 0xC0, 0x00, 0x00, 0xFE, 0x1F, 0xC0, 0x00, 0x00, 0x7E, 0x1F, 0x80, 0x00,
    0x00, 0x7F, 0x3F, 0x80, 0x00, 0x00, 0x7F, 0x3F, 0x80, 0x00, 0x00, 0x3F, 0x3F, 0x00, 0x00, 0x00, 0x3F, 0xBF, 0x00, 0x00, 0x00, 0x3F, 0xFE, 0x00,
    0x00, 0x00, 0x1F, 0xFE, 0x00, 0x00, 0x00, 0x1F, 0xFE, 0x00, 0x00, 0x00, 0x0F, 0xFC, 0x00, 0x00, 0x00, 0x0F, 0xFC, 0x00, 0x00, 0x00, 0x0F, 0xFC,
    0x00, 0x00, 0x00, 0x07, 0xF8, 0x00, 0x00, 0xFF, 0x00, 0x07, 0xE0, 0x00, 0x7E, 0x7F, 0x00, 0x07, 0xF0, 0x00, 0xFE, 0x7F, 0x00, 0x07, 0xF0, 0x00,
    0xFE, 0x7F, 0x00, 0x0F, 0xF0, 0x00, 0xFE, 0x7F, 0x80, 0x0F, 0xF0, 0x00, 0xFE, 0x3F, 0x80, 0x0F, 0xF8, 0x00, 0xFC, 0x3F, 0x80, 0x0F, 0xF8, 0x01,
    0xFC, 0x3F, 0x80, 0x1F, 0xF8, 0x01, 0xFC, 0x3F, 0x80, 0x1F, 0xF8, 0x01, 0xFC, 0x1F, 0xC0, 0x1F, 0xFC, 0x01, 0xF8, 0x1F, 0xC0, 0x3F, 0xFC, 0x01,
    0xF8, 0x1F, 0xC0, 0x3F, 0xFC, 0x03, 0xF8, 0x1F, 0xC0, 0x3E, 0x7E, 0x03, 0xF8, 0x0F, 0xC0, 0x3E, 0x7E, 0x03, 0xF8, 0x0F, 0xE0, 0x7E, 0x7E, 0x03,
    0xF0, 0x0F, 0xE0, 0x7E, 0x7E, 0x07, 0xF0, 0x0F, 0xE0, 0x7E, 0x7F, 0x07, 0xF0, 0x0F, 0xE0, 0x7C, 0x3F, 0x07, 0xF0, 0x07, 0xE0, 0xFC, 0x3F, 0x07,
    0xE0, 0x07, 0xF0, 0xFC, 0x3F, 0x07, 0xE0, 0x07, 0xF0, 0xF8, 0x1F, 0x87, 0xE0, 0x07, 0xF0, 0xF8, 0x1F, 0x8F, 0xE0, 0x03, 0xF1, 0xF8, 0x1F, 0x8F,
    0xE0, 0x03, 0xF1, 0xF8, 0x1F, 0x8F, 0xC0, 0x03, 0xF9, 0xF0, 0x0F, 0xCF, 0xC0, 0x03, 0xF9, 0xF0, 0x0F, 0xCF, 0xC0, 0x01, 0xFB, 0xF0, 0x0F, 0xDF,
    0xC0, 0x01, 0xFB, 0xF0, 0x0F, 0xDF, 0x80, 0x01, 0xFB, 0xE0, 0x07, 0xFF, 0x80, 0x01, 0xFF, 0xE0, 0x07, 0xFF, 0x80, 0x01, 0xFF, 0xE0, 0x07, 0xFF,
    0x80, 0x00, 0xFF, 0xE0, 0x07, 0xFF, 0x80, 0x00, 0xFF, 0xC0, 0x03, 0xFF, 0x00, 0x00, 0xFF, 0xC0, 0x03, 0xFF, 0x00, 0x00, 0xFF, 0xC0, 0x03, 0xFF,
    0x00, 0x00, 0x7F, 0xC0, 0x03, 0xFF, 0x00, 0x7F, 0x80, 0x01, 0xFE, 0x3F, 0x80, 0x01, 0xFC, 0x3F, 0xC0, 0x03, 0xFC, 0x1F, 0xE0, 0x03, 0xF8, 0x1F,
    0xE0, 0x07, 0xF8, 0x0F, 0xF0, 0x07, 0xF0, 0x07, 0xF0, 0x0F, 0xE0, 0x07, 0xF8, 0x0F, 0xE0, 0x03, 0xF8, 0x1F, 0xC0, 0x01, 0xFC, 0x3F, 0x80, 0x01,
    0xFE, 0x3F, 0x80, 0x00, 0xFE, 0x7F, 0x00, 0x00, 0xFF, 0x7F, 0x00, 0x00, 0x7F, 0xFE, 0x00, 0x00, 0x3F, 0xFC, 0x00, 0x00, 0x3F, 0xFC, 0x00, 0x00,
    0x1F, 0xF8, 0x00, 0x00, 0x1F, 0xF8, 0x00, 0x00, 0x1F, 0xF8, 0x00, 0x00, 0x1F, 0xF8, 0x00, 0x00, 0x3F, 0xFC, 0x00, 0x00, 0x7F, 0xFE, 0x00, 0x00,
    0x7F, 0xFE, 0x00, 0x00, 0xFE, 0xFF, 0x00, 0x01, 0xFC, 0x7F, 0x80, 0x01, 0xFC, 0x3F, 0x80, 0x03, 0xF8, 0x3F, 0xC0, 0x07, 0xF8, 0x1F, 0xC0, 0x07,
    0xF0, 0x1F, 0xE0, 0x0F, 0xF0, 0x0F, 0xF0, 0x0F, 0xE0, 0x07, 0xF0, 0x1F, 0xC0, 0x07, 0xF8, 0x3F, 0xC0, 0x03, 0xFC, 0x3F, 0x80, 0x03, 0xFC, 0x7F,
    0x80, 0x01, 0xFE, 0xFF, 0x00, 0x01, 0xFF, 0xFF, 0x00, 0x00, 0xFF, 0x7F, 0x00, 0x00, 0xFE, 0x7F, 0x80, 0x01, 0xFE, 0x3F, 0x80, 0x01, 0xFC, 0x1F,
    0xC0, 0x03, 0xF8, 0x1F, 0xC0, 0x03, 0xF8, 0x0F, 0xE0, 0x07, 0xF0, 0x0F, 0xF0, 0x07, 0xF0, 0x07, 0xF0, 0x0F, 0xE0, 0x07, 0xF0, 0x0F, 0xE0, 0x03,
    0xF8, 0x1F, 0xC0, 0x03, 0xF8, 0x1F, 0xC0, 0x01, 0xFC, 0x3F, 0x80, 0x01, 0xFC, 0x3F, 0x80, 0x00, 0xFE, 0x7F, 0x00, 0x00, 0x7E, 0x7F, 0x00, 0x00,
    0x7F, 0xFE, 0x00, 0x00, 0x3F, 0xFC, 0x00, 0x00, 0x3F, 0xFC, 0x00, 0x00, 0x1F, 0xF8, 0x00, 0x00, 0x1F, 0xF8, 0x00, 0x00, 0x0F, 0xF0, 0x00, 0x00,
    0x0F, 0xF0, 0x00, 0x00, 0x0F, 0xF0, 0x00, 0x00, 0x0F, 0xF0, 0x00, 0x00, 0x0F, 0xF0, 0x00, 0x00, 0x0F, 0xF0, 0x00, 0x00, 0x0F, 0xF0, 0x00, 0x00,
    0x0F, 0xF0, 0x00, 0x00, 0x0F, 0xF0, 0x00, 0x00, 0x0F, 0xF0, 0x00, 0x00, 0x0F, 0xF0, 0x00, 0x00, 0x0F, 0xF0, 0x00, 0x00, 0x0F, 0xF0, 0x00, 0x00,
    0x0F, 0xF0, 0x00, 0x00, 0x0F, 0xF0, 0x00, 0x7F, 0xFF, 0xFF, 0xF0, 0x7F, 0xFF, 0xFF, 0xF0, 0x7F, 0xFF, 0xFF, 0xF0, 0x7F, 0xFF, 0xFF, 0xF0, 0x7F,
    0xFF, 0xFF, 0xF0, 0x7F, 0xFF, 0xFF, 0xE0, 0x00, 0x00, 0x1F, 0xC0, 0x00, 0x00, 0x3F, 0xC0, 0x00, 0x00, 0x7F, 0x80, 0x00, 0x00, 0xFF, 0x00, 0x00,
    0x00, 0xFF, 0x00, 0x00, 0x01, 0xFE, 0x00, 0x00, 0x03, 0xFC, 0x00, 0x00, 0x07, 0xF8, 0x00, 0x00, 0x07, 0xF8, 0x00, 0x00, 0x0F, 0xF0, 0x00, 0x00,
    0x1F, 0xE0, 0x00, 0x00, 0x3F, 0xC0, 0x00, 0x00, 0x3F, 0xC0, 0x00, 0x00, 0x7F, 0x80, 0x00, 0x00, 0xFF, 0x00, 0x00, 0x00, 0xFE, 0x00, 0x00, 0x01,
    0xFE, 0x00, 0x00, 0x03, 0xFC, 0x00, 0x00, 0x07, 0xF8, 0x00, 0x00, 0x07, 0xF0, 0x00, 0x00, 0x0F, 0xF0, 0x00, 0x00, 0x1F, 0xE0, 0x00, 0x00, 0x3F,
    0xC0, 0x00, 0x00, 0x3F, 0x80, 0x00, 0x00, 0x7F, 0xFF, 0xFF, 0xF0, 0xFF, 0xFF, 0xFF, 0xF0, 0xFF, 0xFF, 0xFF, 0xF0, 0xFF, 0xFF, 0xFF, 0xF0, 0xFF,
    0xFF, 0xFF, 0xF0, 0xFF, 0xFF, 0xFF, 0xF0, 0xFF, 0xF8, 0xFF, 0xF8, 0xFF, 0xF8, 0xFF, 0xF8, 0xF8, 0x00, 0xF8, 0x00, 0xF8, 0x00, 0xF8, 0x00, 0xF8,
    0x00, 0xF8, 0x00, 0xF8, 0x00, 0xF8, 0x00, 0xF8, 0x00, 0xF8, 0x00, 0xF8, 0x00, 0xF8, 0x00, 0xF8, 0x00, 0xF8, 0x00, 0xF8, 0x00, 0xF8, 0x00, 0xF8,
    0x00, 0xF8, 0x00, 0xF8, 0x00, 0xF8, 0x00, 0xF8, 0x00, 0xF8, 0x00, 0xF8, 0x00, 0xF8, 0x00, 0xF8, 0x00, 0xF8, 0x00, 0xF8, 0x00, 0xF8, 0x00, 0xF8,
    0x00, 0xF8, 0x00, 0xF8, 0x00, 0xF8, 0x00, 0xF8, 0x00, 0xF8, 0x00, 0xF8, 0x00, 0xF8, 0x00, 0xF8, 0x00, 0xF8, 0x00, 0xFF, 0xF8, 0xFF, 0xF8, 0xFF,
    0xF8, 0x40, 0x00, 0x00, 0x00, 0x00, 0x00, 0xE0, 0x00, 0x00, 0x00, 0x00, 0x00, 0x70, 0x00, 0x00, 0x00, 0x00, 0x00, 0x38, 0x00, 0x00, 0x00, 0x00,
    0x00, 0x1C, 0x00, 0x00, 0x00, 0x00, 0x00, 0x0E, 0x00, 0x00, 0x00, 0x00, 0x00, 0x07, 0x00, 0x00, 0x00, 0x00, 0x00, 0x03, 0x80, 0x00, 0x00, 0x00,
    0x00, 0x01, 0xC0, 0x00, 0x00, 0x00, 0x00, 0x00, 0xE0, 0x00, 0x00, 0x00, 0x00, 0x00, 0x70, 0x00, 0x00, 0x00, 0x00, 0x00, 0x38, 0x00, 0x00, 0x00,
    0x00, 0x00, 0x1C, 0x00, 0x00, 0x00, 0x00, 0x00, 0x0E, 0x00, 0x00, 0x00, 0x00, 0x00, 0x07, 0x00, 0x00, 0x00, 0x00, 0x00, 0x03, 0x80, 0x00, 0x00,
    0x00, 0x00, 0x01, 0xC0, 0x00, 0x00, 0x00, 0x00, 0x00, 0xE0, 0x00, 0x00, 0x00, 0x00, 0x00, 0x70, 0x00, 0x00, 0x00, 0x00, 0x00, 0x38, 0x00, 0x00,
    0x00, 0x00, 0x00, 0x1C, 0x00, 0x00, 0x00, 0x00, 0x00, 0x0E, 0x00, 0x00, 0x00, 0x00, 0x00, 0x07, 0x00, 0x00, 0x00, 0x00, 0x00, 0x03, 0x80, 0x00,
    0x00, 0x00, 0x00, 0x01, 0xC0, 0x00, 0x00, 0x00, 0x00, 0x00, 0xE0, 0x00, 0x00, 0x00, 0x00, 0x00, 0x70, 0x00, 0x00, 0x00, 0x00, 0x00, 0x38, 0x00,
    0x00, 0x00, 0x00, 0x00, 0x1C, 0x00, 0x00, 0x00, 0x00, 0x00, 0x0E, 0x00, 0x00, 0x00, 0x00, 0x00, 0x07, 0x00, 0x00, 0x00, 0x00, 0x00, 0x03, 0x80,
    0x00, 0x00, 0x00, 0x00, 0x01, 0xC0, 0x00, 0x00, 0x00, 0x00, 0x00, 0xE0, 0x00, 0x00, 0x00, 0x00, 0x00, 0x70, 0x00, 0x00, 0x00, 0x00, 0x00, 0x38,
    0x00, 0x00, 0x00, 0x00, 0x00, 0x1C, 0x00, 0x00, 0x00, 0x00, 0x00, 0x0E, 0x00, 0x00, 0x00, 0x00, 0x00, 0x07, 0x00, 0x00, 0x00, 0x00, 0x00, 0x03,
    0x80, 0x00, 0x00, 0x00, 0x00, 0x01, 0xC0, 0x00, 0x00, 0x00, 0x00, 0x00, 0xE0, 0x00, 0x00, 0x00, 0x00, 0x00, 0x70, 0x00, 0x00, 0x00, 0x00, 0x00,
    0x3C, 0x00, 0x00, 0x00, 0x00, 0x00, 0x18, 0xFF, 0xF8, 0xFF, 0xF8, 0xFF, 0xF8, 0xFF, 0xF8, 0x00, 0xF8, 0x00, 0xF8, 0x00, 0xF8, 0x00, 0xF8, 0x00,
    0xF8, 0x00, 0xF8, 0x00, 0xF8, 0x00, 0xF8, 0x00, 0xF8, 0x00, 0xF8, 0x00, 0xF8, 0x00, 0xF8, 0x00, 0xF8, 0x00, 0xF8, 0x00, 0xF8, 0x00, 0xF8, 0x00,
    0xF8, 0x00, 0xF8, 0x00, 0xF8, 0x00, 0xF8, 0x00, 0xF8, 0x00, 0xF8, 0x00, 0xF8, 0x00, 0xF8, 0x00, 0xF8, 0x00, 0xF8, 0x00, 0xF8, 0x00, 0xF8, 0x00,
    0xF8, 0x00, 0xF8, 0x00, 0xF8, 0x00, 0xF8, 0x00, 0xF8, 0x00, 0xF8, 0x00, 0xF8, 0x00, 0xF8, 0x00, 0xF8, 0x00, 0xF8, 0xFF, 0xF8, 0xFF, 0xF8, 0xFF,
    0xF8, 0x03, 0xE0, 0x00, 0x07, 0xF0, 0x00, 0x0F, 0xF8, 0x00, 0x1F, 0x7C, 0x00, 0x3E, 0x3E, 0x00, 0x3E, 0x3F, 0x00, 0xFC, 0x1F, 0x80, 0xFF, 0xFF,
    0xFF, 0xFF, 0xFF, 0xFF, 0xFF, 0xFF, 0xFF, 0xFF, 0xFF, 0xFF, 0xFF, 0xFF, 0xFF, 0xFF, 0xFF, 0xFF, 0xFF, 0x00, 0x7F, 0x80, 0x1F, 0xC0, 0x0F, 0xC0,
    0x07, 0xE0, 0x03, 0xF0, 0x01, 0xF8, 0x00, 0x0E, 0x00, 0x00, 0x01, 0xFF, 0xF0, 0x00, 0x0F, 0xFF, 0xF8, 0x00, 0x3F, 0xFF, 0xFE, 0x00, 0x7F, 0xFF,
    0xFE, 0x00, 0x3F, 0xFF, 0xFF, 0x00, 0x1F, 0x81, 0xFF, 0x80, 0x1C, 0x00, 0x7F, 0x80, 0x08, 0x00, 0x3F, 0x80, 0x00, 0x00, 0x3F, 0x80, 0x00, 0x00,
    0x3F, 0x80, 0x00, 0x0F, 0xFF, 0xC0, 0x01, 0xFF, 0xFF, 0xC0, 0x07, 0xFF, 0xFF, 0xC0, 0x1F, 0xFF, 0xFF, 0xC0, 0x3F, 0xFC, 0x3F, 0xC0, 0x7F, 0xC0,
    0x3F, 0xC0, 0x7F, 0x00, 0x3F, 0xC0, 0xFE, 0x00, 0x3F, 0xC0, 0xFE, 0x00, 0x3F, 0xC0, 0xFE, 0x00, 0x3F, 0xC0, 0xFE, 0x00, 0x7F, 0xC0, 0xFF, 0x01,
    0xFF, 0xC0, 0x7F, 0xFF, 0xFF, 0xC0, 0x7F, 0xFF, 0xFF, 0xC0, 0x3F, 0xFF, 0xDF, 0xC0, 0x1F, 0xFF, 0x0F, 0xC0, 0x0F, 0xFC, 0x0F, 0xC0, 0x00, 0xC0,
    0x00, 0x00, 0xFE, 0x00, 0x00, 0x00, 0xFE, 0x00, 0x00, 0x00, 0xFE, 0x00, 0x00, 0x00, 0xFE, 0x00, 0x00, 0x00, 0xFE, 0x00, 0x00, 0x00, 0xFE, 0x00,
    0x00, 0x00, 0xFE, 0x00, 0x00, 0x00, 0xFE, 0x00, 0x00, 0x00, 0xFE, 0x00, 0x00, 0x00, 0xFE, 0x00, 0x00, 0x00, 0xFE, 0x01, 0x00, 0x00, 0xFE, 0x1F,
    0xF8, 0x00, 0xFE, 0x7F, 0xFE, 0x00, 0xFF, 0xFF, 0xFF, 0x00, 0xFF, 0xFF, 0xFF, 0x80, 0xFF, 0xFF, 0xFF, 0x80, 0xFF, 0xF0, 0xFF, 0xC0, 0xFF, 0x80,
    0x3F, 0xC0, 0xFF, 0x00, 0x1F, 0xE0, 0xFE, 0x00, 0x1F, 0xE0, 0xFE, 0x00, 0x0F, 0xE0, 0xFE, 0x00, 0x0F, 0xE0, 0xFE, 0x00, 0x0F, 0xE0, 0xFE, 0x00,
    0x0F, 0xE0, 0xFE, 0x00, 0x0F, 0xE0, 0xFE, 0x00, 0x0F, 0xE0, 0xFE, 0x00, 0x0F, 0xE0, 0xFE, 0x00, 0x0F, 0xE0, 0xFE, 0x00, 0x1F, 0xE0, 0xFE, 0x00,
    0x1F, 0xE0, 0xFE, 0x00, 0x3F, 0xC0, 0xFF, 0x00, 0x7F, 0xC0, 0xFF, 0xE1, 0xFF, 0x80, 0xFF, 0xFF, 0xFF, 0x80, 0xFF, 0xFF, 0xFF, 0x00, 0xFD, 0xFF,
    0xFE, 0x00, 0xFC, 0xFF, 0xFC, 0x00, 0xFC, 0x3F, 0xF0, 0x00, 0x00, 0x03, 0x80, 0x00, 0x00, 0x01, 0x00, 0x00, 0x00, 0x3F, 0xFC, 0x00, 0x01, 0xFF,
    0xFF, 0x00, 0x03, 0xFF, 0xFF, 0x80, 0x07, 0xFF, 0xFF, 0xC0, 0x0F, 0xFF, 0xFF, 0x80, 0x1F, 0xFC, 0x3F, 0x00, 0x3F, 0xE0, 0x06, 0x00, 0x3F, 0xC0,
    0x02, 0x00, 0x7F, 0x80, 0x00, 0x00, 0x7F, 0x80, 0x00, 0x00, 0x7F, 0x00, 0x00, 0x00, 0x7F, 0x00, 0x00, 0x00, 0xFF, 0x00, 0x00, 0x00, 0xFF, 0x00,
    0x00, 0x00, 0xFF, 0x00, 0x00, 0x00, 0x7F, 0x00, 0x00, 0x00, 0x7F, 0x00, 0x00, 0x00, 0x7F, 0x80, 0x00, 0x00, 0x7F, 0x80, 0x00, 0x00, 0x3F, 0xC0,
    0x01, 0x00, 0x3F, 0xE0, 0x07, 0x00, 0x1F, 0xFC, 0x3F, 0x80, 0x1F, 0xFF, 0xFF, 0xC0, 0x0F, 0xFF, 0xFF, 0xC0, 0x07, 0xFF, 0xFF, 0x80, 0x01, 0xFF,
    0xFF, 0x00, 0x00, 0x7F, 0xF8, 0x00, 0x00, 0x01, 0x00, 0x00, 0x00, 0x00, 0x0F, 0xE0, 0x00, 0x00, 0x0F, 0xE0, 0x00, 0x00, 0x0F, 0xE0, 0x00, 0x00,
    0x0F, 0xE0, 0x00, 0x00, 0x0F, 0xE0, 0x00, 0x00, 0x0F, 0xE0, 0x00, 0x00, 0x0F, 0xE0, 0x00, 0x00, 0x0F, 0xE0, 0x00, 0x00, 0x0F, 0xE0, 0x00, 0x00,
    0x0F, 0xE0, 0x00, 0x18, 0x0F, 0xE0, 0x01, 0xFF, 0x8F, 0xE0, 0x07, 0xFF, 0xEF, 0xE0, 0x0F, 0xFF, 0xFF, 0xE0, 0x1F, 0xFF, 0xFF, 0xE0, 0x3F, 0xFF,
    0xFF, 0xE0, 0x3F, 0xF0, 0xFF, 0xE0, 0x7F, 0xC0, 0x1F, 0xE0, 0x7F, 0x80, 0x0F, 0xE0, 0xFF, 0x00, 0x0F, 0xE0, 0xFE, 0x00, 0x0F, 0xE0, 0xFE, 0x00,
    0x0F, 0xE0, 0xFE, 0x00, 0x0F, 0xE0, 0xFE, 0x00, 0x0F, 0xE0, 0xFE, 0x00, 0x0F, 0xE0, 0xFE, 0x00, 0x0F, 0xE0, 0xFE, 0x00, 0x0F, 0xE0, 0xFE, 0x00,
    0x0F, 0xE0, 0xFE, 0x00, 0x0F, 0xE0, 0xFF, 0x00, 0x0F, 0xE0, 0xFF, 0x80, 0x1F, 0xE0, 0x7F, 0xC0, 0x3F, 0xE0, 0x7F, 0xF0, 0xFF, 0xE0, 0x3F, 0xFF,
    0xFF, 0xE0, 0x1F, 0xFF, 0xFF, 0xE0, 0x0F, 0xFF, 0xF7, 0xE0, 0x07, 0xFF, 0xE7, 0xE0, 0x03, 0xFF, 0x87, 0xE0, 0x00, 0x1C, 0x00, 0x00, 0x00, 0x02,
    0x00, 0x00, 0x00, 0x7F, 0xF8, 0x00, 0x01, 0xFF, 0xFE, 0x00, 0x03, 0xFF, 0xFF, 0x00, 0x0F, 0xFF, 0xFF, 0x80, 0x0F, 0xFF, 0xFF, 0xC0, 0x1F, 0xF0,
    0x3F, 0xC0, 0x3F, 0xC0, 0x0F, 0xE0, 0x3F, 0x80, 0x07, 0xE0, 0x7F, 0x00, 0x07, 0xE0, 0x7F, 0x00, 0x07, 0xF0, 0x7F, 0x00, 0x07, 0xF0, 0xFF, 0xFF,
    0xFF, 0xF0, 0xFF, 0xFF, 0xFF, 0xF0, 0xFF, 0xFF, 0xFF, 0xF0, 0xFF, 0xFF, 0xFF, 0xF0, 0xFF, 0xFF, 0xFF, 0xF0, 0x7F, 0x00, 0x00, 0x00, 0x7F, 0x00,
    0x00, 0x00, 0x7F, 0x80, 0x00, 0x00, 0x3F, 0x80, 0x00, 0x00, 0x3F, 0xC0, 0x00, 0x80, 0x1F, 0xF8, 0x07, 0x80, 0x1F, 0xFF, 0xFF, 0xC0, 0x0F, 0xFF,
    0xFF, 0xC0, 0x03, 0xFF, 0xFF, 0xE0, 0x01, 0xFF, 0xFF, 0x80, 0x00, 0x7F, 0xFE, 0x00, 0x00, 0x01, 0x80, 0x00, 0x00, 0x00, 0xFF, 0x00, 0x00, 0x07,
    0xFF, 0xE0, 0x00, 0x1F, 0xFF, 0xE0, 0x00, 0x3F, 0xFF, 0xE0, 0x00, 0x7F, 0xFF, 0xE0, 0x00, 0x7F, 0xFF, 0xC0, 0x00, 0xFF, 0x80, 0x40, 0x00, 0xFF,
    0x00, 0x00, 0x00, 0xFE, 0x00, 0x00, 0x00, 0xFE, 0x00, 0x00, 0x00, 0xFE, 0x00, 0x00, 0x00, 0xFE, 0x00, 0x00, 0xFF, 0xFF, 0xFF, 0x80, 0xFF, 0xFF,
    0xFF, 0x80, 0xFF, 0xFF, 0xFF, 0x80, 0xFF, 0xFF, 0xFF, 0x80, 0xFF, 0xFF, 0xFF, 0x80, 0xFF, 0xFF, 0xFF, 0x80, 0x00, 0xFE, 0x00, 0x00, 0x00, 0xFE,
    0x00, 0x00, 0x00, 0xFE, 0x00, 0x00, 0x00, 0xFE, 0x00, 0x00, 0x00, 0xFE, 0x00, 0x00, 0x00, 0xFE, 0x00, 0x00, 0x00, 0xFE, 0x00, 0x00, 0x00, 0xFE,
    0x00, 0x00, 0x00, 0xFE, 0x00, 0x00, 0x00, 0xFE, 0x00, 0x00, 0x00, 0xFE, 0x00, 0x00, 0x00, 0xFE, 0x00, 0x00, 0x00, 0xFE, 0x00, 0x00, 0x00, 0xFE,
    0x00, 0x00, 0x00, 0xFE, 0x00, 0x00, 0x00, 0xFE, 0x00, 0x00, 0x00, 0xFE, 0x00, 0x00, 0x00, 0xFE, 0x00, 0x00, 0x00, 0xFE, 0x00, 0x00, 0x00, 0xFE,
    0x00, 0x00, 0x00, 0xFE, 0x00, 0x00, 0x00, 0x0E, 0x00, 0x00, 0x00, 0xFF, 0xFF, 0xF8, 0x03, 0xFF, 0xFF, 0xF8, 0x0F, 0xFF, 0xFF, 0xF8, 0x1F, 0xFF,
    0xFF, 0xF8, 0x1F, 0xE1, 0xFF, 0xF8, 0x3F, 0xC0, 0x7E, 0x00, 0x3F, 0x80, 0x3F, 0x00, 0x3F, 0x00, 0x3F, 0x00, 0x7F, 0x00, 0x3F, 0x80, 0x3F, 0x00,
    0x3F, 0x80, 0x3F, 0x00, 0x3F, 0x80, 0x3F, 0x80, 0x3F, 0x00, 0x3F, 0x80, 0x7F, 0x00, 0x1F, 0xE0, 0xFF, 0x00, 0x1F, 0xFF, 0xFE, 0x00, 0x0F, 0xFF,
    0xFC, 0x00, 0x07, 0xFF, 0xF8, 0x00, 0x0F, 0xFF, 0xE0, 0x00, 0x1F, 0x00, 0x00, 0x00, 0x3F, 0x00, 0x00, 0x00, 0x3E, 0x00, 0x00, 0x00, 0x3F, 0x00,
    0x00, 0x00, 0x3F, 0xFF, 0xE0, 0x00, 0x3F, 0xFF, 0xFF, 0x80, 0x1F, 0xFF, 0xFF, 0xE0, 0x0F, 0xFF, 0xFF, 0xF0, 0x0F, 0xFF, 0xFF, 0xF0, 0x3F, 0xFF,
    0xFF, 0xF8, 0x7E, 0x00, 0x07, 0xF8, 0x7C, 0x00, 0x03, 0xF8, 0xFC, 0x00, 0x03, 0xF8, 0xFC, 0x00, 0x03, 0xF0, 0xFE, 0x00, 0x07, 0xF0, 0x7F, 0x80,
    0x1F, 0xE0, 0x7F, 0xFF, 0xFF, 0xC0, 0x3F, 0xFF, 0xFF, 0x80, 0x1F, 0xFF, 0xFE, 0x00, 0x07, 0xFF, 0xF8, 0x00, 0x00, 0x7F, 0x80, 0x00, 0xFE, 0x00,
    0x00, 0x00, 0xFE, 0x00, 0x00, 0x00, 0xFE, 0x00, 0x00, 0x00, 0xFE, 0x00, 0x00, 0x00, 0xFE, 0x00, 0x00, 0x00, 0xFE, 0x00, 0x00, 0x00, 0xFE, 0x00,
    0x00, 0x00, 0xFE, 0x00, 0x00, 0x00, 0xFE, 0x00, 0x00, 0x00, 0xFE, 0x00, 0x00, 0x00, 0xFE, 0x00, 0xC0, 0x00, 0xFE, 0x0F, 0xFC, 0x00, 0xFE, 0x3F,
    0xFE, 0x00, 0xFE, 0xFF, 0xFF, 0x00, 0xFF, 0xFF, 0xFF, 0x80, 0xFF, 0xFF, 0xFF, 0x80, 0xFF, 0xFF, 0xFF, 0x80, 0xFF, 0xC0, 0x7F, 0xC0, 0xFF, 0x80,
    0x3F, 0xC0, 0xFE, 0x00, 0x1F, 0xC0, 0xFE, 0x00, 0x1F, 0xC0, 0xFE, 0x00, 0x1F, 0xC0, 0xFE, 0x00, 0x1F, 0xC0, 0xFE, 0x00, 0x1F, 0xC0, 0xFE, 0x00,
    0x1F, 0xC0, 0xFE, 0x00, 0x1F, 0xC0, 0xFE, 0x00, 0x1F, 0xC0, 0xFE, 0x00, 0x1F, 0xC0, 0xFE, 0x00, 0x1F, 0xC0, 0xFE, 0x00, 0x1F, 0xC0, 0xFE, 0x00,
    0x1F, 0xC0, 0xFE, 0x00, 0x1F, 0xC0, 0xFE, 0x00, 0x1F, 0xC0, 0xFE, 0x00, 0x1F, 0xC0, 0xFE, 0x00, 0x1F, 0xC0, 0xFE, 0x00, 0x1F, 0xC0, 0xFE, 0x00,
    0x1F, 0xC0, 0xFE, 0x00, 0x1F, 0xC0, 0x0C, 0x00, 0x3F, 0x00, 0x7F, 0x80, 0x7F, 0x80, 0xFF, 0xC0, 0x7F, 0x80, 0x7F, 0x80, 0x3F, 0x00, 0x0C, 0x00,
    0x00, 0x00, 0x00, 0x00, 0x00, 0x00, 0x00, 0x00, 0x3F, 0x80, 0x3F, 0x80, 0x3F, 0x80, 0x3F, 0x80, 0x3F, 0x80, 0x3F, 0x80, 0x3F, 0x80, 0x3F, 0x80,
    0x3F, 0x80, 0x3F, 0x80, 0x3F, 0x80, 0x3F, 0x80, 0x3F, 0x80, 0x3F, 0x80, 0x3F, 0x80, 0x3F, 0x80, 0x3F, 0x80, 0x3F, 0x80, 0x3F, 0x80, 0x3F, 0x80,
    0x3F, 0x80, 0x3F, 0x80, 0x3F, 0x80, 0x3F, 0x80, 0x3F, 0x80, 0x3F, 0x80, 0x3F, 0x80, 0x00, 0x00, 0xC0, 0x00, 0x03, 0xF0, 0x00, 0x07, 0xF8, 0x00,
    0x0F, 0xF8, 0x00, 0x0F, 0xF8, 0x00, 0x0F, 0xF8, 0x00, 0x07, 0xF8, 0x00, 0x03, 0xF0, 0x00, 0x00, 0xC0, 0x00, 0x00, 0x00, 0x00, 0x00, 0x00, 0x00,
    0x00, 0x00, 0x00, 0x00, 0x00, 0x00, 0x07, 0xF8, 0x00, 0x07, 0xF8, 0x00, 0x07, 0xF8, 0x00, 0x07, 0xF8, 0x00, 0x07, 0xF8, 0x00, 0x07, 0xF8, 0x00,
    0x07, 0xF8, 0x00, 0x07, 0xF8, 0x00, 0x07, 0xF8, 0x00, 0x07, 0xF8, 0x00, 0x07, 0xF8, 0x00, 0x07, 0xF8, 0x00, 0x07, 0xF8, 0x00, 0x07, 0xF8, 0x00,
    0x07, 0xF8, 0x00, 0x07, 0xF8, 0x00, 0x07, 0xF8, 0x00, 0x07, 0xF8, 0x00, 0x07, 0xF8, 0x00, 0x07, 0xF8, 0x00, 0x07, 0xF8, 0x00, 0x07, 0xF8, 0x00,
    0x07, 0xF8, 0x00, 0x07, 0xF8, 0x00, 0x07, 0xF8, 0x00, 0x07, 0xF8, 0x00, 0x07, 0xF8, 0x00, 0x07, 0xF0, 0x00, 0x07, 0xF0, 0x00, 0x07, 0xF0, 0x00,
    0x07, 0xF0, 0x20, 0x0F, 0xF0, 0x3F, 0xFF, 0xE0, 0x7F, 0xFF, 0xE0, 0x7F, 0xFF, 0xC0, 0xFF, 0xFF, 0x80, 0x7F, 0xFF, 0x00, 0x0F, 0xF8, 0x00, 0xFE,
    0x00, 0x00, 0x00, 0xFE, 0x00, 0x00, 0x00, 0xFE, 0x00, 0x00, 0x00, 0xFE, 0x00, 0x00, 0x00, 0xFE, 0x00, 0x00, 0x00, 0xFE, 0x00, 0x00, 0x00, 0xFE,
    0x00, 0x00, 0x00, 0xFE, 0x00, 0x00, 0x00, 0xFE, 0x00, 0x00, 0x00, 0xFE, 0x00, 0x00, 0x00, 0xFE, 0x00, 0x00, 0x00, 0xFE, 0x00, 0x3F, 0xC0, 0xFE,
    0x00, 0x7F, 0x80, 0xFE, 0x00, 0xFF, 0x00, 0xFE, 0x01, 0xFE, 0x00, 0xFE, 0x03, 0xFC, 0x00, 0xFE, 0x07, 0xF8, 0x00, 0xFE, 0x0F, 0xF0, 0x00, 0xFE,
    0x1F, 0xE0, 0x00, 0xFE, 0x3F, 0xC0, 0x00, 0xFE, 0x7F, 0x80, 0x00, 0xFE, 0xFF, 0x00, 0x00, 0xFE, 0xFF, 0x00, 0x00, 0xFF, 0xFF, 0x80, 0x00, 0xFF,
    0xFF, 0x80, 0x00, 0xFF, 0xFF, 0xC0, 0x00, 0xFF, 0xFF, 0xE0, 0x00, 0xFF, 0xEF, 0xF0, 0x00, 0xFF, 0xC7, 0xF0, 0x00, 0xFF, 0x87, 0xF8, 0x00, 0xFF,
    0x03, 0xFC, 0x00, 0xFE, 0x01, 0xFE, 0x00, 0xFE, 0x00, 0xFE, 0x00, 0xFE, 0x00, 0xFF, 0x00, 0xFE, 0x00, 0x7F, 0x80, 0xFE, 0x00, 0x3F, 0xC0, 0xFE,
    0x00, 0x3F, 0xC0, 0xFE, 0x00, 0x1F, 0xE0, 0xFF, 0x00, 0x00, 0xFF, 0x00, 0x00, 0xFF, 0x00, 0x00, 0xFF, 0x00, 0x00, 0xFF, 0x00, 0x00, 0xFF, 0x00,
    0x00, 0xFF, 0x00, 0x00, 0xFF, 0x00, 0x00, 0xFF, 0x00, 0x00, 0xFF, 0x00, 0x00, 0xFF, 0x00, 0x00, 0xFF, 0x00, 0x00, 0xFF, 0x00, 0x00, 0xFF, 0x00,
    0x00, 0xFF, 0x00, 0x00, 0xFF, 0x00, 0x00, 0xFF, 0x00, 0x00, 0xFF, 0x00, 0x00, 0xFF, 0x00, 0x00, 0xFF, 0x00, 0x00, 0xFF, 0x00, 0x00, 0xFF, 0x00,
    0x00, 0xFF, 0x00, 0x00, 0xFF, 0x00, 0x00, 0xFF, 0x00, 0x00, 0xFF, 0x00, 0x00, 0xFF, 0x00, 0x00, 0xFF, 0x00, 0x00, 0xFF, 0x00, 0x00, 0xFF, 0x00,
    0x00, 0x7F, 0x00, 0x00, 0x7F, 0x80, 0x00, 0x7F, 0xC1, 0x80, 0x3F, 0xFF, 0x80, 0x3F, 0xFF, 0x80, 0x1F, 0xFF, 0xC0, 0x0F, 0xFF, 0xC0, 0x07, 0xFF,
    0x80, 0x00, 0x68, 0x00, 0x00, 0x00, 0xC0, 0x00, 0x20, 0x00, 0xFC, 0x0F, 0xF8, 0x03, 0xFF, 0x00, 0xFC, 0x3F, 0xFE, 0x0F, 0xFF, 0x80, 0xFE, 0xFF,
    0xFF, 0x1F, 0xFF, 0xC0, 0xFF, 0xFF, 0xFF, 0x3F, 0xFF, 0xC0, 0xFF, 0xFF, 0xFF, 0xFF, 0xFF, 0xE0, 0xFF, 0xFF, 0xFF, 0xFF, 0xFF, 0xE0, 0xFF, 0xC0,
    0x7F, 0xF0, 0x1F, 0xE0, 0xFF, 0x80, 0x3F, 0xE0, 0x0F, 0xF0, 0xFE, 0x00, 0x3F, 0xC0, 0x0F, 0xF0, 0xFE, 0x00, 0x3F, 0xC0, 0x07, 0xF0, 0xFE, 0x00,
    0x1F, 0xC0, 0x07, 0xF0, 0xFE, 0x00, 0x1F, 0xC0, 0x07, 0xF0, 0xFE, 0x00, 0x1F, 0xC0, 0x07, 0xF0, 0xFE, 0x00, 0x1F, 0xC0, 0x07, 0xF0, 0xFE, 0x00,
    0x1F, 0xC0, 0x07, 0xF0, 0xFE, 0x00, 0x1F, 0xC0, 0x07, 0xF0, 0xFE, 0x00, 0x1F, 0xC0, 0x07, 0xF0, 0xFE, 0x00, 0x1F, 0xC0, 0x07, 0xF0, 0xFE, 0x00,
    0x1F, 0xC0, 0x07, 0xF0, 0xFE, 0x00, 0x1F, 0xC0, 0x07, 0xF0, 0xFE, 0x00, 0x1F, 0xC0, 0x07, 0xF0, 0xFE, 0x00, 0x1F, 0xC0, 0x07, 0xF0, 0xFE, 0x00,
    0x1F, 0xC0, 0x07, 0xF0, 0xFE, 0x00, 0x1F, 0xC0, 0x07, 0xF0, 0xFE, 0x00, 0x1F, 0xC0, 0x07, 0xF0, 0xFE, 0x00, 0x1F, 0xC0, 0x07, 0xF0, 0xFE, 0x00,
    0x1F, 0xC0, 0x07, 0xF0, 0x00, 0x00, 0xC0, 0x00, 0xFC, 0x0F, 0xFC, 0x00, 0xFC, 0x3F, 0xFE, 0x00, 0xFC, 0xFF, 0xFF, 0x00, 0xFD, 0xFF, 0xFF, 0x80,
    0xFF, 0xFF, 0xFF, 0x80, 0xFF, 0xFF, 0xFF, 0xC0, 0xFF, 0xC0, 0x7F, 0xC0, 0xFF, 0x00, 0x3F, 0xC0, 0xFE, 0x00, 0x1F, 0xC0, 0xFE, 0x00, 0x1F, 0xC0,
    0xFE, 0x00, 0x1F, 0xC0, 0xFE, 0x00, 0x1F, 0xC0, 0xFE, 0x00, 0x1F, 0xC0, 0xFE, 0x00, 0x1F, 0xC0, 0xFE, 0x00, 0x1F, 0xC0, 0xFE, 0x00, 0x1F, 0xC0,
    0xFE, 0x00, 0x1F, 0xC0, 0xFE, 0x00, 0x1F, 0xC0, 0xFE, 0x00, 0x1F, 0xC0, 0xFE, 0x00, 0x1F, 0xC0, 0xFE, 0x00, 0x1F, 0xC0, 0xFE, 0x00, 0x1F, 0xC0,
    0xFE, 0x00, 0x1F, 0xC0, 0xFE, 0x00, 0x1F, 0xC0, 0xFE, 0x00, 0x1F, 0xC0, 0xFE, 0x00, 0x1F, 0xC0, 0xFE, 0x00, 0x1F, 0xC0, 0x00, 0x06, 0x00, 0x00,
    0x00, 0xFF, 0xF0, 0x00, 0x03, 0xFF, 0xFC, 0x00, 0x07, 0xFF, 0xFE, 0x00, 0x0F, 0xFF, 0xFF, 0x00, 0x1F, 0xFF, 0xFF, 0x80, 0x3F, 0xF0, 0xFF, 0xC0,
    0x7F, 0xC0, 0x3F, 0xE0, 0x7F, 0x80, 0x1F, 0xE0, 0x7F, 0x00, 0x0F, 0xE0, 0xFF, 0x00, 0x0F, 0xF0, 0xFE, 0x00, 0x07, 0xF0, 0xFE, 0x00, 0x07, 0xF0,
    0xFE, 0x00, 0x07, 0xF0, 0xFE, 0x00, 0x07, 0xF0, 0xFE, 0x00, 0x07, 0xF0, 0xFE, 0x00, 0x07, 0xF0, 0xFE, 0x00, 0x07, 0xF0, 0xFF, 0x00, 0x0F, 0xF0,
    0x7F, 0x00, 0x0F, 0xE0, 0x7F, 0x80, 0x1F, 0xE0, 0x7F, 0xC0, 0x3F, 0xE0, 0x3F, 0xF0, 0xFF, 0xC0, 0x1F, 0xFF, 0xFF, 0x80, 0x0F, 0xFF, 0xFF, 0x00,
    0x07, 0xFF, 0xFE, 0x00, 0x03, 0xFF, 0xFC, 0x00, 0x00, 0xFF, 0xF0, 0x00, 0x00, 0x06, 0x00, 0x00, 0x00, 0x01, 0x80, 0x00, 0xFC, 0x1F, 0xF8, 0x00,
    0xFC, 0x7F, 0xFE, 0x00, 0xFD, 0xFF, 0xFF, 0x00, 0xFF, 0xFF, 0xFF, 0x80, 0xFF, 0xFF, 0xFF, 0x80, 0xFF, 0xF0, 0xFF, 0xC0, 0xFF, 0x80, 0x3F, 0xC0,
    0xFF, 0x00, 0x1F, 0xE0, 0xFE, 0x00, 0x1F, 0xE0, 0xFE, 0x00, 0x0F, 0xE0, 0xFE, 0x00, 0x0F, 0xE0, 0xFE, 0x00, 0x0F, 0xE0, 0xFE, 0x00, 0x0F, 0xE0,
    0xFE, 0x00, 0x0F, 0xE0, 0xFE, 0x00, 0x0F, 0xE0, 0xFE, 0x00, 0x0F, 0xE0, 0xFE, 0x00, 0x0F, 0xE0, 0xFE, 0x00, 0x1F, 0xE0, 0xFE, 0x00, 0x1F, 0xE0,
    0xFE, 0x00, 0x3F, 0xC0, 0xFF, 0x00, 0x7F, 0xC0, 0xFF, 0xF1, 0xFF, 0x80, 0xFF, 0xFF, 0xFF, 0x80, 0xFF, 0xFF, 0xFF, 0x00, 0xFF, 0xFF, 0xFE, 0x00,
    0xFE, 0xFF, 0xFC, 0x00, 0xFE, 0x3F, 0xF0, 0x00, 0xFE, 0x03, 0x80, 0x00, 0xFE, 0x00, 0x00, 0x00, 0xFE, 0x00, 0x00, 0x00, 0xFE, 0x00, 0x00, 0x00,
    0xFE, 0x00, 0x00, 0x00, 0xFE, 0x00, 0x00, 0x00, 0xFE, 0x00, 0x00, 0x00, 0xFE, 0x00, 0x00, 0x00, 0xFE, 0x00, 0x00, 0x00, 0xFE, 0x00, 0x00, 0x00,
    0x00, 0x08, 0x00, 0x00, 0x01, 0xFF, 0x87, 0xE0, 0x07, 0xFF, 0xE7, 0xE0, 0x0F, 0xFF, 0xF7, 0xE0, 0x1F, 0xFF, 0xFF, 0xE0, 0x3F, 0xFF, 0xFF, 0xE0,
    0x3F, 0xF1, 0xFF, 0xE0, 0x7F, 0xC0, 0x1F, 0xE0, 0x7F, 0x80, 0x0F, 0xE0, 0xFF, 0x00, 0x0F, 0xE0, 0xFF, 0x00, 0x0F, 0xE0, 0xFE, 0x00, 0x0F, 0xE0,
    0xFE, 0x00, 0x0F, 0xE0, 0xFE, 0x00, 0x0F, 0xE0, 0xFE, 0x00, 0x0F, 0xE0, 0xFE, 0x00, 0x0F, 0xE0, 0xFE, 0x00, 0x0F, 0xE0, 0xFE, 0x00, 0x0F, 0xE0,
    0xFE, 0x00, 0x0F, 0xE0, 0xFF, 0x00, 0x0F, 0xE0, 0xFF, 0x80, 0x1F, 0xE0, 0x7F, 0xC0, 0x3F, 0xE0, 0x7F, 0xF0, 0xFF, 0xE0, 0x3F, 0xFF, 0xFF, 0xE0,
    0x1F, 0xFF, 0xFF, 0xE0, 0x1F, 0xFF, 0xFF, 0xE0, 0x07, 0xFF, 0xEF, 0xE0, 0x03, 0xFF, 0x8F, 0xE0, 0x00, 0x18, 0x0F, 0xE0, 0x00, 0x00, 0x0F, 0xE0,
    0x00, 0x00, 0x0F, 0xE0, 0x00, 0x00, 0x0F, 0xE0, 0x00, 0x00, 0x0F, 0xE0, 0x00, 0x00, 0x0F, 0xE0, 0x00, 0x00, 0x0F, 0xE0, 0x00, 0x00, 0x0F, 0xE0,
    0x00, 0x00, 0x0F, 0xE0, 0x00, 0x00, 0x0F, 0xE0, 0x00, 0x00, 0x30, 0xFC, 0x07, 0xFF, 0xFC, 0x1F, 0xFE, 0xFC, 0x3F, 0xFE, 0xFE, 0x7F, 0xFE, 0xFE,
    0xFF, 0xFC, 0xFF, 0xFF, 0xFC, 0xFF, 0xF8, 0x00, 0xFF, 0xE0, 0x00, 0xFF, 0xC0, 0x00, 0xFF, 0x80, 0x00, 0xFF, 0x80, 0x00, 0xFF, 0x00, 0x00, 0xFE,
    0x00, 0x00, 0xFE, 0x00, 0x00, 0xFE, 0x00, 0x00, 0xFE, 0x00, 0x00, 0xFE, 0x00, 0x00, 0xFE, 0x00, 0x00, 0xFE, 0x00, 0x00, 0xFE, 0x00, 0x00, 0xFE,
    0x00, 0x00, 0xFE, 0x00, 0x00, 0xFE, 0x00, 0x00, 0xFE, 0x00, 0x00, 0xFE, 0x00, 0x00, 0xFE, 0x00, 0x00, 0xFE, 0x00, 0x00, 0x00, 0x0C, 0x00, 0x00,
    0x01, 0xFF, 0xF0, 0x00, 0x07, 0xFF, 0xFC, 0x00, 0x0F, 0xFF, 0xFF, 0x00, 0x1F, 0xFF, 0xFF, 0x80, 0x3F, 0xFF, 0xFF, 0x00, 0x3F, 0x80, 0x3E, 0x00,
    0x7F, 0x80, 0x0C, 0x00, 0x7F, 0x00, 0x00, 0x00, 0x7F, 0x80, 0x00, 0x00, 0x3F, 0xE0, 0x00, 0x00, 0x3F, 0xFC, 0x00, 0x00, 0x1F, 0xFF, 0x80, 0x00,
    0x0F, 0xFF, 0xF0, 0x00, 0x03, 0xFF, 0xFC, 0x00, 0x00, 0xFF, 0xFF, 0x00, 0x00, 0x1F, 0xFF, 0x80, 0x00, 0x01, 0xFF, 0x80, 0x00, 0x00, 0x7F, 0xC0,
    0x00, 0x00, 0x3F, 0xC0, 0x10, 0x00, 0x1F, 0xC0, 0x3C, 0x00, 0x1F, 0xC0, 0x7F, 0x00, 0x3F, 0x80, 0x7F, 0xFF, 0xFF, 0x80, 0xFF, 0xFF, 0xFF, 0x00,
    0x7F, 0xFF, 0xFE, 0x00, 0x1F, 0xFF, 0xFC, 0x00, 0x03, 0xFF, 0xF0, 0x00, 0x00, 0x0C, 0x00, 0x00, 0x00, 0xFC, 0x00, 0x00, 0x00, 0xFC, 0x00, 0x00,
    0x01, 0xFC, 0x00, 0x00, 0x01, 0xFC, 0x00, 0x00, 0x01, 0xFC, 0x00, 0x00, 0x01, 0xFC, 0x00, 0x00, 0x01, 0xFC, 0x00, 0x00, 0xFF, 0xFF, 0xFF, 0xC0,
    0xFF, 0xFF, 0xFF, 0xC0, 0xFF, 0xFF, 0xFF, 0xC0, 0xFF, 0xFF, 0xFF, 0xC0, 0xFF, 0xFF, 0xFF, 0xC0, 0xFF, 0xFF, 0xFF, 0xC0, 0x01, 0xFC, 0x00, 0x00,
    0x01, 0xFC, 0x00, 0x00, 0x01, 0xFC, 0x00, 0x00, 0x01, 0xFC, 0x00, 0x00, 0x01, 0xFC, 0x00, 0x00, 0x01, 0xFC, 0x00, 0x00, 0x01, 0xFC, 0x00, 0x00,
    0x01, 0xFC, 0x00, 0x00, 0x01, 0xFC, 0x00, 0x00, 0x01, 0xFC, 0x00, 0x00, 0x01, 0xFC, 0x00, 0x00, 0x01, 0xFC, 0x00, 0x00, 0x01, 0xFC, 0x00, 0x00,
    0x01, 0xFC, 0x00, 0x00, 0x01, 0xFE, 0x00, 0x00, 0x01, 0xFF, 0x81, 0x80, 0x00, 0xFF, 0xFF, 0xC0, 0x00, 0xFF, 0xFF, 0xC0, 0x00, 0x7F, 0xFF, 0xC0,
    0x00, 0x3F, 0xFF, 0xE0, 0x00, 0x0F, 0xFF, 0x80, 0x00, 0x00, 0x60, 0x00, 0xFE, 0x00, 0x1F, 0xC0, 0xFE, 0x00, 0x1F, 0xC0, 0xFE, 0x00, 0x1F, 0xC0,
    0xFE, 0x00, 0x1F, 0xC0, 0xFE, 0x00, 0x1F, 0xC0, 0xFE, 0x00, 0x1F, 0xC0, 0xFE, 0x00, 0x1F, 0xC0, 0xFE, 0x00, 0x1F, 0xC0, 0xFE, 0x00, 0x1F, 0xC0,
    0xFE, 0x00, 0x1F, 0xC0, 0xFE, 0x00, 0x1F, 0xC0, 0xFE, 0x00, 0x1F, 0xC0, 0xFE, 0x00, 0x1F, 0xC0, 0xFE, 0x00, 0x1F, 0xC0, 0xFE, 0x00, 0x1F, 0xC0,
    0xFE, 0x00, 0x1F, 0xC0, 0xFE, 0x00, 0x1F, 0xC0, 0xFE, 0x00, 0x1F, 0xC0, 0xFE, 0x00, 0x3F, 0xC0, 0xFF, 0x00, 0x7F, 0xC0, 0xFF, 0x80, 0xFF, 0xC0,
    0x7F, 0xFF, 0xFF, 0xC0, 0x7F, 0xFF, 0xFF, 0xC0, 0x7F, 0xFF, 0xFF, 0xC0, 0x3F, 0xFF, 0xCF, 0xC0, 0x1F, 0xFF, 0x0F, 0xC0, 0x0F, 0xFC, 0x0F, 0xC0,
    0x00, 0xC0, 0x00, 0x00, 0xFE, 0x00, 0x07, 0xF0, 0xFE, 0x00, 0x07, 0xF0, 0x7F, 0x00, 0x07, 0xE0, 0x7F, 0x00, 0x0F, 0xE0, 0x7F, 0x00, 0x0F, 0xE0,
    0x3F, 0x80, 0x0F, 0xC0, 0x3F, 0x80, 0x1F, 0xC0, 0x3F, 0x80, 0x1F, 0xC0, 0x1F, 0xC0, 0x1F, 0x80, 0x1F, 0xC0, 0x3F, 0x80, 0x0F, 0xC0, 0x3F, 0x00,
    0x0F, 0xE0, 0x3F, 0x00, 0x0F, 0xE0, 0x7F, 0x00, 0x07, 0xE0, 0x7E, 0x00, 0x07, 0xF0, 0x7E, 0x00, 0x03, 0xF0, 0xFE, 0x00, 0x03, 0xF0, 0xFC, 0x00,
    0x03, 0xF8, 0xFC, 0x00, 0x01, 0xF9, 0xF8, 0x00, 0x01, 0xF9, 0xF8, 0x00, 0x00, 0xFD, 0xF8, 0x00, 0x00, 0xFF, 0xF0, 0x00, 0x00, 0xFF, 0xF0, 0x00,
    0x00, 0x7F, 0xF0, 0x00, 0x00, 0x7F, 0xE0, 0x00, 0x00, 0x3F, 0xE0, 0x00, 0x00, 0x3F, 0xC0, 0x00, 0xFF, 0x00, 0x1F, 0x80, 0x07, 0xE0, 0x7F, 0x00,
    0x1F, 0xC0, 0x07, 0xE0, 0x7F, 0x00, 0x3F, 0xC0, 0x0F, 0xE0, 0x7F, 0x00, 0x3F, 0xC0, 0x0F, 0xE0, 0x3F, 0x80, 0x3F, 0xE0, 0x0F, 0xC0, 0x3F, 0x80,
    0x7F, 0xE0, 0x1F, 0xC0, 0x3F, 0x80, 0x7F, 0xE0, 0x1F, 0xC0, 0x1F, 0x80, 0x7F, 0xE0, 0x1F, 0x80, 0x1F, 0xC0, 0x7F, 0xF0, 0x1F, 0x80, 0x1F, 0xC0,
    0xF9, 0xF0, 0x3F, 0x80, 0x0F, 0xC0, 0xF9, 0xF0, 0x3F, 0x00, 0x0F, 0xE0, 0xF9, 0xF8, 0x3F, 0x00, 0x0F, 0xE0, 0xF1, 0xF8, 0x3F, 0x00, 0x0F, 0xE1,
    0xF0, 0xF8, 0x7F, 0x00, 0x07, 0xE1, 0xF0, 0xF8, 0x7E, 0x00, 0x07, 0xE1, 0xF0, 0xFC, 0x7E, 0x00, 0x07, 0xF3, 0xE0, 0x7C, 0x7E, 0x00, 0x03, 0xF3,
    0xE0, 0x7C, 0xFC, 0x00, 0x03, 0xF3, 0xE0, 0x7E, 0xFC, 0x00, 0x03, 0xF3, 0xE0, 0x7E, 0xFC, 0x00, 0x01, 0xFF, 0xC0, 0x3E, 0xFC, 0x00, 0x01, 0xFF,
    0xC0, 0x3F, 0xF8, 0x00, 0x01, 0xFF, 0xC0, 0x3F, 0xF8, 0x00, 0x01, 0xFF, 0xC0, 0x3F, 0xF8, 0x00, 0x00, 0xFF, 0x80, 0x1F, 0xF0, 0x00, 0x00, 0xFF,
    0x80, 0x1F, 0xF0, 0x00, 0x00, 0xFF, 0x80, 0x1F, 0xF0, 0x00, 0x7F, 0x80, 0x0F, 0xE0, 0x3F, 0x80, 0x1F, 0xC0, 0x3F, 0xC0, 0x3F, 0xC0, 0x1F, 0xE0,
    0x3F, 0x80, 0x0F, 0xE0, 0x7F, 0x00, 0x07, 0xF0, 0x7F, 0x00, 0x07, 0xF8, 0xFE, 0x00, 0x03, 0xF8, 0xFC, 0x00, 0x01, 0xFD, 0xFC, 0x00, 0x01, 0xFF,
    0xF8, 0x00, 0x00, 0xFF, 0xF0, 0x00, 0x00, 0x7F, 0xF0, 0x00, 0x00, 0x7F, 0xE0, 0x00, 0x00, 0x7F, 0xC0, 0x00, 0x00, 0x7F, 0xE0, 0x00, 0x00, 0xFF,
    0xF0, 0x00, 0x01, 0xFF, 0xF0, 0x00, 0x01, 0xFB, 0xF8, 0x00, 0x03, 0xFB, 0xFC, 0x00, 0x07, 0xF1, 0xFC, 0x00, 0x0F, 0xE0, 0xFE, 0x00, 0x0F, 0xE0,
    0xFF, 0x00, 0x1F, 0xC0, 0x7F, 0x80, 0x3F, 0xC0, 0x3F, 0x80, 0x3F, 0x80, 0x3F, 0xC0, 0x7F, 0x00, 0x1F, 0xE0, 0xFF, 0x00, 0x0F, 0xF0, 0xFE, 0x00,
    0x07, 0xF0, 0xFE, 0x00, 0x07, 0xF0, 0x7F, 0x00, 0x07, 0xF0, 0x7F, 0x00, 0x0F, 0xE0, 0x3F, 0x80, 0x0F, 0xE0, 0x3F, 0x80, 0x0F, 0xC0, 0x3F, 0x80,
    0x1F, 0xC0, 0x1F, 0xC0, 0x1F, 0xC0, 0x1F, 0xC0, 0x1F, 0x80, 0x0F, 0xE0, 0x3F, 0x80, 0x0F, 0xE0, 0x3F, 0x00, 0x07, 0xE0, 0x3F, 0x00, 0x07, 0xF0,
    0x7F, 0x00, 0x03, 0xF0, 0x7E, 0x00, 0x03, 0xF8, 0x7E, 0x00, 0x03, 0xF8, 0xFC, 0x00, 0x01, 0xF8, 0xFC, 0x00, 0x01, 0xFC, 0xFC, 0x00, 0x00, 0xFD,
    0xF8, 0x00, 0x00, 0xFD, 0xF8, 0x00, 0x00, 0x7F, 0xF8, 0x00, 0x00, 0x7F, 0xF0, 0x00, 0x00, 0x3F, 0xF0, 0x00, 0x00, 0x3F, 0xE0, 0x00, 0x00, 0x3F,
    0xE0, 0x00, 0x00, 0x1F, 0xE0, 0x00, 0x00, 0x1F, 0xC0, 0x00, 0x00, 0x1F, 0xC0, 0x00, 0x00, 0x1F, 0x80, 0x00, 0x00, 0x3F, 0x80, 0x00, 0x00, 0x7F,
    0x00, 0x00, 0x00, 0xFF, 0x00, 0x00, 0x3F, 0xFE, 0x00, 0x00, 0x3F, 0xFC, 0x00, 0x00, 0x3F, 0xFC, 0x00, 0x00, 0x3F, 0xF8, 0x00, 0x00, 0x7F, 0xE0,
    0x00, 0x00, 0x3F, 0x00, 0x00, 0x00, 0x3F, 0xFF, 0xFF, 0x3F, 0xFF, 0xFF, 0x3F, 0xFF, 0xFF, 0x3F, 0xFF, 0xFF, 0x3F, 0xFF, 0xFE, 0x3F, 0xFF, 0xFC,
    0x00, 0x03, 0xFC, 0x00, 0x07, 0xF8, 0x00, 0x0F, 0xF0, 0x00, 0x1F, 0xE0, 0x00, 0x1F, 0xC0, 0x00, 0x3F, 0xC0, 0x00, 0x7F, 0x80, 0x00, 0xFF, 0x00,
    0x01, 0xFE, 0x00, 0x01, 0xFC, 0x00, 0x03, 0xFC, 0x00, 0x07, 0xF8, 0x00, 0x0F, 0xF0, 0x00, 0x1F, 0xE0, 0x00, 0x1F, 0xC0, 0x00, 0x3F, 0xFF, 0xFF,
    0x7F, 0xFF, 0xFF, 0xFF, 0xFF, 0xFF, 0xFF, 0xFF, 0xFF, 0xFF, 0xFF, 0xFF, 0xFF, 0xFF, 0xFF, 0x01, 0xFC, 0x03, 0xFC, 0x07, 0xFC, 0x0F, 0xFC, 0x0F,
    0xC0, 0x0F, 0x80, 0x0F, 0x80, 0x0F, 0x80, 0x0F, 0x80, 0x0F, 0x80, 0x0F, 0x80, 0x0F, 0x80, 0x0F, 0x80, 0x0F, 0x80, 0x0F, 0x80, 0x0F, 0x80, 0x0F,
    0x80, 0x0F, 0x80, 0x0F, 0x80, 0x1F, 0x80, 0x3F, 0x80, 0xFF, 0x00, 0xFC, 0x00, 0xFE, 0x00, 0xFF, 0x00, 0x1F, 0x80, 0x0F, 0x80, 0x0F, 0x80, 0x0F,
    0x80, 0x0F, 0x80, 0x0F, 0x80, 0x0F, 0x80, 0x0F, 0x80, 0x0F, 0x80, 0x0F, 0x80, 0x0F, 0x80, 0x0F, 0x80, 0x0F, 0x80, 0x0F, 0x80, 0x0F, 0x80, 0x0F,
    0x80, 0x0F, 0xC0, 0x07, 0xFC, 0x07, 0xFC, 0x03, 0xFC, 0x00, 0x3C, 0xC0, 0xC0, 0xC0, 0xC0, 0xC0, 0xC0, 0xC0, 0xC0, 0xC0, 0xC0, 0xC0, 0xC0, 0xC0,
    0xC0, 0xC0, 0xC0, 0xC0, 0xC0, 0xC0, 0xC0, 0xC0, 0xC0, 0xC0, 0xC0, 0xC0, 0xC0, 0xC0, 0xC0, 0xC0, 0xC0, 0xC0, 0xC0, 0xC0, 0xC0, 0xC0, 0xC0, 0xC0,
    0xC0, 0xC0, 0xC0, 0xC0, 0xC0, 0xC0, 0xC0, 0xC0, 0xC0, 0xC0, 0xC0, 0xFE, 0x00, 0xFF, 0x00, 0xFF, 0x80, 0xFF, 0xC0, 0x0F, 0xC0, 0x07, 0xC0, 0x07,
    0xC0, 0x07, 0xC0, 0x07, 0xC0, 0x07, 0xC0, 0x07, 0xC0, 0x07, 0xC0, 0x07, 0xC0, 0x07, 0xC0, 0x07, 0xC0, 0x07, 0xC0, 0x07, 0xC0, 0x07, 0xC0, 0x07,
    0xC0, 0x07, 0xE0, 0x07, 0xF0, 0x03, 0xFC, 0x00, 0xFC, 0x01, 0xFC, 0x03, 0xFC, 0x07, 0xE0, 0x07, 0xC0, 0x07, 0xC0, 0x07, 0xC0, 0x07, 0xC0, 0x07,
    0xC0, 0x07, 0xC0, 0x07, 0xC0, 0x07, 0xC0, 0x07, 0xC0, 0x07, 0xC0, 0x07, 0xC0, 0x07, 0xC0, 0x07, 0xC0, 0x07, 0xC0, 0x07, 0xC0, 0x0F, 0xC0, 0xFF,
    0x80, 0xFF, 0x80, 0xFF, 0x00, 0xF0, 0x00, 0x00, 0x1C, 0x00, 0x00, 0x00, 0x00, 0x00, 0xFF, 0xE0, 0x00, 0x00, 0x00, 0x03, 0xFF, 0xF0, 0x00, 0x00,
    0x00, 0x0F, 0xFF, 0xFC, 0x00, 0x01, 0x00, 0x1F, 0xFF, 0xFE, 0x00, 0x03, 0x80, 0x3F, 0xFF, 0xFF, 0x00, 0x03, 0xE0, 0x3F, 0xF3, 0xFF, 0x80, 0x07,
    0xF0, 0x7F, 0x80, 0x7F, 0xC0, 0x0F, 0xF0, 0xFF, 0x00, 0x3F, 0xF0, 0x3F, 0xE0, 0xFE, 0x00, 0x0F, 0xFF, 0xFF, 0xC0, 0x3C, 0x00, 0x0F, 0xFF, 0xFF,
    0x80, 0x08, 0x00, 0x03, 0xFF, 0xFF, 0x00, 0x00, 0x00, 0x01, 0xFF, 0xFE, 0x00, 0x00, 0x00, 0x00, 0xFF, 0xF8, 0x00, 0x00, 0x00, 0x00, 0x1F, 0xE0,
    0x00, 0xFF, 0x00, 0x00, 0xFF, 0x7F, 0x80, 0x01, 0xFE, 0x7F, 0x80, 0x01, 0xFC, 0x3F, 0xC0, 0x03, 0xFC, 0x1F, 0xC0, 0x03, 0xF8, 0x1F, 0xE0, 0x07,
    0xF8, 0x0F, 0xE0, 0x07, 0xF0, 0x07, 0xF0, 0x0F, 0xE0, 0x07, 0xF0, 0x0F, 0xE0, 0x03, 0xF8, 0x1F, 0xC0, 0x01, 0xF8, 0x1F, 0x80, 0x01, 0xFC, 0x3F,
    0x80, 0x00, 0xFC, 0x3F, 0x00, 0x00, 0xFE, 0x7F, 0x00, 0x00, 0x7E, 0x7E, 0x00, 0x00, 0x3F, 0xFC, 0x00, 0x00, 0x3F, 0xFC, 0x00, 0x1F, 0xFF, 0xFF,
    0xF8, 0x1F, 0xFF, 0xFF, 0xF8, 0x1F, 0xFF, 0xFF, 0xF8, 0x1F, 0xFF, 0xFF, 0xF8, 0x00, 0x0F, 0xF0, 0x00, 0x00, 0x0F, 0xF0, 0x00, 0x00, 0x0F, 0xF0,
    0x00, 0x1F, 0xFF, 0xFF, 0xF8, 0x1F, 0xFF, 0xFF, 0xF8, 0x1F, 0xFF, 0xFF, 0xF8, 0x1F, 0xFF, 0xFF, 0xF8, 0x00, 0x0F, 0xF0, 0x00, 0x00, 0x0F, 0xF0,
    0x00, 0x00, 0x0F, 0xF0, 0x00, 0x00, 0x0F, 0xF0, 0x00, 0x00, 0x0F, 0xF0, 0x00, 0x00, 0x0F, 0xF0, 0x00, 0x00, 0x0F, 0xF0, 0x00,
};
}  // namespace
const Face face48b = {48, 48, 60, 390, kCp48b, kOff48b, kMidx48b, kMet48b, kBlob48b};

}  // namespace fontdata
}  // namespace yat
